{
  "feature_file": "cache/features/stage5/clip_detector_testB.pt",
  "checkpoint": "checkpoints/stage5_6/clip_5pct_seed0_hierarchical/selected.pt",
  "clip_model": "ViT-B/32",
  "feature_dim": 512,
  "candidate_feature_dim": 512,
  "text_feature_dim": 512,
  "representation": {
    "name": "clip",
    "model_ids": {
      "clip": "ViT-B/32"
    },
    "candidate_feature_dim": 512,
    "text_feature_dim": 512,
    "component_normalization": {
      "clip_image": "l2",
      "clip_text": "l2"
    },
    "fusion": "none",
    "encoder_parameters": {
      "clip": {
        "total": 151277313,
        "trainable": 0
      }
    }
  },
  "device": "cuda",
  "batch_size": 128,
  "selection_policy": "cardinality-threshold",
  "membership_threshold": 0.7,
  "count_logit_bias": [
    1.0,
    0.0,
    0.0,
    2.0
  ],
  "config": {
    "match_threshold": 0.5,
    "overlap_metric": "giou",
    "prediction_score_threshold": null,
    "image_f1_threshold": 1.0
  },
  "official": {
    "F1_score": 0.2907302496420345,
    "T_acc": 0.9162423178226514,
    "N_acc": 0.566231542906056
  },
  "diagnostics": {
    "num_samples": 16063,
    "mean_precision": 0.4064354377076162,
    "mean_recall": 0.39234673635314754,
    "mean_f1": 0.39398029661102324,
    "exact_set_accuracy": 0.2907302496420345,
    "cardinality_accuracy": 0.6795119218078814,
    "count_class_accuracy": 0.7130672975160306,
    "count_class_evaluated": 16063,
    "micro_precision": 0.3433884297520661,
    "micro_recall": 0.3117321579292882,
    "micro_f1": 0.3267954578970653,
    "total_tp": 6648,
    "total_fp": 12712,
    "total_fn": 14678,
    "no_target_total": 4673,
    "no_target_accuracy": 0.566231542906056,
    "false_grounding_rate": 0.43376845709394396,
    "single_target_total": 5646,
    "single_target_localization_accuracy": 0.2585901523202267,
    "single_target_exact_accuracy": 0.2290116896918172,
    "multi_target_total": 5744,
    "multi_target_mean_f1": 0.39673378095337664,
    "multi_target_exact_accuracy": 0.12726323119777158
  },
  "by_target_type": {
    "no-target": {
      "num_samples": 4673,
      "mean_precision": 0.566231542906056,
      "mean_recall": 0.566231542906056,
      "mean_f1": 0.566231542906056,
      "exact_set_accuracy": 0.566231542906056,
      "cardinality_accuracy": 0.566231542906056,
      "count_class_accuracy": 0.566231542906056,
      "count_class_evaluated": 4673,
      "micro_precision": 0.0,
      "micro_recall": 0.0,
      "micro_f1": 0.0,
      "total_tp": 0,
      "total_fp": 2273,
      "total_fn": 0
    },
    "single-target": {
      "num_samples": 5646,
      "mean_precision": 0.2436828433108986,
      "mean_recall": 0.2585901523202267,
      "mean_f1": 0.24861258708230005,
      "exact_set_accuracy": 0.2290116896918172,
      "cardinality_accuracy": 0.7626638328019837,
      "count_class_accuracy": 0.7626638328019837,
      "count_class_evaluated": 5646,
      "micro_precision": 0.27910533358822404,
      "micro_recall": 0.2585901523202267,
      "micro_f1": 0.2684563758389262,
      "total_tp": 1460,
      "total_fp": 3771,
      "total_fn": 4186
    },
    "multi-target": {
      "num_samples": 5744,
      "mean_precision": 0.4364100108920794,
      "mean_recall": 0.3823582218037304,
      "mean_f1": 0.39673378095337664,
      "exact_set_accuracy": 0.12726323119777158,
      "cardinality_accuracy": 0.6899373259052924,
      "count_class_accuracy": 0.783774373259053,
      "count_class_evaluated": 5744,
      "micro_precision": 0.4375843454790823,
      "micro_recall": 0.3308673469387755,
      "micro_f1": 0.3768158047646717,
      "total_tp": 5188,
      "total_fp": 6668,
      "total_fn": 10492
    }
  },
  "by_count_group": {
    "0": {
      "num_samples": 4673,
      "mean_precision": 0.566231542906056,
      "mean_recall": 0.566231542906056,
      "mean_f1": 0.566231542906056,
      "exact_set_accuracy": 0.566231542906056,
      "cardinality_accuracy": 0.566231542906056,
      "count_class_accuracy": 0.566231542906056,
      "count_class_evaluated": 4673,
      "micro_precision": 0.0,
      "micro_recall": 0.0,
      "micro_f1": 0.0,
      "total_tp": 0,
      "total_fp": 2273,
      "total_fn": 0
    },
    "1": {
      "num_samples": 5646,
      "mean_precision": 0.2436828433108986,
      "mean_recall": 0.2585901523202267,
      "mean_f1": 0.24861258708230005,
      "exact_set_accuracy": 0.2290116896918172,
      "cardinality_accuracy": 0.7626638328019837,
      "count_class_accuracy": 0.7626638328019837,
      "count_class_evaluated": 5646,
      "micro_precision": 0.27910533358822404,
      "micro_recall": 0.2585901523202267,
      "micro_f1": 0.2684563758389262,
      "total_tp": 1460,
      "total_fp": 3771,
      "total_fn": 4186
    },
    "2": {
      "num_samples": 3957,
      "mean_precision": 0.44820992334259957,
      "mean_recall": 0.4269648723780642,
      "mean_f1": 0.4331660589431637,
      "exact_set_accuracy": 0.170078342178418,
      "cardinality_accuracy": 0.8756633813495072,
      "count_class_accuracy": 0.875410664644933,
      "count_class_evaluated": 3957,
      "micro_precision": 0.4520401337792642,
      "micro_recall": 0.4269648723780642,
      "micro_f1": 0.43914484371953993,
      "total_tp": 3379,
      "total_fp": 4096,
      "total_fn": 4535
    },
    "3+": {
      "num_samples": 1787,
      "mean_precision": 0.41028116166616474,
      "mean_recall": 0.2835845696925711,
      "mean_f1": 0.31606085201907835,
      "exact_set_accuracy": 0.032456631225517625,
      "cardinality_accuracy": 0.2786793508673755,
      "count_class_accuracy": 0.5808617795187465,
      "count_class_evaluated": 1787,
      "micro_precision": 0.412919424788861,
      "micro_recall": 0.23293844965233068,
      "micro_f1": 0.2978513213139047,
      "total_tp": 1809,
      "total_fp": 2572,
      "total_fn": 5957
    }
  },
  "examples": [
    {
      "sample_id": "0000000",
      "image_id": 154,
      "file_name": "COCO_train2014_000000000154.jpg",
      "target_type": "multi-target",
      "expression": "three zebras standing on the savannah.",
      "true_count_class": 3,
      "pred_count_class": 3,
      "gt_candidate_indices": [
        0,
        1,
        2,
        3
      ],
      "pred_candidate_indices": [
        0,
        1,
        3
      ],
      "num_predictions": 3,
      "num_targets": 3,
      "precision": 0.6666666666666666,
      "recall": 0.6666666666666666,
      "f1": 0.6666666666666666,
      "exact": 0.0
    },
    {
      "sample_id": "0000001",
      "image_id": 154,
      "file_name": "COCO_train2014_000000000154.jpg",
      "target_type": "multi-target",
      "expression": "a trio of zebras positioned on the grassland.",
      "true_count_class": 3,
      "pred_count_class": 3,
      "gt_candidate_indices": [
        0,
        1,
        2,
        3
      ],
      "pred_candidate_indices": [
        0,
        1,
        3
      ],
      "num_predictions": 3,
      "num_targets": 3,
      "precision": 0.6666666666666666,
      "recall": 0.6666666666666666,
      "f1": 0.6666666666666666,
      "exact": 0.0
    },
    {
      "sample_id": "0000002",
      "image_id": 154,
      "file_name": "COCO_train2014_000000000154.jpg",
      "target_type": "multi-target",
      "expression": "there are three zebras standing in the prairie.",
      "true_count_class": 3,
      "pred_count_class": 3,
      "gt_candidate_indices": [
        0,
        1,
        2,
        3
      ],
      "pred_candidate_indices": [
        0,
        1,
        3
      ],
      "num_predictions": 3,
      "num_targets": 3,
      "precision": 0.6666666666666666,
      "recall": 0.6666666666666666,
      "f1": 0.6666666666666666,
      "exact": 0.0
    },
    {
      "sample_id": "0000003",
      "image_id": 154,
      "file_name": "COCO_train2014_000000000154.jpg",
      "target_type": "multi-target",
      "expression": "three zebras, all stationary on the grassy plain.",
      "true_count_class": 3,