{
  "feature_file": "cache/features/stage5/clip_detector_testA.pt",
  "checkpoint": "checkpoints/stage5_6/clip_5pct_seed0_hierarchical/selected.pt",
  "clip_model": "ViT-B/32",
  "feature_dim": 512,
  "candidate_feature_dim": 512,
  "text_feature_dim": 512,
  "representation": {
    "name": "clip",
    "model_ids": {
      "clip": "ViT-B/32"
    },
    "candidate_feature_dim": 512,
    "text_feature_dim": 512,
    "component_normalization": {
      "clip_image": "l2",
      "clip_text": "l2"
    },
    "fusion": "none",
    "encoder_parameters": {
      "clip": {
        "total": 151277313,
        "trainable": 0
      }
    }
  },
  "device": "cuda",
  "batch_size": 128,
  "selection_policy": "cardinality-threshold",
  "membership_threshold": 0.85,
  "count_logit_bias": [
    3.5,
    0.0,
    0.0,
    7.0
  ],
  "config": {
    "match_threshold": 0.5,
    "overlap_metric": "giou",
    "prediction_score_threshold": null,
    "image_f1_threshold": 1.0
  },
  "official": {
    "F1_score": 0.3305208333333333,
    "T_acc": 0.8947939262472885,
    "N_acc": 0.633318345323741
  },
  "diagnostics": {
    "num_samples": 19200,
    "mean_precision": 0.495355902777779,
    "mean_recall": 0.4815444871968318,
    "mean_f1": 0.4821334577136497,
    "exact_set_accuracy": 0.3305208333333333,
    "cardinality_accuracy": 0.6885416666666667,
    "count_class_accuracy": 0.7345833333333334,
    "count_class_evaluated": 19200,
    "micro_precision": 0.4779333434789225,
    "micro_recall": 0.4245353159851301,
    "micro_f1": 0.44965457994773955,
    "total_tp": 12562,
    "total_fp": 13722,
    "total_fn": 17028,
    "no_target_total": 4448,
    "no_target_accuracy": 0.633318345323741,
    "false_grounding_rate": 0.366681654676259,
    "single_target_total": 5917,
    "single_target_localization_accuracy": 0.33699509886766943,
    "single_target_exact_accuracy": 0.2922088896400203,
    "multi_target_total": 8835,
    "multi_target_mean_f1": 0.5150872350238187,
    "multi_target_exact_accuracy": 0.2037351443123939
  },
  "by_target_type": {
    "no-target": {
      "num_samples": 4448,
      "mean_precision": 0.633318345323741,
      "mean_recall": 0.633318345323741,
      "mean_f1": 0.633318345323741,
      "exact_set_accuracy": 0.633318345323741,
      "cardinality_accuracy": 0.633318345323741,
      "count_class_accuracy": 0.633318345323741,
      "count_class_evaluated": 4448,
      "micro_precision": 0.0,
      "micro_recall": 0.0,
      "micro_f1": 0.0,
      "total_tp": 0,
      "total_fp": 2072,
      "total_fn": 0
    },
    "single-target": {
      "num_samples": 5917,
      "mean_precision": 0.3118134189623114,
      "mean_recall": 0.33699509886766943,
      "mean_f1": 0.3192777871669209,
      "exact_set_accuracy": 0.2922088896400203,
      "cardinality_accuracy": 0.7251985803616697,
      "count_class_accuracy": 0.7251985803616697,
      "count_class_evaluated": 5917,
      "micro_precision": 0.38053435114503814,
      "micro_recall": 0.33699509886766943,
      "micro_f1": 0.3574437572824236,
      "total_tp": 1994,
      "total_fp": 3246,
      "total_fn": 3923
    },
    "multi-target": {
      "num_samples": 8835,
      "mean_precision": 0.5488209771741172,
      "mean_recall": 0.5019416133762477,
      "mean_f1": 0.5150872350238187,
      "exact_set_accuracy": 0.2037351443123939,
      "cardinality_accuracy": 0.691794001131862,
      "count_class_accuracy": 0.7918505942275043,
      "count_class_evaluated": 8835,
      "micro_precision": 0.5570314147164243,
      "micro_recall": 0.44641574789844973,
      "micro_f1": 0.495626685426193,
      "total_tp": 10568,
      "total_fp": 8404,
      "total_fn": 13105
    }
  },
  "by_count_group": {
    "0": {
      "num_samples": 4448,
      "mean_precision": 0.633318345323741,
      "mean_recall": 0.633318345323741,
      "mean_f1": 0.633318345323741,
      "exact_set_accuracy": 0.633318345323741,
      "cardinality_accuracy": 0.633318345323741,
      "count_class_accuracy": 0.633318345323741,
      "count_class_evaluated": 4448,
      "micro_precision": 0.0,
      "micro_recall": 0.0,
      "micro_f1": 0.0,
      "total_tp": 0,
      "total_fp": 2072,
      "total_fn": 0
    },
    "1": {
      "num_samples": 5917,
      "mean_precision": 0.3118134189623114,
      "mean_recall": 0.33699509886766943,
      "mean_f1": 0.3192777871669209,
      "exact_set_accuracy": 0.2922088896400203,
      "cardinality_accuracy": 0.7251985803616697,
      "count_class_accuracy": 0.7251985803616697,
      "count_class_evaluated": 5917,
      "micro_precision": 0.38053435114503814,
      "micro_recall": 0.33699509886766943,
      "micro_f1": 0.3574437572824236,
      "total_tp": 1994,
      "total_fp": 3246,
      "total_fn": 3923
    },
    "2": {
      "num_samples": 5940,
      "mean_precision": 0.56290684624018,
      "mean_recall": 0.5558080808080809,
      "mean_f1": 0.5547474747474757,
      "exact_set_accuracy": 0.2631313131313131,
      "cardinality_accuracy": 0.8306397306397306,
      "count_class_accuracy": 0.8306397306397306,
      "count_class_evaluated": 5940,
      "micro_precision": 0.5816596194503171,
      "micro_recall": 0.5558080808080809,
      "micro_f1": 0.5684400826446281,
      "total_tp": 6603,
      "total_fp": 4749,
      "total_fn": 5277
    },
    "3+": {
      "num_samples": 2895,
      "mean_precision": 0.5199194012665513,
      "mean_recall": 0.3914176698373596,
      "mean_f1": 0.4337118208757934,
      "exact_set_accuracy": 0.08186528497409326,
      "cardinality_accuracy": 0.4069084628670121,
      "count_class_accuracy": 0.7122625215889464,
      "count_class_evaluated": 2895,
      "micro_precision": 0.5203412073490814,
      "micro_recall": 0.33621639955906046,
      "micro_f1": 0.408489156750631,
      "total_tp": 3965,
      "total_fp": 3655,
      "total_fn": 7828
    }
  },
  "examples": [
    {
      "sample_id": "0000000",
      "image_id": 839,
      "file_name": "COCO_train2014_000000000839.jpg",
      "target_type": "multi-target",
      "expression": "blue shirt and a frisbee",
      "true_count_class": 2,
      "pred_count_class": 2,
      "gt_candidate_indices": [
        0,
        1
      ],
      "pred_candidate_indices": [
        0,
        2
      ],
      "num_predictions": 2,
      "num_targets": 2,
      "precision": 0.5,
      "recall": 0.5,
      "f1": 0.5,
      "exact": 0.0
    },
    {
      "sample_id": "0000001",
      "image_id": 839,
      "file_name": "COCO_train2014_000000000839.jpg",
      "target_type": "multi-target",
      "expression": "blue shirt and frisbee",
      "true_count_class": 2,
      "pred_count_class": 2,
      "gt_candidate_indices": [
        0,
        1
      ],
      "pred_candidate_indices": [
        0,
        2
      ],
      "num_predictions": 2,
      "num_targets": 2,
      "precision": 0.5,
      "recall": 0.5,
      "f1": 0.5,
      "exact": 0.0
    },
    {
      "sample_id": "0000002",
      "image_id": 839,
      "file_name": "COCO_train2014_000000000839.jpg",
      "target_type": "multi-target",
      "expression": "blue shirt and white shirt",
      "true_count_class": 2,
      "pred_count_class": 2,
      "gt_candidate_indices": [
        0,
        2
      ],
      "pred_candidate_indices": [
        0,
        2
      ],
      "num_predictions": 2,
      "num_targets": 2,
      "precision": 1.0,
      "recall": 1.0,
      "f1": 1.0,
      "exact": 1.0
    },
    {
      "sample_id": "0000003",
      "image_id": 839,
      "file_name": "COCO_train2014_000000000839.jpg",
      "target_type": "multi-target",
      "expression": "blue cshirt and falling",
      "true_count_class": 2,
      "pred_count_class": 2,
      "gt_candidate_indices": [
        0,
        2
      ],
      "pred_candidate_indices": [
        0,
        2
      ],
      "num_predictions": 2,
      "num_targets": 2,
      "precision": 1.0,
      "recall": 1.0,
      "f1": 1.0,
      "exact": 1.0
    },
    {
      "sample_id": "0000004",