{
  "feature_file": "cache/features/stage5/clip_detector_testB.pt",
  "checkpoint": "checkpoints/stage5_6/clip_5pct_seed0_hierarchical/selected.pt",
  "clip_model": "ViT-B/32",
  "feature_dim": 512,
  "candidate_feature_dim": 512,
  "text_feature_dim": 512,
  "representation": {
    "name": "clip",
    "model_ids": {
      "clip": "ViT-B/32"
    },
    "candidate_feature_dim": 512,
    "text_feature_dim": 512,
    "component_normalization": {
      "clip_image": "l2",
      "clip_text": "l2"
    },
    "fusion": "none",
    "encoder_parameters": {
      "clip": {
        "total": 151277313,
        "trainable": 0
      }
    }
  },
  "device": "cuda",
  "batch_size": 128,
  "selection_policy": "cardinality-threshold",
  "membership_threshold": 0.85,
  "count_logit_bias": [
    3.5,
    0.0,
    0.0,
    7.0
  ],
  "config": {
    "match_threshold": 0.5,
    "overlap_metric": "giou",
    "prediction_score_threshold": null,
    "image_f1_threshold": 1.0
  },
  "official": {
    "F1_score": 0.3090331818464795,
    "T_acc": 0.8312554872695347,
    "N_acc": 0.6800770383051573
  },
  "diagnostics": {
    "num_samples": 16063,
    "mean_precision": 0.4210400713855857,
    "mean_recall": 0.41554993682709485,
    "mean_f1": 0.4137856350183005,
    "exact_set_accuracy": 0.3090331818464795,
    "cardinality_accuracy": 0.6562285998879412,
    "count_class_accuracy": 0.7008653427130673,
    "count_class_evaluated": 16063,
    "micro_precision": 0.3532713277742142,
    "micro_recall": 0.3099034042952265,
    "micro_f1": 0.33016935604735975,
    "total_tp": 6609,
    "total_fp": 12099,
    "total_fn": 14717,
    "no_target_total": 4673,
    "no_target_accuracy": 0.6800770383051573,
    "false_grounding_rate": 0.3199229616948427,
    "single_target_total": 5646,
    "single_target_localization_accuracy": 0.2240524264966348,
    "single_target_exact_accuracy": 0.18721218561813674,
    "multi_target_total": 5744,
    "multi_target_mean_f1": 0.3976564511314341,
    "multi_target_exact_accuracy": 0.1269150417827298
  },
  "by_target_type": {
    "no-target": {
      "num_samples": 4673,
      "mean_precision": 0.6800770383051573,
      "mean_recall": 0.6800770383051573,
      "mean_f1": 0.6800770383051573,
      "exact_set_accuracy": 0.6800770383051573,
      "cardinality_accuracy": 0.6800770383051573,
      "count_class_accuracy": 0.6800770383051573,
      "count_class_evaluated": 4673,
      "micro_precision": 0.0,
      "micro_recall": 0.0,
      "micro_f1": 0.0,
      "total_tp": 0,
      "total_fp": 1828,
      "total_fn": 0
    },
    "single-target": {
      "num_samples": 5646,
      "mean_precision": 0.20365450466406915,
      "mean_recall": 0.2240524264966348,
      "mean_f1": 0.209794544810485,
      "exact_set_accuracy": 0.18721218561813674,
      "cardinality_accuracy": 0.6092809068366986,
      "count_class_accuracy": 0.6092809068366986,
      "count_class_evaluated": 5646,
      "micro_precision": 0.2774122807017544,
      "micro_recall": 0.2240524264966348,
      "micro_f1": 0.2478933960415442,
      "total_tp": 1265,
      "total_fp": 3295,
      "total_fn": 4381
    },
    "multi-target": {
      "num_samples": 5744,
      "mean_precision": 0.4239786443825445,
      "mean_recall": 0.3885756676973599,
      "mean_f1": 0.3976564511314341,
      "exact_set_accuracy": 0.1269150417827298,
      "cardinality_accuracy": 0.6829735376044568,
      "count_class_accuracy": 0.807799442896936,
      "count_class_evaluated": 5744,
      "micro_precision": 0.43376623376623374,
      "micro_recall": 0.3408163265306122,
      "micro_f1": 0.38171428571428573,
      "total_tp": 5344,
      "total_fp": 6976,
      "total_fn": 10336
    }
  },
  "by_count_group": {
    "0": {
      "num_samples": 4673,
      "mean_precision": 0.6800770383051573,
      "mean_recall": 0.6800770383051573,
      "mean_f1": 0.6800770383051573,
      "exact_set_accuracy": 0.6800770383051573,
      "cardinality_accuracy": 0.6800770383051573,
      "count_class_accuracy": 0.6800770383051573,
      "count_class_evaluated": 4673,
      "micro_precision": 0.0,
      "micro_recall": 0.0,
      "micro_f1": 0.0,
      "total_tp": 0,
      "total_fp": 1828,
      "total_fn": 0
    },
    "1": {
      "num_samples": 5646,
      "mean_precision": 0.20365450466406915,
      "mean_recall": 0.2240524264966348,
      "mean_f1": 0.209794544810485,
      "exact_set_accuracy": 0.18721218561813674,
      "cardinality_accuracy": 0.6092809068366986,
      "count_class_accuracy": 0.6092809068366986,
      "count_class_evaluated": 5646,
      "micro_precision": 0.2774122807017544,
      "micro_recall": 0.2240524264966348,
      "micro_f1": 0.2478933960415442,
      "total_tp": 1265,
      "total_fp": 3295,
      "total_fn": 4381
    },
    "2": {
      "num_samples": 3957,
      "mean_precision": 0.4321455648218343,
      "mean_recall": 0.425195855446045,
      "mean_f1": 0.4245135203436957,
      "exact_set_accuracy": 0.1645185746777862,
      "cardinality_accuracy": 0.8188021228203184,
      "count_class_accuracy": 0.8185494061157442,
      "count_class_evaluated": 3957,
      "micro_precision": 0.4483080202504663,
      "micro_recall": 0.425195855446045,
      "micro_f1": 0.4364461738002594,
      "total_tp": 3365,
      "total_fp": 4141,
      "total_fn": 4549
    },
    "3+": {
      "num_samples": 1787,
      "mean_precision": 0.40589442268233605,
      "mean_recall": 0.30748664535737763,
      "mean_f1": 0.33818615293729576,
      "exact_set_accuracy": 0.04364857302742026,
      "cardinality_accuracy": 0.3822048125349748,
      "count_class_accuracy": 0.7839955232232793,
      "count_class_evaluated": 1787,
      "micro_precision": 0.4110926464478604,
      "micro_recall": 0.2548287406644347,
      "micro_f1": 0.3146263910969793,
      "total_tp": 1979,
      "total_fp": 2835,
      "total_fn": 5787
    }
  },
  "examples": [
    {
      "sample_id": "0000000",
      "image_id": 154,
      "file_name": "COCO_train2014_000000000154.jpg",
      "target_type": "multi-target",
      "expression": "three zebras standing on the savannah.",
      "true_count_class": 3,
      "pred_count_class": 3,
      "gt_candidate_indices": [
        0,
        1,
        2,
        3
      ],
      "pred_candidate_indices": [
        0,
        1,
        3
      ],
      "num_predictions": 3,
      "num_targets": 3,
      "precision": 0.6666666666666666,
      "recall": 0.6666666666666666,
      "f1": 0.6666666666666666,
      "exact": 0.0
    },
    {
      "sample_id": "0000001",
      "image_id": 154,
      "file_name": "COCO_train2014_000000000154.jpg",
      "target_type": "multi-target",
      "expression": "a trio of zebras positioned on the grassland.",
      "true_count_class": 3,
      "pred_count_class": 3,
      "gt_candidate_indices": [
        0,
        1,
        2,
        3
      ],
      "pred_candidate_indices": [
        0,
        1,
        3
      ],
      "num_predictions": 3,
      "num_targets": 3,
      "precision": 0.6666666666666666,
      "recall": 0.6666666666666666,
      "f1": 0.6666666666666666,
      "exact": 0.0
    },
    {
      "sample_id": "0000002",
      "image_id": 154,
      "file_name": "COCO_train2014_000000000154.jpg",
      "target_type": "multi-target",
      "expression": "there are three zebras standing in the prairie.",
      "true_count_class": 3,
      "pred_count_class": 3,
      "gt_candidate_indices": [
        0,
        1,
        2,
        3
      ],
      "pred_candidate_indices": [
        0,
        1,
        3
      ],
      "num_predictions": 3,
      "num_targets": 3,
      "precision": 0.6666666666666666,
      "recall": 0.6666666666666666,
      "f1": 0.6666666666666666,
      "exact": 0.0
    },
    {
      "sample_id": "0000003",
      "image_id": 154,
      "file_name": "COCO_train2014_000000000154.jpg",
      "target_type": "multi-target",
      "expression": "three zebras, all stationary on the grassy plain.",
      "true_count_class": 3,