{
  "feature_file": "cache/features/stage5/clip_detector_testB.pt",
  "checkpoint": "checkpoints/stage5_5/clip_10pct_seed1_hierarchical/selected.pt",
  "clip_model": "ViT-B/32",
  "feature_dim": 512,
  "candidate_feature_dim": 512,
  "text_feature_dim": 512,
  "representation": {
    "name": "clip",
    "model_ids": {
      "clip": "ViT-B/32"
    },
    "candidate_feature_dim": 512,
    "text_feature_dim": 512,
    "component_normalization": {
      "clip_image": "l2",
      "clip_text": "l2"
    },
    "fusion": "none",
    "encoder_parameters": {
      "clip": {
        "total": 151277313,
        "trainable": 0
      }
    }
  },
  "device": "cuda",
  "batch_size": 128,
  "selection_policy": "cardinality-threshold",
  "membership_threshold": 0.7,
  "count_logit_bias": [
    1.0,
    0.0,
    0.0,
    2.0
  ],
  "config": {
    "match_threshold": 0.5,
    "overlap_metric": "giou",
    "prediction_score_threshold": null,
    "image_f1_threshold": 1.0
  },
  "official": {
    "F1_score": 0.3446429683122704,
    "T_acc": 0.8784899034240562,
    "N_acc": 0.6625294243526643
  },
  "diagnostics": {
    "num_samples": 16063,
    "mean_precision": 0.46720464111206833,
    "mean_recall": 0.4510037013834554,
    "mean_f1": 0.45376429923654027,
    "exact_set_accuracy": 0.3446429683122704,
    "cardinality_accuracy": 0.6998692647699682,
    "count_class_accuracy": 0.7275104276909669,
    "count_class_evaluated": 16063,
    "micro_precision": 0.4077049180327869,
    "micro_recall": 0.3498546375316515,
    "micro_f1": 0.37657093827285115,
    "total_tp": 7461,
    "total_fp": 10839,
    "total_fn": 13865,
    "no_target_total": 4673,
    "no_target_accuracy": 0.6625294243526643,
    "false_grounding_rate": 0.33747057564733574,
    "single_target_total": 5646,
    "single_target_localization_accuracy": 0.3018065887353879,
    "single_target_exact_accuracy": 0.2778958554729012,
    "multi_target_total": 5744,
    "multi_target_mean_f1": 0.4412690236716357,
    "multi_target_exact_accuracy": 0.15163649025069637
  },
  "by_target_type": {
    "no-target": {
      "num_samples": 4673,
      "mean_precision": 0.6625294243526643,
      "mean_recall": 0.6625294243526643,
      "mean_f1": 0.6625294243526643,
      "exact_set_accuracy": 0.6625294243526643,
      "cardinality_accuracy": 0.6625294243526643,
      "count_class_accuracy": 0.6625294243526643,
      "count_class_evaluated": 4673,
      "micro_precision": 0.0,
      "micro_recall": 0.0,
      "micro_f1": 0.0,
      "total_tp": 0,
      "total_fp": 1838,
      "total_fn": 0
    },
    "single-target": {
      "num_samples": 5646,
      "mean_precision": 0.2897036249852403,
      "mean_recall": 0.3018065887353879,
      "mean_f1": 0.29368874719565485,
      "exact_set_accuracy": 0.2778958554729012,
      "cardinality_accuracy": 0.7254693588381155,
      "count_class_accuracy": 0.7254693588381155,
      "count_class_evaluated": 5646,
      "micro_precision": 0.3527950310559006,
      "micro_recall": 0.3018065887353879,
      "micro_f1": 0.32531500572737687,
      "total_tp": 1704,
      "total_fp": 3126,
      "total_fn": 3942
    },
    "multi-target": {
      "num_samples": 5744,
      "mean_precision": 0.48277184601610096,
      "mean_recall": 0.42556971715223874,
      "mean_f1": 0.4412690236716357,
      "exact_set_accuracy": 0.15163649025069637,
      "cardinality_accuracy": 0.70508356545961,
      "count_class_accuracy": 0.7823816155988857,
      "count_class_evaluated": 5744,
      "micro_precision": 0.4949277854195323,
      "micro_recall": 0.36715561224489796,
      "micro_f1": 0.42157293497363796,
      "total_tp": 5757,
      "total_fp": 5875,
      "total_fn": 9923
    }
  },
  "by_count_group": {
    "0": {
      "num_samples": 4673,
      "mean_precision": 0.6625294243526643,
      "mean_recall": 0.6625294243526643,
      "mean_f1": 0.6625294243526643,
      "exact_set_accuracy": 0.6625294243526643,
      "cardinality_accuracy": 0.6625294243526643,
      "count_class_accuracy": 0.6625294243526643,
      "count_class_evaluated": 4673,
      "micro_precision": 0.0,
      "micro_recall": 0.0,
      "micro_f1": 0.0,
      "total_tp": 0,
      "total_fp": 1838,
      "total_fn": 0
    },
    "1": {
      "num_samples": 5646,
      "mean_precision": 0.2897036249852403,
      "mean_recall": 0.3018065887353879,
      "mean_f1": 0.29368874719565485,
      "exact_set_accuracy": 0.2778958554729012,
      "cardinality_accuracy": 0.7254693588381155,
      "count_class_accuracy": 0.7254693588381155,
      "count_class_evaluated": 5646,
      "micro_precision": 0.3527950310559006,
      "micro_recall": 0.3018065887353879,
      "micro_f1": 0.32531500572737687,
      "total_tp": 1704,
      "total_fp": 3126,
      "total_fn": 3942
    },
    "2": {
      "num_samples": 3957,
      "mean_precision": 0.4927343947434926,
      "mean_recall": 0.47851908011119537,
      "mean_f1": 0.48242776514194347,
      "exact_set_accuracy": 0.2029315137730604,
      "cardinality_accuracy": 0.9037149355572404,
      "count_class_accuracy": 0.9034622188526662,
      "count_class_evaluated": 3957,
      "micro_precision": 0.5027881040892194,
      "micro_recall": 0.47851908011119537,
      "micro_f1": 0.4903534895765894,
      "total_tp": 3787,
      "total_fp": 3745,
      "total_fn": 4127
    },
    "3+": {
      "num_samples": 1787,
      "mean_precision": 0.460711518475928,
      "mean_recall": 0.30832258272101576,
      "mean_f1": 0.350130165250806,
      "exact_set_accuracy": 0.038052602126468944,
      "cardinality_accuracy": 0.2652490207050923,
      "count_class_accuracy": 0.5142697257974258,
      "count_class_evaluated": 1787,
      "micro_precision": 0.48048780487804876,
      "micro_recall": 0.2536698429049704,
      "micro_f1": 0.33204112590594975,
      "total_tp": 1970,
      "total_fp": 2130,
      "total_fn": 5796
    }
  },
  "examples": [
    {
      "sample_id": "0000000",
      "image_id": 154,
      "file_name": "COCO_train2014_000000000154.jpg",
      "target_type": "multi-target",
      "expression": "three zebras standing on the savannah.",
      "true_count_class": 3,
      "pred_count_class": 3,
      "gt_candidate_indices": [
        0,
        1,
        2,
        3
      ],
      "pred_candidate_indices": [
        0,
        1,
        3
      ],
      "num_predictions": 3,
      "num_targets": 3,
      "precision": 0.6666666666666666,
      "recall": 0.6666666666666666,
      "f1": 0.6666666666666666,
      "exact": 0.0
    },
    {
      "sample_id": "0000001",
      "image_id": 154,
      "file_name": "COCO_train2014_000000000154.jpg",
      "target_type": "multi-target",
      "expression": "a trio of zebras positioned on the grassland.",
      "true_count_class": 3,
      "pred_count_class": 3,
      "gt_candidate_indices": [
        0,
        1,
        2,
        3
      ],
      "pred_candidate_indices": [
        0,
        1,
        3
      ],
      "num_predictions": 3,
      "num_targets": 3,
      "precision": 0.6666666666666666,
      "recall": 0.6666666666666666,
      "f1": 0.6666666666666666,
      "exact": 0.0
    },
    {
      "sample_id": "0000002",
      "image_id": 154,
      "file_name": "COCO_train2014_000000000154.jpg",
      "target_type": "multi-target",
      "expression": "there are three zebras standing in the prairie.",
      "true_count_class": 3,
      "pred_count_class": 3,
      "gt_candidate_indices": [
        0,
        1,
        2,
        3
      ],
      "pred_candidate_indices": [
        0,
        1,
        3
      ],
      "num_predictions": 3,
      "num_targets": 3,
      "precision": 0.6666666666666666,
      "recall": 0.6666666666666666,
      "f1": 0.6666666666666666,
      "exact": 0.0
    },
    {
      "sample_id": "0000003",
      "image_id": 154,
      "file_name": "COCO_train2014_000000000154.jpg",
      "target_type": "multi-target",
      "expression": "three zebras, all stationary on the grassy plain.",
      "true_count_class": 3,