{
  "feature_file": "cache/features/clip_val.pt",
  "checkpoint": "checkpoints/clip_baseline_1pct_weighted_w15/best.pt",
  "clip_model": "ViT-B/32",
  "feature_dim": 512,
  "device": "cpu",
  "batch_size": 64,
  "selection_policy": "cardinality-threshold",
  "membership_threshold": 0.5,
  "config": {
    "match_threshold": 0.5,
    "overlap_metric": "giou",
    "prediction_score_threshold": null,
    "image_f1_threshold": 1.0
  },
  "official": {
    "F1_score": 0.367067257010331,
    "T_acc": 0.9618707738542449,
    "N_acc": 0.3518248175182482
  },
  "diagnostics": {
    "num_samples": 14229,
    "mean_precision": 0.4619087778480568,
    "mean_recall": 0.45097085429153744,
    "mean_f1": 0.4545801833278126,
    "exact_set_accuracy": 0.367067257010331,
    "cardinality_accuracy": 0.5473329116592873,
    "count_class_accuracy": 0.5473329116592873,
    "count_class_evaluated": 14229,
    "micro_precision": 0.39181704484545293,
    "micro_recall": 0.6149172819889709,
    "micro_f1": 0.4786467806475082,
    "total_tp": 6579,
    "total_fp": 10212,
    "total_fn": 4120,
    "no_target_total": 8905,
    "no_target_accuracy": 0.3518248175182482,
    "false_grounding_rate": 0.6481751824817519,
    "single_target_total": 0,
    "single_target_localization_accuracy": 0.0,
    "single_target_exact_accuracy": 0.0,
    "multi_target_total": 5324,
    "multi_target_mean_f1": 0.626450305892453,
    "multi_target_exact_accuracy": 0.3925619834710744
  },
  "by_target_type": {
    "no-target": {
      "num_samples": 8905,
      "mean_precision": 0.3518248175182482,
      "mean_recall": 0.3518248175182482,
      "mean_f1": 0.3518248175182482,
      "exact_set_accuracy": 0.3518248175182482,
      "cardinality_accuracy": 0.3518248175182482,
      "count_class_accuracy": 0.3518248175182482,
      "count_class_evaluated": 8905,
      "micro_precision": 0.0,
      "micro_recall": 0.0,
      "micro_f1": 0.0,
      "total_tp": 0,
      "total_fp": 6999,
      "total_fn": 0
    },
    "single-target": {
      "num_samples": 0,
      "mean_precision": 0.0,
      "mean_recall": 0.0,
      "mean_f1": 0.0,
      "exact_set_accuracy": 0.0,
      "cardinality_accuracy": 0.0,
      "count_class_accuracy": 0.0,
      "count_class_evaluated": 0,
      "micro_precision": 0.0,
      "micro_recall": 0.0,
      "micro_f1": 0.0,
      "total_tp": 0,
      "total_fp": 0,
      "total_fn": 0
    },
    "multi-target": {
      "num_samples": 5324,
      "mean_precision": 0.6460368144252442,
      "mean_recall": 0.6168039605023077,
      "mean_f1": 0.626450305892453,
      "exact_set_accuracy": 0.3925619834710744,
      "cardinality_accuracy": 0.8743425995492111,
      "count_class_accuracy": 0.8743425995492111,
      "count_class_evaluated": 5324,
      "micro_precision": 0.671875,
      "micro_recall": 0.6149172819889709,
      "micro_f1": 0.6421355717144112,
      "total_tp": 6579,
      "total_fp": 3213,
      "total_fn": 4120
    }
  },
  "examples": [
    {
      "sample_id": "0000000",
      "image_id": 716,
      "file_name": "COCO_train2014_000000000716.jpg",
      "target_type": "multi-target",
      "expression": "a mouse beside a laptop and a little boy sitting far from us is looking at a laptop",
      "true_count_class": 2,
      "pred_count_class": 0,
      "gt_candidate_indices": [
        2,
        13
      ],
      "pred_candidate_indices": [],
      "num_predictions": 0,
      "num_targets": 2,
      "precision": 0.0,
      "recall": 0.0,
      "f1": 0.0,
      "exact": 0.0
    },
    {
      "sample_id": "0000001",
      "image_id": 716,
      "file_name": "COCO_train2014_000000000716.jpg",
      "target_type": "no-target",
      "expression": "the little boy sitting near us is wearing pure white top",
      "true_count_class": 0,
      "pred_count_class": 1,
      "gt_candidate_indices": [],
      "pred_candidate_indices": [
        4
      ],
      "num_predictions": 1,
      "num_targets": 0,
      "precision": 0.0,
      "recall": 0.0,
      "f1": 0.0,
      "exact": 0.0
    },
    {
      "sample_id": "0000002",
      "image_id": 716,
      "file_name": "COCO_train2014_000000000716.jpg",
      "target_type": "no-target",
      "expression": "upper clock",
      "true_count_class": 0,
      "pred_count_class": 1,
      "gt_candidate_indices": [],
      "pred_candidate_indices": [
        4
      ],
      "num_predictions": 1,
      "num_targets": 0,
      "precision": 0.0,
      "recall": 0.0,
      "f1": 0.0,
      "exact": 0.0
    },
    {
      "sample_id": "0000003",
      "image_id": 716,
      "file_name": "COCO_train2014_000000000716.jpg",
      "target_type": "no-target",
      "expression": "blue guy",
      "true_count_class": 0,
      "pred_count_class": 1,
      "gt_candidate_indices": [],
      "pred_candidate_indices": [
        4
      ],
      "num_predictions": 1,
      "num_targets": 0,
      "precision": 0.0,
      "recall": 0.0,
      "f1": 0.0,
      "exact": 0.0
    },
    {
      "sample_id": "0000004",
      "image_id": 716,
      "file_name": "COCO_train2014_000000000716.jpg",
      "target_type": "no-target",
      "expression": "bottom stove",
      "true_count_class": 0,
      "pred_count_class": 1,
      "gt_candidate_indices": [],
      "pred_candidate_indices": [
        4
      ],
      "num_predictions": 1,
      "num_targets": 0,
      "precision": 0.0,
      "recall": 0.0,
      "f1": 0.0,
      "exact": 0.0
    },
    {
      "sample_id": "0000005",
      "image_id": 716,
      "file_name": "COCO_train2014_000000000716.jpg",
      "target_type": "no-target",
      "expression": "black table on left by donut",
      "true_count_class": 0,
      "pred_count_class": 0,
      "gt_candidate_indices": [],
      "pred_candidate_indices": [],
      "num_predictions": 0,
      "num_targets": 0,
      "precision": 1.0,
      "recall": 1.0,
      "f1": 1.0,
      "exact": 1.0
    },
    {
      "sample_id": "0000006",
      "image_id": 716,
      "file_name": "COCO_train2014_000000000716.jpg",
      "target_type": "no-target",
      "expression": "potted plant under the giraffe",
      "true_count_class": 0,
      "pred_count_class": 0,
      "gt_candidate_indices": [],
      "pred_candidate_indices": [],
      "num_predictions": 0,
      "num_targets": 0,
      "precision": 1.0,
      "recall": 1.0,
      "f1": 1.0,
      "exact": 1.0
    },
    {
      "sample_id": "0000007",
      "image_id": 716,
      "file_name": "COCO_train2014_000000000716.jpg",
      "target_type": "no-target",
      "expression": "green top of car",
      "true_count_class": 0,
      "pred_count_class": 0,
      "gt_candidate_indices": [],
      "pred_candidate_indices": [],
      "num_predictions": 0,
      "num_targets": 0,
      "precision": 1.0,
      "recall": 1.0,
      "f1": 1.0,
      "exact": 1.0
    },
    {
      "sample_id": "0000008",
      "image_id": 716,
      "file_name": "COCO_train2014_000000000716.jpg",
      "target_type": "multi-target",
      "expression": "right bottom person and right guy above child",
      "true_count_class": 2,
      "pred_count_class": 2,
      "gt_candidate_indices": [
        3,
        4
      ],
      "pred_candidate_indices": [
        3,
        4
      ],
      "num_predictions": 2,
      "num_targets": 2,
      "precision": 1.0,
      "recall": 1.0,
      "f1": 1.0,
      "exact": 1.0
    },
    {
      "sample_id": "0000009",
      "image_id": 909,
      "file_name": "COCO_train2014_000000000909.jpg",
      "target_type": "no-target",
      "expression": "the b;ack keyboard in front of the computer on the table",
      "true_count_class": 0,
      "pred_count_class": 1,
      "gt_candidate_indices": [],
      "pred_candidate_indices": [
        0
      ],
      "num_predictions": 1,
      "num_targets": 0,
      "precision": 0.0,
      "recall": 0.0,
      "f1": 0.0,
      "exact": 0.0
    },
    {
      "sample_id": "0000010",
      "image_id": 909,
      "file_name": "COCO_train2014_000000000909.jpg",