{
  "feature_file": "cache/features/stage5/siglip2_detector_testB.pt",
  "checkpoint": "checkpoints/stage5_6/siglip2_1pct_seed1_hierarchical/selected.pt",
  "clip_model": "none",
  "feature_dim": 768,
  "candidate_feature_dim": 768,
  "text_feature_dim": 768,
  "representation": {
    "name": "siglip2",
    "model_ids": {
      "siglip2": "google/siglip2-base-patch16-224"
    },
    "candidate_feature_dim": 768,
    "text_feature_dim": 768,
    "component_normalization": {
      "siglip2_image": "l2",
      "siglip2_text": "l2"
    },
    "fusion": "none",
    "similarity_source": "normalized SigLIP 2 image/text embeddings",
    "encoder_parameters": {
      "siglip2": {
        "total": 375187970,
        "trainable": 0
      }
    }
  },
  "device": "cuda",
  "batch_size": 128,
  "selection_policy": "cardinality-threshold",
  "membership_threshold": 0.7,
  "count_logit_bias": [
    1.0,
    0.0,
    0.0,
    2.0
  ],
  "config": {
    "match_threshold": 0.5,
    "overlap_metric": "giou",
    "prediction_score_threshold": null,
    "image_f1_threshold": 1.0
  },
  "official": {
    "F1_score": 0.252817032932827,
    "T_acc": 0.8188762071992977,
    "N_acc": 0.5976888508452814
  },
  "diagnostics": {
    "num_samples": 16063,
    "mean_precision": 0.3540897995643737,
    "mean_recall": 0.34718590826260537,
    "mean_f1": 0.3435629374877687,
    "exact_set_accuracy": 0.252817032932827,
    "cardinality_accuracy": 0.590300691029073,
    "count_class_accuracy": 0.6064247027329889,
    "count_class_evaluated": 16063,
    "micro_precision": 0.28658773831360124,
    "micro_recall": 0.2417706086467223,
    "micro_f1": 0.2622784037439276,
    "total_tp": 5156,
    "total_fp": 12835,
    "total_fn": 16170,
    "no_target_total": 4673,
    "no_target_accuracy": 0.5976888508452814,
    "false_grounding_rate": 0.4023111491547186,
    "single_target_total": 5646,
    "single_target_localization_accuracy": 0.1661353170386114,
    "single_target_exact_accuracy": 0.12309599716613531,
    "multi_target_total": 5744,
    "multi_target_mean_f1": 0.3261637879873553,
    "multi_target_exact_accuracy": 0.09975626740947076
  },
  "by_target_type": {
    "no-target": {
      "num_samples": 4673,
      "mean_precision": 0.5976888508452814,
      "mean_recall": 0.5976888508452814,
      "mean_f1": 0.5976888508452814,
      "exact_set_accuracy": 0.5976888508452814,
      "cardinality_accuracy": 0.5976888508452814,
      "count_class_accuracy": 0.5976888508452814,
      "count_class_evaluated": 4673,
      "micro_precision": 0.0,
      "micro_recall": 0.0,
      "micro_f1": 0.0,
      "total_tp": 0,
      "total_fp": 2098,
      "total_fn": 0
    },
    "single-target": {
      "num_samples": 5646,
      "mean_precision": 0.143765497697485,
      "mean_recall": 0.1661353170386114,
      "mean_f1": 0.15093281379147452,
      "exact_set_accuracy": 0.12309599716613531,
      "cardinality_accuracy": 0.5288699964576692,
      "count_class_accuracy": 0.5288699964576692,
      "count_class_evaluated": 5646,
      "micro_precision": 0.20720123702231058,
      "micro_recall": 0.1661353170386114,
      "micro_f1": 0.18440971198269931,
      "total_tp": 938,
      "total_fp": 3589,
      "total_fn": 4708
    },
    "multi-target": {
      "num_samples": 5744,
      "mean_precision": 0.36264701434584595,
      "mean_recall": 0.32135223614593367,
      "mean_f1": 0.3261637879873553,
      "exact_set_accuracy": 0.09975626740947076,
      "cardinality_accuracy": 0.6446727019498607,
      "count_class_accuracy": 0.6897632311977716,
      "count_class_evaluated": 5744,
      "micro_precision": 0.37110680978356503,
      "micro_recall": 0.26900510204081635,
      "micro_f1": 0.31191303704799234,
      "total_tp": 4218,
      "total_fp": 7148,
      "total_fn": 11462
    }
  },
  "by_count_group": {
    "0": {
      "num_samples": 4673,
      "mean_precision": 0.5976888508452814,
      "mean_recall": 0.5976888508452814,
      "mean_f1": 0.5976888508452814,
      "exact_set_accuracy": 0.5976888508452814,
      "cardinality_accuracy": 0.5976888508452814,
      "count_class_accuracy": 0.5976888508452814,
      "count_class_evaluated": 4673,
      "micro_precision": 0.0,
      "micro_recall": 0.0,
      "micro_f1": 0.0,
      "total_tp": 0,
      "total_fp": 2098,
      "total_fn": 0
    },
    "1": {
      "num_samples": 5646,
      "mean_precision": 0.143765497697485,
      "mean_recall": 0.1661353170386114,
      "mean_f1": 0.15093281379147452,
      "exact_set_accuracy": 0.12309599716613531,
      "cardinality_accuracy": 0.5288699964576692,
      "count_class_accuracy": 0.5288699964576692,
      "count_class_evaluated": 5646,
      "micro_precision": 0.20720123702231058,
      "micro_recall": 0.1661353170386114,
      "micro_f1": 0.18440971198269931,
      "total_tp": 938,
      "total_fp": 3589,
      "total_fn": 4708
    },
    "2": {
      "num_samples": 3957,
      "mean_precision": 0.38131565826566494,
      "mean_recall": 0.37048268890573666,
      "mean_f1": 0.37234225162081247,
      "exact_set_accuracy": 0.13773060399292394,
      "cardinality_accuracy": 0.8721253474854688,
      "count_class_accuracy": 0.8716199140763204,
      "count_class_evaluated": 3957,
      "micro_precision": 0.38747191753667237,
      "micro_recall": 0.37048268890573666,
      "micro_f1": 0.37878690007105487,
      "total_tp": 2932,
      "total_fp": 4635,
      "total_fn": 4982
    },
    "3+": {
      "num_samples": 1787,
      "mean_precision": 0.32130855660061713,
      "mean_recall": 0.21256141265934142,
      "mean_f1": 0.22390962984656354,
      "exact_set_accuracy": 0.01566871852266368,
      "cardinality_accuracy": 0.14101846670397314,
      "count_class_accuracy": 0.2870733072188025,
      "count_class_evaluated": 1787,
      "micro_precision": 0.3385101342458542,
      "micro_recall": 0.16559361318568117,
      "micro_f1": 0.2223951578037181,
      "total_tp": 1286,
      "total_fp": 2513,
      "total_fn": 6480
    }
  },
  "examples": [
    {
      "sample_id": "0000000",
      "image_id": 154,
      "file_name": "COCO_train2014_000000000154.jpg",
      "target_type": "multi-target",
      "expression": "three zebras standing on the savannah.",
      "true_count_class": 3,
      "pred_count_class": 3,
      "gt_candidate_indices": [
        0,
        1,
        2,
        3
      ],
      "pred_candidate_indices": [
        0,
        1,
        2,
        3
      ],
      "num_predictions": 4,
      "num_targets": 3,
      "precision": 0.75,
      "recall": 1.0,
      "f1": 0.8571428571428571,
      "exact": 0.0
    },
    {
      "sample_id": "0000001",
      "image_id": 154,
      "file_name": "COCO_train2014_000000000154.jpg",
      "target_type": "multi-target",
      "expression": "a trio of zebras positioned on the grassland.",
      "true_count_class": 3,
      "pred_count_class": 3,
      "gt_candidate_indices": [
        0,
        1,
        2,
        3
      ],
      "pred_candidate_indices": [
        0,
        1,
        2,
        3
      ],
      "num_predictions": 4,
      "num_targets": 3,
      "precision": 0.75,
      "recall": 1.0,
      "f1": 0.8571428571428571,
      "exact": 0.0
    },
    {
      "sample_id": "0000002",
      "image_id": 154,
      "file_name": "COCO_train2014_000000000154.jpg",
      "target_type": "multi-target",
      "expression": "there are three zebras standing in the prairie.",
      "true_count_class": 3,
      "pred_count_class": 3,
      "gt_candidate_indices": [
        0,
        1,
        2,
        3
      ],
      "pred_candidate_indices": [
        0,
        1,
        2,
        3
      ],
      "num_predictions": 4,
      "num_targets": 3,
      "precision": 0.75,
      "recall": 1.0,
      "f1": 0.8571428571428571,
      "exact": 0.0
    },
    {
      "sample_id": "0000003",
      "image_id": 154,
      "file_name": "COCO_train2014_000000000154.jpg",
      "target_type": "multi-target",