{
  "feature_file": "cache/features/stage5/siglip2_detector_testB.pt",
  "checkpoint": "checkpoints/stage5_6/siglip2_1pct_seed1_hierarchical/selected.pt",
  "clip_model": "none",
  "feature_dim": 768,
  "candidate_feature_dim": 768,
  "text_feature_dim": 768,
  "representation": {
    "name": "siglip2",
    "model_ids": {
      "siglip2": "google/siglip2-base-patch16-224"
    },
    "candidate_feature_dim": 768,
    "text_feature_dim": 768,
    "component_normalization": {
      "siglip2_image": "l2",
      "siglip2_text": "l2"
    },
    "fusion": "none",
    "similarity_source": "normalized SigLIP 2 image/text embeddings",
    "encoder_parameters": {
      "siglip2": {
        "total": 375187970,
        "trainable": 0
      }
    }
  },
  "device": "cuda",
  "batch_size": 128,
  "selection_policy": "cardinality-threshold",
  "membership_threshold": 0.9,
  "count_logit_bias": [
    6.0,
    0.0,
    0.0,
    8.5
  ],
  "config": {
    "match_threshold": 0.5,
    "overlap_metric": "giou",
    "prediction_score_threshold": null,
    "image_f1_threshold": 1.0
  },
  "official": {
    "F1_score": 0.26265330262093006,
    "T_acc": 0.6168568920105355,
    "N_acc": 0.8420714744275626
  },
  "diagnostics": {
    "num_samples": 16063,
    "mean_precision": 0.3756770217269469,
    "mean_recall": 0.42709807865600624,
    "mean_f1": 0.3901081390201425,
    "exact_set_accuracy": 0.26265330262093006,
    "cardinality_accuracy": 0.37271991533337484,
    "count_class_accuracy": 0.41200273921434355,
    "count_class_evaluated": 16063,
    "micro_precision": 0.26283556660680574,
    "micro_recall": 0.2676545062365188,
    "micro_f1": 0.26522314894407917,
    "total_tp": 5708,
    "total_fp": 16009,
    "total_fn": 15618,
    "no_target_total": 4673,
    "no_target_accuracy": 0.8420714744275626,
    "false_grounding_rate": 0.15792852557243742,
    "single_target_total": 5646,
    "single_target_localization_accuracy": 0.14240170031880978,
    "single_target_exact_accuracy": 0.0,
    "multi_target_total": 5744,
    "multi_target_mean_f1": 0.33460544981672147,
    "multi_target_exact_accuracy": 0.04944289693593315
  },
  "by_target_type": {
    "no-target": {
      "num_samples": 4673,
      "mean_precision": 0.8420714744275626,
      "mean_recall": 0.8420714744275626,
      "mean_f1": 0.8420714744275626,
      "exact_set_accuracy": 0.8420714744275626,
      "cardinality_accuracy": 0.8420714744275626,
      "count_class_accuracy": 0.8420714744275626,
      "count_class_evaluated": 4673,
      "micro_precision": 0.0,
      "micro_recall": 0.0,
      "micro_f1": 0.0,
      "total_tp": 0,
      "total_fp": 2185,
      "total_fn": 0
    },
    "single-target": {
      "num_samples": 5646,
      "mean_precision": 0.04876608808596086,
      "mean_recall": 0.14240170031880978,
      "mean_f1": 0.07249970480576223,
      "exact_set_accuracy": 0.0,
      "cardinality_accuracy": 0.0,
      "count_class_accuracy": 0.0,
      "count_class_evaluated": 5646,
      "micro_precision": 0.14872364039955605,
      "micro_recall": 0.14240170031880978,
      "micro_f1": 0.1454940282301846,
      "total_tp": 804,
      "total_fp": 4602,
      "total_fn": 4842
    },
    "multi-target": {
      "num_samples": 5744,
      "mean_precision": 0.31757776230269175,
      "mean_recall": 0.3693378198905707,
      "mean_f1": 0.33460544981672147,
      "exact_set_accuracy": 0.04944289693593315,
      "cardinality_accuracy": 0.35724233983286907,
      "count_class_accuracy": 0.46709610027855153,
      "count_class_evaluated": 5744,
      "micro_precision": 0.34716126291943933,
      "micro_recall": 0.3127551020408163,
      "micro_f1": 0.32906126283298665,
      "total_tp": 4904,
      "total_fp": 9222,
      "total_fn": 10776
    }
  },
  "by_count_group": {
    "0": {
      "num_samples": 4673,
      "mean_precision": 0.8420714744275626,
      "mean_recall": 0.8420714744275626,
      "mean_f1": 0.8420714744275626,
      "exact_set_accuracy": 0.8420714744275626,
      "cardinality_accuracy": 0.8420714744275626,
      "count_class_accuracy": 0.8420714744275626,
      "count_class_evaluated": 4673,
      "micro_precision": 0.0,
      "micro_recall": 0.0,
      "micro_f1": 0.0,
      "total_tp": 0,
      "total_fp": 2185,
      "total_fn": 0
    },
    "1": {
      "num_samples": 5646,
      "mean_precision": 0.04876608808596086,
      "mean_recall": 0.14240170031880978,
      "mean_f1": 0.07249970480576223,
      "exact_set_accuracy": 0.0,
      "cardinality_accuracy": 0.0,
      "count_class_accuracy": 0.0,
      "count_class_evaluated": 5646,
      "micro_precision": 0.14872364039955605,
      "micro_recall": 0.14240170031880978,
      "micro_f1": 0.1454940282301846,
      "total_tp": 804,
      "total_fp": 4602,
      "total_fn": 4842
    },
    "2": {
      "num_samples": 3957,
      "mean_precision": 0.3290371493555715,
      "mean_recall": 0.4257012888551933,
      "mean_f1": 0.3677028051554202,
      "exact_set_accuracy": 0.05686125852918878,
      "cardinality_accuracy": 0.3219610816274956,
      "count_class_accuracy": 0.31867576446803136,
      "count_class_evaluated": 3957,
      "micro_precision": 0.3462487153134635,
      "micro_recall": 0.4257012888551933,
      "micro_f1": 0.38188619360689186,
      "total_tp": 3369,
      "total_fp": 6361,
      "total_fn": 4545
    },
    "3+": {
      "num_samples": 1787,
      "mean_precision": 0.29220294721134077,
      "mean_recall": 0.24453074283796117,
      "mean_f1": 0.2613171257678973,
      "exact_set_accuracy": 0.03301622831561276,
      "cardinality_accuracy": 0.4353665360940123,
      "count_class_accuracy": 0.795747062115277,
      "count_class_evaluated": 1787,
      "micro_precision": 0.3491810737033667,
      "micro_recall": 0.19765645119752767,
      "micro_f1": 0.25242558789672753,
      "total_tp": 1535,
      "total_fp": 2861,
      "total_fn": 6231
    }
  },
  "examples": [
    {
      "sample_id": "0000000",
      "image_id": 154,
      "file_name": "COCO_train2014_000000000154.jpg",
      "target_type": "multi-target",
      "expression": "three zebras standing on the savannah.",
      "true_count_class": 3,
      "pred_count_class": 3,
      "gt_candidate_indices": [
        0,
        1,
        2,
        3
      ],
      "pred_candidate_indices": [
        0,
        1,
        3
      ],
      "num_predictions": 3,
      "num_targets": 3,
      "precision": 0.6666666666666666,
      "recall": 0.6666666666666666,
      "f1": 0.6666666666666666,
      "exact": 0.0
    },
    {
      "sample_id": "0000001",
      "image_id": 154,
      "file_name": "COCO_train2014_000000000154.jpg",
      "target_type": "multi-target",
      "expression": "a trio of zebras positioned on the grassland.",
      "true_count_class": 3,
      "pred_count_class": 3,
      "gt_candidate_indices": [
        0,
        1,
        2,
        3
      ],
      "pred_candidate_indices": [
        0,
        1,
        3
      ],
      "num_predictions": 3,
      "num_targets": 3,
      "precision": 0.6666666666666666,
      "recall": 0.6666666666666666,
      "f1": 0.6666666666666666,
      "exact": 0.0
    },
    {
      "sample_id": "0000002",
      "image_id": 154,
      "file_name": "COCO_train2014_000000000154.jpg",
      "target_type": "multi-target",
      "expression": "there are three zebras standing in the prairie.",
      "true_count_class": 3,
      "pred_count_class": 3,
      "gt_candidate_indices": [
        0,
        1,
        2,
        3
      ],
      "pred_candidate_indices": [
        0,
        1,
        3
      ],
      "num_predictions": 3,
      "num_targets": 3,
      "precision": 0.6666666666666666,
      "recall": 0.6666666666666666,
      "f1": 0.6666666666666666,
      "exact": 0.0
    },
    {
      "sample_id": "0000003",
      "image_id": 154,
      "file_name": "COCO_train2014_000000000154.jpg",
      "target_type": "multi-target",
      "expression": "three zebras, all stationary on the grassy plain.",