{
  "feature_file": "cache/features/stage5/clip_detector_testB.pt",
  "checkpoint": "checkpoints/stage5_6/clip_10pct_seed1_hierarchical/selected.pt",
  "clip_model": "ViT-B/32",
  "feature_dim": 512,
  "candidate_feature_dim": 512,
  "text_feature_dim": 512,
  "representation": {
    "name": "clip",
    "model_ids": {
      "clip": "ViT-B/32"
    },
    "candidate_feature_dim": 512,
    "text_feature_dim": 512,
    "component_normalization": {
      "clip_image": "l2",
      "clip_text": "l2"
    },
    "fusion": "none",
    "encoder_parameters": {
      "clip": {
        "total": 151277313,
        "trainable": 0
      }
    }
  },
  "device": "cuda",
  "batch_size": 128,
  "selection_policy": "cardinality-threshold",
  "membership_threshold": 0.85,
  "count_logit_bias": [
    4.0,
    0.0,
    0.0,
    11.5
  ],
  "config": {
    "match_threshold": 0.5,
    "overlap_metric": "giou",
    "prediction_score_threshold": null,
    "image_f1_threshold": 1.0
  },
  "official": {
    "F1_score": 0.3402228724397684,
    "T_acc": 0.8575065847234417,
    "N_acc": 0.6961266852129253
  },
  "diagnostics": {
    "num_samples": 16063,
    "mean_precision": 0.4640789391769901,
    "mean_recall": 0.4625358883716586,
    "mean_f1": 0.458057959577988,
    "exact_set_accuracy": 0.3402228724397684,
    "cardinality_accuracy": 0.6818776069227417,
    "count_class_accuracy": 0.726452094876424,
    "count_class_evaluated": 16063,
    "micro_precision": 0.3999378334973838,
    "micro_recall": 0.36199943730657413,
    "micro_f1": 0.3800241207019617,
    "total_tp": 7720,
    "total_fp": 11583,
    "total_fn": 13606,
    "no_target_total": 4673,
    "no_target_accuracy": 0.6961266852129253,
    "false_grounding_rate": 0.3038733147870747,
    "single_target_total": 5646,
    "single_target_localization_accuracy": 0.2906482465462274,
    "single_target_exact_accuracy": 0.2410556145944031,
    "multi_target_total": 5744,
    "multi_target_mean_f1": 0.449097900075648,
    "multi_target_exact_accuracy": 0.14815459610027856
  },
  "by_target_type": {
    "no-target": {
      "num_samples": 4673,
      "mean_precision": 0.6961266852129253,
      "mean_recall": 0.6961266852129253,
      "mean_f1": 0.6961266852129253,
      "exact_set_accuracy": 0.6961266852129253,
      "cardinality_accuracy": 0.6961266852129253,
      "count_class_accuracy": 0.6961266852129253,
      "count_class_evaluated": 4673,
      "micro_precision": 0.0,
      "micro_recall": 0.0,
      "micro_f1": 0.0,
      "total_tp": 0,
      "total_fp": 1815,
      "total_fn": 0
    },
    "single-target": {
      "num_samples": 5646,
      "mean_precision": 0.26186680835990067,
      "mean_recall": 0.2906482465462274,
      "mean_f1": 0.27013224701853844,
      "exact_set_accuracy": 0.2410556145944031,
      "cardinality_accuracy": 0.6528515763372299,
      "count_class_accuracy": 0.6528515763372299,
      "count_class_evaluated": 5646,
      "micro_precision": 0.32386027235050324,
      "micro_recall": 0.2906482465462274,
      "micro_f1": 0.3063567628115374,
      "total_tp": 1641,
      "total_fp": 3426,
      "total_fn": 4005
    },
    "multi-target": {
      "num_samples": 5744,
      "mean_precision": 0.4740598885793877,
      "mean_recall": 0.44145438281928506,
      "mean_f1": 0.449097900075648,
      "exact_set_accuracy": 0.14815459610027856,
      "cardinality_accuracy": 0.6988161559888579,
      "count_class_accuracy": 0.8234679665738162,
      "count_class_evaluated": 5744,
      "micro_precision": 0.4894130907334353,
      "micro_recall": 0.3876913265306122,
      "micro_f1": 0.4326536422191381,
      "total_tp": 6079,
      "total_fp": 6342,
      "total_fn": 9601
    }
  },
  "by_count_group": {
    "0": {
      "num_samples": 4673,
      "mean_precision": 0.6961266852129253,
      "mean_recall": 0.6961266852129253,
      "mean_f1": 0.6961266852129253,
      "exact_set_accuracy": 0.6961266852129253,
      "cardinality_accuracy": 0.6961266852129253,
      "count_class_accuracy": 0.6961266852129253,
      "count_class_evaluated": 4673,
      "micro_precision": 0.0,
      "micro_recall": 0.0,
      "micro_f1": 0.0,
      "total_tp": 0,
      "total_fp": 1815,
      "total_fn": 0
    },
    "1": {
      "num_samples": 5646,
      "mean_precision": 0.26186680835990067,
      "mean_recall": 0.2906482465462274,
      "mean_f1": 0.27013224701853844,
      "exact_set_accuracy": 0.2410556145944031,
      "cardinality_accuracy": 0.6528515763372299,
      "count_class_accuracy": 0.6528515763372299,
      "count_class_evaluated": 5646,
      "micro_precision": 0.32386027235050324,
      "micro_recall": 0.2906482465462274,
      "micro_f1": 0.3063567628115374,
      "total_tp": 1641,
      "total_fp": 3426,
      "total_fn": 4005
    },
    "2": {
      "num_samples": 3957,
      "mean_precision": 0.48193075562294685,
      "mean_recall": 0.4854687894869851,
      "mean_f1": 0.4803807598348922,
      "exact_set_accuracy": 0.18979024513520343,
      "cardinality_accuracy": 0.844579226686884,
      "count_class_accuracy": 0.8440737932777357,
      "count_class_evaluated": 3957,
      "micro_precision": 0.5032748231595494,
      "micro_recall": 0.4854687894869851,
      "micro_f1": 0.4942114741445845,
      "total_tp": 3842,
      "total_fp": 3792,
      "total_fn": 4072
    },
    "3+": {
      "num_samples": 1787,
      "mean_precision": 0.45663122551762725,
      "mean_recall": 0.3439921516026716,
      "mean_f1": 0.3798274601946533,
      "exact_set_accuracy": 0.05595970900951315,
      "cardinality_accuracy": 0.37604924454392835,
      "count_class_accuracy": 0.7778399552322328,
      "count_class_evaluated": 1787,
      "micro_precision": 0.4673072905786505,
      "micro_recall": 0.28805047643574555,
      "micro_f1": 0.35640882657532064,
      "total_tp": 2237,
      "total_fp": 2550,
      "total_fn": 5529
    }
  },
  "examples": [
    {
      "sample_id": "0000000",
      "image_id": 154,
      "file_name": "COCO_train2014_000000000154.jpg",
      "target_type": "multi-target",
      "expression": "three zebras standing on the savannah.",
      "true_count_class": 3,
      "pred_count_class": 3,
      "gt_candidate_indices": [
        0,
        1,
        2,
        3
      ],
      "pred_candidate_indices": [
        0,
        1,
        3
      ],
      "num_predictions": 3,
      "num_targets": 3,
      "precision": 0.6666666666666666,
      "recall": 0.6666666666666666,
      "f1": 0.6666666666666666,
      "exact": 0.0
    },
    {
      "sample_id": "0000001",
      "image_id": 154,
      "file_name": "COCO_train2014_000000000154.jpg",
      "target_type": "multi-target",
      "expression": "a trio of zebras positioned on the grassland.",
      "true_count_class": 3,
      "pred_count_class": 3,
      "gt_candidate_indices": [
        0,
        1,
        2,
        3
      ],
      "pred_candidate_indices": [
        0,
        1,
        3
      ],
      "num_predictions": 3,
      "num_targets": 3,
      "precision": 0.6666666666666666,
      "recall": 0.6666666666666666,
      "f1": 0.6666666666666666,
      "exact": 0.0
    },
    {
      "sample_id": "0000002",
      "image_id": 154,
      "file_name": "COCO_train2014_000000000154.jpg",
      "target_type": "multi-target",
      "expression": "there are three zebras standing in the prairie.",
      "true_count_class": 3,
      "pred_count_class": 3,
      "gt_candidate_indices": [
        0,
        1,
        2,
        3
      ],
      "pred_candidate_indices": [
        0,
        1,
        3
      ],
      "num_predictions": 3,
      "num_targets": 3,
      "precision": 0.6666666666666666,
      "recall": 0.6666666666666666,
      "f1": 0.6666666666666666,
      "exact": 0.0
    },
    {
      "sample_id": "0000003",
      "image_id": 154,
      "file_name": "COCO_train2014_000000000154.jpg",
      "target_type": "multi-target",
      "expression": "three zebras, all stationary on the grassy plain.",
      "true_count_class": 3,