{
  "feature_file": "cache/features/stage5/clip_detector_testA.pt",
  "checkpoint": "checkpoints/stage5_6/clip_10pct_seed1_hierarchical/selected.pt",
  "clip_model": "ViT-B/32",
  "feature_dim": 512,
  "candidate_feature_dim": 512,
  "text_feature_dim": 512,
  "representation": {
    "name": "clip",
    "model_ids": {
      "clip": "ViT-B/32"
    },
    "candidate_feature_dim": 512,
    "text_feature_dim": 512,
    "component_normalization": {
      "clip_image": "l2",
      "clip_text": "l2"
    },
    "fusion": "none",
    "encoder_parameters": {
      "clip": {
        "total": 151277313,
        "trainable": 0
      }
    }
  },
  "device": "cuda",
  "batch_size": 128,
  "selection_policy": "cardinality-threshold",
  "membership_threshold": 0.7,
  "count_logit_bias": [
    1.0,
    0.0,
    0.0,
    1.0
  ],
  "config": {
    "match_threshold": 0.5,
    "overlap_metric": "giou",
    "prediction_score_threshold": null,
    "image_f1_threshold": 1.0
  },
  "official": {
    "F1_score": 0.35671875,
    "T_acc": 0.949295010845987,
    "N_acc": 0.5820593525179856
  },
  "diagnostics": {
    "num_samples": 19200,
    "mean_precision": 0.5316753472222221,
    "mean_recall": 0.5059314257790833,
    "mean_f1": 0.5112090896151065,
    "exact_set_accuracy": 0.35671875,
    "cardinality_accuracy": 0.72078125,
    "count_class_accuracy": 0.7502083333333334,
    "count_class_evaluated": 19200,
    "micro_precision": 0.508815733876234,
    "micro_recall": 0.4476512335248395,
    "micro_f1": 0.4762777987523147,
    "total_tp": 13246,
    "total_fp": 12787,
    "total_fn": 16344,
    "no_target_total": 4448,
    "no_target_accuracy": 0.5820593525179856,
    "false_grounding_rate": 0.41794064748201437,
    "single_target_total": 5917,
    "single_target_localization_accuracy": 0.43907385499408486,
    "single_target_exact_accuracy": 0.39411864120331247,
    "multi_target_total": 8835,
    "multi_target_mean_f1": 0.5339801381562116,
    "multi_target_exact_accuracy": 0.21822297679683078
  },
  "by_target_type": {
    "no-target": {
      "num_samples": 4448,
      "mean_precision": 0.5820593525179856,
      "mean_recall": 0.5820593525179856,
      "mean_f1": 0.5820593525179856,
      "exact_set_accuracy": 0.5820593525179856,
      "cardinality_accuracy": 0.5820593525179856,
      "count_class_accuracy": 0.5820593525179856,
      "count_class_evaluated": 4448,
      "micro_precision": 0.0,
      "micro_recall": 0.0,
      "micro_f1": 0.0,
      "total_tp": 0,
      "total_fp": 2240,
      "total_fn": 0
    },
    "single-target": {
      "num_samples": 5917,
      "mean_precision": 0.41645541096276273,
      "mean_recall": 0.43907385499408486,
      "mean_f1": 0.42394794659455814,
      "exact_set_accuracy": 0.39411864120331247,
      "cardinality_accuracy": 0.8435017745479128,
      "count_class_accuracy": 0.8435017745479128,
      "count_class_evaluated": 5917,
      "micro_precision": 0.4427402862985685,
      "micro_recall": 0.43907385499408486,
      "micro_f1": 0.4408994484514213,
      "total_tp": 2598,
      "total_fp": 3270,
      "total_fn": 3319
    },
    "multi-target": {
      "num_samples": 8835,
      "mean_precision": 0.5834748160724392,
      "mean_recall": 0.5123806876014009,
      "mean_f1": 0.5339801381562116,
      "exact_set_accuracy": 0.21822297679683078,
      "cardinality_accuracy": 0.7084323712507075,
      "count_class_accuracy": 0.7723825693265421,
      "count_class_evaluated": 8835,
      "micro_precision": 0.5940306834030683,
      "micro_recall": 0.449795125248173,
      "micro_f1": 0.5119476897927785,
      "total_tp": 10648,
      "total_fp": 7277,
      "total_fn": 13025
    }
  },
  "by_count_group": {
    "0": {
      "num_samples": 4448,
      "mean_precision": 0.5820593525179856,
      "mean_recall": 0.5820593525179856,
      "mean_f1": 0.5820593525179856,
      "exact_set_accuracy": 0.5820593525179856,
      "cardinality_accuracy": 0.5820593525179856,
      "count_class_accuracy": 0.5820593525179856,
      "count_class_evaluated": 4448,
      "micro_precision": 0.0,
      "micro_recall": 0.0,
      "micro_f1": 0.0,
      "total_tp": 0,
      "total_fp": 2240,
      "total_fn": 0
    },
    "1": {
      "num_samples": 5917,
      "mean_precision": 0.41645541096276273,
      "mean_recall": 0.43907385499408486,
      "mean_f1": 0.42394794659455814,
      "exact_set_accuracy": 0.39411864120331247,
      "cardinality_accuracy": 0.8435017745479128,
      "count_class_accuracy": 0.8435017745479128,
      "count_class_evaluated": 5917,
      "micro_precision": 0.4427402862985685,
      "micro_recall": 0.43907385499408486,
      "micro_f1": 0.4408994484514213,
      "total_tp": 2598,
      "total_fp": 3270,
      "total_fn": 3319
    },
    "2": {
      "num_samples": 5940,
      "mean_precision": 0.5982884399551068,
      "mean_recall": 0.5838383838383838,
      "mean_f1": 0.5882659932659917,
      "exact_set_accuracy": 0.3001683501683502,
      "cardinality_accuracy": 0.924074074074074,
      "count_class_accuracy": 0.924074074074074,
      "count_class_evaluated": 5940,
      "micro_precision": 0.6094367805992443,
      "micro_recall": 0.5838383838383838,
      "micro_f1": 0.5963630110485362,
      "total_tp": 6936,
      "total_fp": 4445,
      "total_fn": 4944
    },
    "3+": {
      "num_samples": 2895,
      "mean_precision": 0.5530800230282112,
      "mean_recall": 0.36576282381981967,
      "mean_f1": 0.42259568932991537,
      "exact_set_accuracy": 0.05008635578583765,
      "cardinality_accuracy": 0.2659758203799655,
      "count_class_accuracy": 0.46113989637305697,
      "count_class_evaluated": 2895,
      "micro_precision": 0.5672371638141809,
      "micro_recall": 0.31476299499703214,
      "micro_f1": 0.4048644816491247,
      "total_tp": 3712,
      "total_fp": 2832,
      "total_fn": 8081
    }
  },
  "examples": [
    {
      "sample_id": "0000000",
      "image_id": 839,
      "file_name": "COCO_train2014_000000000839.jpg",
      "target_type": "multi-target",
      "expression": "blue shirt and a frisbee",
      "true_count_class": 2,
      "pred_count_class": 2,
      "gt_candidate_indices": [
        0,
        1
      ],
      "pred_candidate_indices": [
        0,
        2
      ],
      "num_predictions": 2,
      "num_targets": 2,
      "precision": 0.5,
      "recall": 0.5,
      "f1": 0.5,
      "exact": 0.0
    },
    {
      "sample_id": "0000001",
      "image_id": 839,
      "file_name": "COCO_train2014_000000000839.jpg",
      "target_type": "multi-target",
      "expression": "blue shirt and frisbee",
      "true_count_class": 2,
      "pred_count_class": 2,
      "gt_candidate_indices": [
        0,
        1
      ],
      "pred_candidate_indices": [
        0,
        2
      ],
      "num_predictions": 2,
      "num_targets": 2,
      "precision": 0.5,
      "recall": 0.5,
      "f1": 0.5,
      "exact": 0.0
    },
    {
      "sample_id": "0000002",
      "image_id": 839,
      "file_name": "COCO_train2014_000000000839.jpg",
      "target_type": "multi-target",
      "expression": "blue shirt and white shirt",
      "true_count_class": 2,
      "pred_count_class": 2,
      "gt_candidate_indices": [
        0,
        2
      ],
      "pred_candidate_indices": [
        0,
        2
      ],
      "num_predictions": 2,
      "num_targets": 2,
      "precision": 1.0,
      "recall": 1.0,
      "f1": 1.0,
      "exact": 1.0
    },
    {
      "sample_id": "0000003",
      "image_id": 839,
      "file_name": "COCO_train2014_000000000839.jpg",
      "target_type": "multi-target",
      "expression": "blue cshirt and falling",
      "true_count_class": 2,
      "pred_count_class": 2,
      "gt_candidate_indices": [
        0,
        2
      ],
      "pred_candidate_indices": [
        0,
        2
      ],
      "num_predictions": 2,
      "num_targets": 2,
      "precision": 1.0,
      "recall": 1.0,
      "f1": 1.0,
      "exact": 1.0
    },
    {
      "sample_id": "0000004",