{
  "feature_file": "cache/features/stage5/clip_detector_testA.pt",
  "checkpoint": "checkpoints/stage5_6/clip_10pct_seed1_hierarchical/selected.pt",
  "clip_model": "ViT-B/32",
  "feature_dim": 512,
  "candidate_feature_dim": 512,
  "text_feature_dim": 512,
  "representation": {
    "name": "clip",
    "model_ids": {
      "clip": "ViT-B/32"
    },
    "candidate_feature_dim": 512,
    "text_feature_dim": 512,
    "component_normalization": {
      "clip_image": "l2",
      "clip_text": "l2"
    },
    "fusion": "none",
    "encoder_parameters": {
      "clip": {
        "total": 151277313,
        "trainable": 0
      }
    }
  },
  "device": "cuda",
  "batch_size": 128,
  "selection_policy": "cardinality-threshold",
  "membership_threshold": 0.85,
  "count_logit_bias": [
    4.0,
    0.0,
    0.0,
    11.5
  ],
  "config": {
    "match_threshold": 0.5,
    "overlap_metric": "giou",
    "prediction_score_threshold": null,
    "image_f1_threshold": 1.0
  },
  "official": {
    "F1_score": 0.35989583333333336,
    "T_acc": 0.9029962039045553,
    "N_acc": 0.674910071942446
  },
  "diagnostics": {
    "num_samples": 19200,
    "mean_precision": 0.5295833333333343,
    "mean_recall": 0.5229007442210585,
    "mean_f1": 0.5196468737213187,
    "exact_set_accuracy": 0.35989583333333336,
    "cardinality_accuracy": 0.7075,
    "count_class_accuracy": 0.7552604166666667,
    "count_class_evaluated": 19200,
    "micro_precision": 0.5027636689572752,
    "micro_recall": 0.4549509969584319,
    "micro_f1": 0.47766383990348793,
    "total_tp": 13462,
    "total_fp": 13314,
    "total_fn": 16128,
    "no_target_total": 4448,
    "no_target_accuracy": 0.674910071942446,
    "false_grounding_rate": 0.32508992805755393,
    "single_target_total": 5917,
    "single_target_localization_accuracy": 0.4066249788744296,
    "single_target_exact_accuracy": 0.3476423863444313,
    "multi_target_total": 8835,
    "multi_target_mean_f1": 0.5326979787341325,
    "multi_target_exact_accuracy": 0.20950764006791173
  },
  "by_target_type": {
    "no-target": {
      "num_samples": 4448,
      "mean_precision": 0.674910071942446,
      "mean_recall": 0.674910071942446,
      "mean_f1": 0.674910071942446,
      "exact_set_accuracy": 0.674910071942446,
      "cardinality_accuracy": 0.674910071942446,
      "count_class_accuracy": 0.674910071942446,
      "count_class_evaluated": 4448,
      "micro_precision": 0.0,
      "micro_recall": 0.0,
      "micro_f1": 0.0,
      "total_tp": 0,
      "total_fp": 1945,
      "total_fn": 0
    },
    "single-target": {
      "num_samples": 5917,
      "mean_precision": 0.37361275421102996,
      "mean_recall": 0.4066249788744296,
      "mean_f1": 0.3834431862993639,
      "exact_set_accuracy": 0.3476423863444313,
      "cardinality_accuracy": 0.7378739225959101,
      "count_class_accuracy": 0.7378739225959101,
      "count_class_evaluated": 5917,
      "micro_precision": 0.43187937533656434,
      "micro_recall": 0.4066249788744296,
      "micro_f1": 0.4188718662952646,
      "total_tp": 2406,
      "total_fp": 3165,
      "total_fn": 3511
    },
    "multi-target": {
      "num_samples": 8835,
      "mean_precision": 0.5608753065459339,
      "mean_recall": 0.5242438357718475,
      "mean_f1": 0.5326979787341325,
      "exact_set_accuracy": 0.20950764006791173,
      "cardinality_accuracy": 0.7035653650254668,
      "count_class_accuracy": 0.8073571024335031,
      "count_class_evaluated": 8835,
      "micro_precision": 0.5740394600207684,
      "micro_recall": 0.46702994973176193,
      "micro_f1": 0.5150350546199893,
      "total_tp": 11056,
      "total_fp": 8204,
      "total_fn": 12617
    }
  },
  "by_count_group": {
    "0": {
      "num_samples": 4448,
      "mean_precision": 0.674910071942446,
      "mean_recall": 0.674910071942446,
      "mean_f1": 0.674910071942446,
      "exact_set_accuracy": 0.674910071942446,
      "cardinality_accuracy": 0.674910071942446,
      "count_class_accuracy": 0.674910071942446,
      "count_class_evaluated": 4448,
      "micro_precision": 0.0,
      "micro_recall": 0.0,
      "micro_f1": 0.0,
      "total_tp": 0,
      "total_fp": 1945,
      "total_fn": 0
    },
    "1": {
      "num_samples": 5917,
      "mean_precision": 0.37361275421102996,
      "mean_recall": 0.4066249788744296,
      "mean_f1": 0.3834431862993639,
      "exact_set_accuracy": 0.3476423863444313,
      "cardinality_accuracy": 0.7378739225959101,
      "count_class_accuracy": 0.7378739225959101,
      "count_class_evaluated": 5917,
      "micro_precision": 0.43187937533656434,
      "micro_recall": 0.4066249788744296,
      "micro_f1": 0.4188718662952646,
      "total_tp": 2406,
      "total_fp": 3165,
      "total_fn": 3511
    },
    "2": {
      "num_samples": 5940,
      "mean_precision": 0.5754489337822681,
      "mean_recall": 0.5816498316498316,
      "mean_f1": 0.5745791245791277,
      "exact_set_accuracy": 0.2772727272727273,
      "cardinality_accuracy": 0.8311447811447812,
      "count_class_accuracy": 0.8311447811447812,
      "count_class_evaluated": 5940,
      "micro_precision": 0.597131005876253,
      "micro_recall": 0.5816498316498316,
      "micro_f1": 0.5892887600204674,
      "total_tp": 6910,
      "total_fp": 4662,
      "total_fn": 4970
    },
    "3+": {
      "num_samples": 2895,
      "mean_precision": 0.5309729418537724,
      "mean_recall": 0.4064574400843821,
      "mean_f1": 0.44676567948741047,
      "exact_set_accuracy": 0.07046632124352331,
      "cardinality_accuracy": 0.44179620034542316,
      "count_class_accuracy": 0.7585492227979275,
      "count_class_evaluated": 2895,
      "micro_precision": 0.5392819979188346,
      "micro_recall": 0.3515644874077843,
      "micro_f1": 0.42564550074431495,
      "total_tp": 4146,
      "total_fp": 3542,
      "total_fn": 7647
    }
  },
  "examples": [
    {
      "sample_id": "0000000",
      "image_id": 839,
      "file_name": "COCO_train2014_000000000839.jpg",
      "target_type": "multi-target",
      "expression": "blue shirt and a frisbee",
      "true_count_class": 2,
      "pred_count_class": 2,
      "gt_candidate_indices": [
        0,
        1
      ],
      "pred_candidate_indices": [
        0,
        2
      ],
      "num_predictions": 2,
      "num_targets": 2,
      "precision": 0.5,
      "recall": 0.5,
      "f1": 0.5,
      "exact": 0.0
    },
    {
      "sample_id": "0000001",
      "image_id": 839,
      "file_name": "COCO_train2014_000000000839.jpg",
      "target_type": "multi-target",
      "expression": "blue shirt and frisbee",
      "true_count_class": 2,
      "pred_count_class": 2,
      "gt_candidate_indices": [
        0,
        1
      ],
      "pred_candidate_indices": [
        0,
        2
      ],
      "num_predictions": 2,
      "num_targets": 2,
      "precision": 0.5,
      "recall": 0.5,
      "f1": 0.5,
      "exact": 0.0
    },
    {
      "sample_id": "0000002",
      "image_id": 839,
      "file_name": "COCO_train2014_000000000839.jpg",
      "target_type": "multi-target",
      "expression": "blue shirt and white shirt",
      "true_count_class": 2,
      "pred_count_class": 2,
      "gt_candidate_indices": [
        0,
        2
      ],
      "pred_candidate_indices": [
        0,
        2
      ],
      "num_predictions": 2,
      "num_targets": 2,
      "precision": 1.0,
      "recall": 1.0,
      "f1": 1.0,
      "exact": 1.0
    },
    {
      "sample_id": "0000003",
      "image_id": 839,
      "file_name": "COCO_train2014_000000000839.jpg",
      "target_type": "multi-target",
      "expression": "blue cshirt and falling",
      "true_count_class": 2,
      "pred_count_class": 2,
      "gt_candidate_indices": [
        0,
        2
      ],
      "pred_candidate_indices": [
        0,
        2
      ],
      "num_predictions": 2,
      "num_targets": 2,
      "precision": 1.0,
      "recall": 1.0,
      "f1": 1.0,
      "exact": 1.0
    },
    {
      "sample_id": "0000004",