{
  "feature_file": "cache/features/stage5/siglip2_detector_testB.pt",
  "checkpoint": "checkpoints/stage5/siglip2_1pct_seed1/last.pt",
  "clip_model": "none",
  "feature_dim": 768,
  "candidate_feature_dim": 768,
  "text_feature_dim": 768,
  "representation": {
    "name": "siglip2",
    "model_ids": {
      "siglip2": "google/siglip2-base-patch16-224"
    },
    "candidate_feature_dim": 768,
    "text_feature_dim": 768,
    "component_normalization": {
      "siglip2_image": "l2",
      "siglip2_text": "l2"
    },
    "fusion": "none",
    "similarity_source": "normalized SigLIP 2 image/text embeddings",
    "encoder_parameters": {
      "siglip2": {
        "total": 375187970,
        "trainable": 0
      }
    }
  },
  "device": "cuda",
  "batch_size": 64,
  "selection_policy": "cardinality-threshold",
  "membership_threshold": 0.5,
  "config": {
    "match_threshold": 0.5,
    "overlap_metric": "giou",
    "prediction_score_threshold": null,
    "image_f1_threshold": 1.0
  },
  "official": {
    "F1_score": 0.2148415613521758,
    "T_acc": 0.819315188762072,
    "N_acc": 0.44018831585705115
  },
  "diagnostics": {
    "num_samples": 16063,
    "mean_precision": 0.32690032995081864,
    "mean_recall": 0.3068143839185976,
    "mean_f1": 0.3088117842024345,
    "exact_set_accuracy": 0.2148415613521758,
    "cardinality_accuracy": 0.5470335553757082,
    "count_class_accuracy": 0.5470335553757082,
    "count_class_evaluated": 16063,
    "micro_precision": 0.2990724637681159,
    "micro_recall": 0.2419112820031886,
    "micro_f1": 0.26747200331812526,
    "total_tp": 5159,
    "total_fp": 12091,
    "total_fn": 16167,
    "no_target_total": 4673,
    "no_target_accuracy": 0.44018831585705115,
    "false_grounding_rate": 0.5598116841429489,
    "single_target_total": 5646,
    "single_target_localization_accuracy": 0.18012752391073325,
    "single_target_exact_accuracy": 0.13531703861140632,
    "multi_target_total": 5744,
    "multi_target_mean_f1": 0.3431018494040789,
    "multi_target_exact_accuracy": 0.10967966573816156
  },
  "by_target_type": {
    "no-target": {
      "num_samples": 4673,
      "mean_precision": 0.44018831585705115,
      "mean_recall": 0.44018831585705115,
      "mean_f1": 0.44018831585705115,
      "exact_set_accuracy": 0.44018831585705115,
      "cardinality_accuracy": 0.44018831585705115,
      "count_class_accuracy": 0.44018831585705115,
      "count_class_evaluated": 4673,
      "micro_precision": 0.0,
      "micro_recall": 0.0,
      "micro_f1": 0.0,
      "total_tp": 0,
      "total_fp": 2816,
      "total_fn": 0
    },
    "single-target": {
      "num_samples": 5646,
      "mean_precision": 0.1577222812610698,
      "mean_recall": 0.18012752391073325,
      "mean_f1": 0.16519069547762372,
      "exact_set_accuracy": 0.13531703861140632,
      "cardinality_accuracy": 0.5479985830676585,
      "count_class_accuracy": 0.5479985830676585,
      "count_class_evaluated": 5646,
      "micro_precision": 0.2202252057167605,
      "micro_recall": 0.18012752391073325,
      "micro_f1": 0.19816835541699143,
      "total_tp": 1017,
      "total_fp": 3601,
      "total_fn": 4629
    },
    "multi-target": {
      "num_samples": 5744,
      "mean_precision": 0.4010271587743733,
      "mean_recall": 0.3228341658921384,
      "mean_f1": 0.3431018494040789,
      "exact_set_accuracy": 0.10967966573816156,
      "cardinality_accuracy": 0.633008356545961,
      "count_class_accuracy": 0.633008356545961,
      "count_class_evaluated": 5744,
      "micro_precision": 0.4219641401792991,
      "micro_recall": 0.2641581632653061,
      "micro_f1": 0.32491371195481644,
      "total_tp": 4142,
      "total_fp": 5674,
      "total_fn": 11538
    }
  },
  "by_count_group": {
    "0": {
      "num_samples": 4673,
      "mean_precision": 0.44018831585705115,
      "mean_recall": 0.44018831585705115,
      "mean_f1": 0.44018831585705115,
      "exact_set_accuracy": 0.44018831585705115,
      "cardinality_accuracy": 0.44018831585705115,
      "count_class_accuracy": 0.44018831585705115,
      "count_class_evaluated": 4673,
      "micro_precision": 0.0,
      "micro_recall": 0.0,
      "micro_f1": 0.0,
      "total_tp": 0,
      "total_fp": 2816,
      "total_fn": 0
    },
    "1": {
      "num_samples": 5646,
      "mean_precision": 0.1577222812610698,
      "mean_recall": 0.18012752391073325,
      "mean_f1": 0.16519069547762372,
      "exact_set_accuracy": 0.13531703861140632,
      "cardinality_accuracy": 0.5479985830676585,
      "count_class_accuracy": 0.5479985830676585,
      "count_class_evaluated": 5646,
      "micro_precision": 0.2202252057167605,
      "micro_recall": 0.18012752391073325,
      "micro_f1": 0.19816835541699143,
      "total_tp": 1017,
      "total_fp": 3601,
      "total_fn": 4629
    },
    "2": {
      "num_samples": 3957,
      "mean_precision": 0.40434672731867577,
      "mean_recall": 0.39246904220368967,
      "mean_f1": 0.39642827057535207,
      "exact_set_accuracy": 0.15921152388172857,
      "cardinality_accuracy": 0.9188779378316907,
      "count_class_accuracy": 0.9188779378316907,
      "count_class_evaluated": 3957,
      "micro_precision": 0.41424379834622566,
      "micro_recall": 0.39246904220368967,
      "micro_f1": 0.4030625486633792,
      "total_tp": 3106,
      "total_fp": 4392,
      "total_fn": 4808
    },
    "3+": {
      "num_samples": 1787,
      "mean_precision": 0.393676552881925,
      "mean_recall": 0.16863987066840966,
      "mean_f1": 0.22501978528839114,
      "exact_set_accuracy": 0.0,
      "cardinality_accuracy": 0.0,
      "count_class_accuracy": 0.0,
      "count_class_evaluated": 1787,
      "micro_precision": 0.4469370146678171,
      "micro_recall": 0.1334020087561164,
      "micro_f1": 0.20547401824672748,
      "total_tp": 1036,
      "total_fp": 1282,
      "total_fn": 6730
    }
  },
  "examples": [
    {
      "sample_id": "0000000",
      "image_id": 154,
      "file_name": "COCO_train2014_000000000154.jpg",
      "target_type": "multi-target",
      "expression": "three zebras standing on the savannah.",
      "true_count_class": 3,
      "pred_count_class": 2,
      "gt_candidate_indices": [
        0,
        1,
        2,
        3
      ],
      "pred_candidate_indices": [
        1,
        3
      ],
      "num_predictions": 2,
      "num_targets": 3,
      "precision": 0.5,
      "recall": 0.3333333333333333,
      "f1": 0.4,
      "exact": 0.0
    },
    {
      "sample_id": "0000001",
      "image_id": 154,
      "file_name": "COCO_train2014_000000000154.jpg",
      "target_type": "multi-target",
      "expression": "a trio of zebras positioned on the grassland.",
      "true_count_class": 3,
      "pred_count_class": 2,
      "gt_candidate_indices": [
        0,
        1,
        2,
        3
      ],
      "pred_candidate_indices": [
        1,
        3
      ],
      "num_predictions": 2,
      "num_targets": 3,
      "precision": 0.5,
      "recall": 0.3333333333333333,
      "f1": 0.4,
      "exact": 0.0
    },
    {
      "sample_id": "0000002",
      "image_id": 154,
      "file_name": "COCO_train2014_000000000154.jpg",
      "target_type": "multi-target",
      "expression": "there are three zebras standing in the prairie.",
      "true_count_class": 3,
      "pred_count_class": 2,
      "gt_candidate_indices": [
        0,
        1,
        2,
        3
      ],
      "pred_candidate_indices": [
        1,
        3
      ],
      "num_predictions": 2,
      "num_targets": 3,
      "precision": 0.5,
      "recall": 0.3333333333333333,
      "f1": 0.4,
      "exact": 0.0
    },
    {
      "sample_id": "0000003",
      "image_id": 154,
      "file_name": "COCO_train2014_000000000154.jpg",
      "target_type": "multi-target",
      "expression": "three zebras, all stationary on the grassy plain.",
      "true_count_class": 3,
      "pred_count_class": 2,
      "gt_candidate_indices": [
        0,
        1,
        2,
        3
      ],