{
  "feature_file": "cache/features/stage5/siglip2_detector_testA.pt",
  "checkpoint": "checkpoints/stage5/siglip2_1pct_seed1/last.pt",
  "clip_model": "none",
  "feature_dim": 768,
  "candidate_feature_dim": 768,
  "text_feature_dim": 768,
  "representation": {
    "name": "siglip2",
    "model_ids": {
      "siglip2": "google/siglip2-base-patch16-224"
    },
    "candidate_feature_dim": 768,
    "text_feature_dim": 768,
    "component_normalization": {
      "siglip2_image": "l2",
      "siglip2_text": "l2"
    },
    "fusion": "none",
    "similarity_source": "normalized SigLIP 2 image/text embeddings",
    "encoder_parameters": {
      "siglip2": {
        "total": 375187970,
        "trainable": 0
      }
    }
  },
  "device": "cuda",
  "batch_size": 64,
  "selection_policy": "cardinality-threshold",
  "membership_threshold": 0.5,
  "config": {
    "match_threshold": 0.5,
    "overlap_metric": "giou",
    "prediction_score_threshold": null,
    "image_f1_threshold": 1.0
  },
  "official": {
    "F1_score": 0.28739583333333335,
    "T_acc": 0.913909978308026,
    "N_acc": 0.43907374100719426
  },
  "diagnostics": {
    "num_samples": 19200,
    "mean_precision": 0.46640625,
    "mean_recall": 0.41892802524442807,
    "mean_f1": 0.42982686613155396,
    "exact_set_accuracy": 0.28739583333333335,
    "cardinality_accuracy": 0.6208854166666666,
    "count_class_accuracy": 0.6208854166666666,
    "count_class_evaluated": 19200,
    "micro_precision": 0.4798889226363518,
    "micro_recall": 0.3737749239607976,
    "micro_f1": 0.4202367156182913,
    "total_tp": 11060,
    "total_fp": 11987,
    "total_fn": 18530,
    "no_target_total": 4448,
    "no_target_accuracy": 0.43907374100719426,
    "false_grounding_rate": 0.5609262589928058,
    "single_target_total": 5917,
    "single_target_localization_accuracy": 0.35288152780125065,
    "single_target_exact_accuracy": 0.3199256379922258,
    "multi_target_total": 8835,
    "multi_target_mean_f1": 0.4840606485258498,
    "multi_target_exact_accuracy": 0.18924731182795698
  },
  "by_target_type": {
    "no-target": {
      "num_samples": 4448,
      "mean_precision": 0.43907374100719426,
      "mean_recall": 0.43907374100719426,
      "mean_f1": 0.43907374100719426,
      "exact_set_accuracy": 0.43907374100719426,
      "cardinality_accuracy": 0.43907374100719426,
      "count_class_accuracy": 0.43907374100719426,
      "count_class_evaluated": 4448,
      "micro_precision": 0.0,
      "micro_recall": 0.0,
      "micro_f1": 0.0,
      "total_tp": 0,
      "total_fp": 2692,
      "total_fn": 0
    },
    "single-target": {
      "num_samples": 5917,
      "mean_precision": 0.3364035828967382,
      "mean_recall": 0.35288152780125065,
      "mean_f1": 0.3418962311982437,
      "exact_set_accuracy": 0.3199256379922258,
      "cardinality_accuracy": 0.8046307250295758,
      "count_class_accuracy": 0.8046307250295758,
      "count_class_evaluated": 5917,
      "micro_precision": 0.3831895760690035,
      "micro_recall": 0.35288152780125065,
      "micro_f1": 0.3674115783916945,
      "total_tp": 2088,
      "total_fp": 3361,
      "total_fn": 3829
    },
    "multi-target": {
      "num_samples": 8835,
      "mean_precision": 0.56723259762309,
      "mean_recall": 0.45301845893526926,
      "mean_f1": 0.4840606485258498,
      "exact_set_accuracy": 0.18924731182795698,
      "cardinality_accuracy": 0.5893604980192416,
      "count_class_accuracy": 0.5893604980192416,
      "count_class_evaluated": 8835,
      "micro_precision": 0.6019052730444117,
      "micro_recall": 0.37899716977146963,
      "micro_f1": 0.4651235127919334,
      "total_tp": 8972,
      "total_fp": 5934,
      "total_fn": 14701
    }
  },
  "by_count_group": {
    "0": {
      "num_samples": 4448,
      "mean_precision": 0.43907374100719426,
      "mean_recall": 0.43907374100719426,
      "mean_f1": 0.43907374100719426,
      "exact_set_accuracy": 0.43907374100719426,
      "cardinality_accuracy": 0.43907374100719426,
      "count_class_accuracy": 0.43907374100719426,
      "count_class_evaluated": 4448,
      "micro_precision": 0.0,
      "micro_recall": 0.0,
      "micro_f1": 0.0,
      "total_tp": 0,
      "total_fp": 2692,
      "total_fn": 0
    },
    "1": {
      "num_samples": 5917,
      "mean_precision": 0.3364035828967382,
      "mean_recall": 0.35288152780125065,
      "mean_f1": 0.3418962311982437,
      "exact_set_accuracy": 0.3199256379922258,
      "cardinality_accuracy": 0.8046307250295758,
      "count_class_accuracy": 0.8046307250295758,
      "count_class_evaluated": 5917,
      "micro_precision": 0.3831895760690035,
      "micro_recall": 0.35288152780125065,
      "micro_f1": 0.3674115783916945,
      "total_tp": 2088,
      "total_fp": 3361,
      "total_fn": 3829
    },
    "2": {
      "num_samples": 5940,
      "mean_precision": 0.5802188552188552,
      "mean_recall": 0.5528619528619528,
      "mean_f1": 0.5619809203142512,
      "exact_set_accuracy": 0.2814814814814815,
      "cardinality_accuracy": 0.8765993265993266,
      "count_class_accuracy": 0.8765993265993266,
      "count_class_evaluated": 5940,
      "micro_precision": 0.599434151683855,
      "micro_recall": 0.5528619528619528,
      "micro_f1": 0.5752069010815781,
      "total_tp": 6568,
      "total_fp": 4389,
      "total_fn": 5312
    },
    "3+": {
      "num_samples": 2895,
      "mean_precision": 0.540587219343696,
      "mean_recall": 0.2481582330546068,
      "mean_f1": 0.3241827851672354,
      "exact_set_accuracy": 0.0,
      "cardinality_accuracy": 0.0,
      "count_class_accuracy": 0.0,
      "count_class_evaluated": 2895,
      "micro_precision": 0.6087617118257787,
      "micro_recall": 0.20384974137200035,
      "micro_f1": 0.3054249777664846,
      "total_tp": 2404,
      "total_fp": 1545,
      "total_fn": 9389
    }
  },
  "examples": [
    {
      "sample_id": "0000000",
      "image_id": 839,
      "file_name": "COCO_train2014_000000000839.jpg",
      "target_type": "multi-target",
      "expression": "blue shirt and a frisbee",
      "true_count_class": 2,
      "pred_count_class": 1,
      "gt_candidate_indices": [
        0,
        1
      ],
      "pred_candidate_indices": [
        2
      ],
      "num_predictions": 1,
      "num_targets": 2,
      "precision": 0.0,
      "recall": 0.0,
      "f1": 0.0,
      "exact": 0.0
    },
    {
      "sample_id": "0000001",
      "image_id": 839,
      "file_name": "COCO_train2014_000000000839.jpg",
      "target_type": "multi-target",
      "expression": "blue shirt and frisbee",
      "true_count_class": 2,
      "pred_count_class": 2,
      "gt_candidate_indices": [
        0,
        1
      ],
      "pred_candidate_indices": [
        0,
        2
      ],
      "num_predictions": 2,
      "num_targets": 2,
      "precision": 0.5,
      "recall": 0.5,
      "f1": 0.5,
      "exact": 0.0
    },
    {
      "sample_id": "0000002",
      "image_id": 839,
      "file_name": "COCO_train2014_000000000839.jpg",
      "target_type": "multi-target",
      "expression": "blue shirt and white shirt",
      "true_count_class": 2,
      "pred_count_class": 2,
      "gt_candidate_indices": [
        0,
        2
      ],
      "pred_candidate_indices": [
        0,
        2
      ],
      "num_predictions": 2,
      "num_targets": 2,
      "precision": 1.0,
      "recall": 1.0,
      "f1": 1.0,
      "exact": 1.0
    },
    {
      "sample_id": "0000003",
      "image_id": 839,
      "file_name": "COCO_train2014_000000000839.jpg",
      "target_type": "multi-target",
      "expression": "blue cshirt and falling",
      "true_count_class": 2,
      "pred_count_class": 2,
      "gt_candidate_indices": [
        0,
        2
      ],
      "pred_candidate_indices": [
        0,
        2
      ],
      "num_predictions": 2,
      "num_targets": 2,
      "precision": 1.0,
      "recall": 1.0,
      "f1": 1.0,
      "exact": 1.0
    },
    {
      "sample_id": "0000004",
      "image_id": 839,