{
  "feature_file": "cache/features/stage5/siglip2_detector_testB.pt",
  "checkpoint": "checkpoints/stage5/siglip2_5pct_seed2/last.pt",
  "clip_model": "none",
  "feature_dim": 768,
  "candidate_feature_dim": 768,
  "text_feature_dim": 768,
  "representation": {
    "name": "siglip2",
    "model_ids": {
      "siglip2": "google/siglip2-base-patch16-224"
    },
    "candidate_feature_dim": 768,
    "text_feature_dim": 768,
    "component_normalization": {
      "siglip2_image": "l2",
      "siglip2_text": "l2"
    },
    "fusion": "none",
    "similarity_source": "normalized SigLIP 2 image/text embeddings",
    "encoder_parameters": {
      "siglip2": {
        "total": 375187970,
        "trainable": 0
      }
    }
  },
  "device": "cuda",
  "batch_size": 64,
  "selection_policy": "cardinality-threshold",
  "membership_threshold": 0.5,
  "config": {
    "match_threshold": 0.5,
    "overlap_metric": "giou",
    "prediction_score_threshold": null,
    "image_f1_threshold": 1.0
  },
  "official": {
    "F1_score": 0.32434788022162736,
    "T_acc": 0.9576821773485513,
    "N_acc": 0.5274983950353093
  },
  "diagnostics": {
    "num_samples": 16063,
    "mean_precision": 0.4608700835887452,
    "mean_recall": 0.4422912765501315,
    "mean_f1": 0.44200410144703156,
    "exact_set_accuracy": 0.32434788022162736,
    "cardinality_accuracy": 0.6811305484654174,
    "count_class_accuracy": 0.6934570130112682,
    "count_class_evaluated": 16063,
    "micro_precision": 0.3985644502043665,
    "micro_recall": 0.3749413861014724,
    "micro_f1": 0.38639219097322897,
    "total_tp": 7996,
    "total_fp": 12066,
    "total_fn": 13330,
    "no_target_total": 4673,
    "no_target_accuracy": 0.5274983950353093,
    "false_grounding_rate": 0.4725016049646908,
    "single_target_total": 5646,
    "single_target_localization_accuracy": 0.37229897272405243,
    "single_target_exact_accuracy": 0.3237690400283387,
    "multi_target_total": 5744,
    "multi_target_mean_f1": 0.4570096442714444,
    "multi_target_exact_accuracy": 0.15964484679665739
  },
  "by_target_type": {
    "no-target": {
      "num_samples": 4673,
      "mean_precision": 0.5274983950353093,
      "mean_recall": 0.5274983950353093,
      "mean_f1": 0.5274983950353093,
      "exact_set_accuracy": 0.5274983950353093,
      "cardinality_accuracy": 0.5274983950353093,
      "count_class_accuracy": 0.5274983950353093,
      "count_class_evaluated": 4673,
      "micro_precision": 0.0,
      "micro_recall": 0.0,
      "micro_f1": 0.0,
      "total_tp": 0,
      "total_fp": 2387,
      "total_fn": 0
    },
    "single-target": {
      "num_samples": 5646,
      "mean_precision": 0.34790412091155976,
      "mean_recall": 0.37229897272405243,
      "mean_f1": 0.35597741495722474,
      "exact_set_accuracy": 0.3237690400283387,
      "cardinality_accuracy": 0.8087141339001063,
      "count_class_accuracy": 0.8087141339001063,
      "count_class_evaluated": 5646,
      "micro_precision": 0.35578876100203116,
      "micro_recall": 0.37229897272405243,
      "micro_f1": 0.3638566730136749,
      "total_tp": 2102,
      "total_fp": 3806,
      "total_fn": 3544
    },
    "multi-target": {
      "num_samples": 5744,
      "mean_precision": 0.5177036013264896,
      "mean_recall": 0.44176963356977283,
      "mean_f1": 0.4570096442714444,
      "exact_set_accuracy": 0.15964484679665739,
      "cardinality_accuracy": 0.6807103064066853,
      "count_class_accuracy": 0.7151810584958217,
      "count_class_evaluated": 5744,
      "micro_precision": 0.5008923259964307,
      "micro_recall": 0.37589285714285714,
      "micro_f1": 0.42948227492986485,
      "total_tp": 5894,
      "total_fp": 5873,
      "total_fn": 9786
    }
  },
  "by_count_group": {
    "0": {
      "num_samples": 4673,
      "mean_precision": 0.5274983950353093,
      "mean_recall": 0.5274983950353093,
      "mean_f1": 0.5274983950353093,
      "exact_set_accuracy": 0.5274983950353093,
      "cardinality_accuracy": 0.5274983950353093,
      "count_class_accuracy": 0.5274983950353093,
      "count_class_evaluated": 4673,
      "micro_precision": 0.0,
      "micro_recall": 0.0,
      "micro_f1": 0.0,
      "total_tp": 0,
      "total_fp": 2387,
      "total_fn": 0
    },
    "1": {
      "num_samples": 5646,
      "mean_precision": 0.34790412091155976,
      "mean_recall": 0.37229897272405243,
      "mean_f1": 0.35597741495722474,
      "exact_set_accuracy": 0.3237690400283387,
      "cardinality_accuracy": 0.8087141339001063,
      "count_class_accuracy": 0.8087141339001063,
      "count_class_evaluated": 5646,
      "micro_precision": 0.35578876100203116,
      "micro_recall": 0.37229897272405243,
      "micro_f1": 0.3638566730136749,
      "total_tp": 2102,
      "total_fp": 3806,
      "total_fn": 3544
    },
    "2": {
      "num_samples": 3957,
      "mean_precision": 0.5173440878330946,
      "mean_recall": 0.5089714430123832,
      "mean_f1": 0.511190973965804,
      "exact_set_accuracy": 0.2256760171847359,
      "cardinality_accuracy": 0.9509729593126106,
      "count_class_accuracy": 0.9509729593126106,
      "count_class_evaluated": 3957,
      "micro_precision": 0.5190721649484537,
      "micro_recall": 0.5089714430123832,
      "micro_f1": 0.5139721832333801,
      "total_tp": 4028,
      "total_fp": 3732,
      "total_fn": 3886
    },
    "3+": {
      "num_samples": 1787,
      "mean_precision": 0.5184996812891985,
      "mean_recall": 0.29296294080849133,
      "mean_f1": 0.33703453425432284,
      "exact_set_accuracy": 0.013430330162283156,
      "cardinality_accuracy": 0.08226077224398433,
      "count_class_accuracy": 0.19306099608282037,
      "count_class_evaluated": 1787,
      "micro_precision": 0.46568505116046915,
      "micro_recall": 0.24027813546227145,
      "micro_f1": 0.3169965174551941,
      "total_tp": 1866,
      "total_fp": 2141,
      "total_fn": 5900
    }
  },
  "examples": [
    {
      "sample_id": "0000000",
      "image_id": 154,
      "file_name": "COCO_train2014_000000000154.jpg",
      "target_type": "multi-target",
      "expression": "three zebras standing on the savannah.",
      "true_count_class": 3,
      "pred_count_class": 3,
      "gt_candidate_indices": [
        0,
        1,
        2,
        3
      ],
      "pred_candidate_indices": [
        0,
        1,
        3
      ],
      "num_predictions": 3,
      "num_targets": 3,
      "precision": 0.6666666666666666,
      "recall": 0.6666666666666666,
      "f1": 0.6666666666666666,
      "exact": 0.0
    },
    {
      "sample_id": "0000001",
      "image_id": 154,
      "file_name": "COCO_train2014_000000000154.jpg",
      "target_type": "multi-target",
      "expression": "a trio of zebras positioned on the grassland.",
      "true_count_class": 3,
      "pred_count_class": 3,
      "gt_candidate_indices": [
        0,
        1,
        2,
        3
      ],
      "pred_candidate_indices": [
        0,
        1,
        3
      ],
      "num_predictions": 3,
      "num_targets": 3,
      "precision": 0.6666666666666666,
      "recall": 0.6666666666666666,
      "f1": 0.6666666666666666,
      "exact": 0.0
    },
    {
      "sample_id": "0000002",
      "image_id": 154,
      "file_name": "COCO_train2014_000000000154.jpg",
      "target_type": "multi-target",
      "expression": "there are three zebras standing in the prairie.",
      "true_count_class": 3,
      "pred_count_class": 2,
      "gt_candidate_indices": [
        0,
        1,
        2,
        3
      ],
      "pred_candidate_indices": [
        1,
        3
      ],
      "num_predictions": 2,
      "num_targets": 3,
      "precision": 0.5,
      "recall": 0.3333333333333333,
      "f1": 0.4,
      "exact": 0.0
    },
    {
      "sample_id": "0000003",
      "image_id": 154,
      "file_name": "COCO_train2014_000000000154.jpg",
      "target_type": "multi-target",
      "expression": "three zebras, all stationary on the grassy plain.",
      "true_count_class": 3,