{
  "feature_file": "cache/features/stage5/siglip2_detector_testB.pt",
  "checkpoint": "checkpoints/stage5/siglip2_5pct_seed2/best.pt",
  "clip_model": "none",
  "feature_dim": 768,
  "candidate_feature_dim": 768,
  "text_feature_dim": 768,
  "representation": {
    "name": "siglip2",
    "model_ids": {
      "siglip2": "google/siglip2-base-patch16-224"
    },
    "candidate_feature_dim": 768,
    "text_feature_dim": 768,
    "component_normalization": {
      "siglip2_image": "l2",
      "siglip2_text": "l2"
    },
    "fusion": "none",
    "similarity_source": "normalized SigLIP 2 image/text embeddings",
    "encoder_parameters": {
      "siglip2": {
        "total": 375187970,
        "trainable": 0
      }
    }
  },
  "device": "cuda",
  "batch_size": 64,
  "selection_policy": "cardinality-threshold",
  "membership_threshold": 0.5,
  "config": {
    "match_threshold": 0.5,
    "overlap_metric": "giou",
    "prediction_score_threshold": null,
    "image_f1_threshold": 1.0
  },
  "official": {
    "F1_score": 0.29378073834277535,
    "T_acc": 0.667515364354697,
    "N_acc": 0.7506954846993367
  },
  "diagnostics": {
    "num_samples": 16063,
    "mean_precision": 0.40300691029073027,
    "mean_recall": 0.38982861542781666,
    "mean_f1": 0.3904931283067377,
    "exact_set_accuracy": 0.29378073834277535,
    "cardinality_accuracy": 0.5596090394073336,
    "count_class_accuracy": 0.5596090394073336,
    "count_class_evaluated": 16063,
    "micro_precision": 0.3644298582501222,
    "micro_recall": 0.2447247491325143,
    "micro_f1": 0.292815664712318,
    "total_tp": 5219,
    "total_fp": 9102,
    "total_fn": 16107,
    "no_target_total": 4673,
    "no_target_accuracy": 0.7506954846993367,
    "false_grounding_rate": 0.2493045153006634,
    "single_target_total": 5646,
    "single_target_localization_accuracy": 0.13248317392844491,
    "single_target_exact_accuracy": 0.08678710591569253,
    "multi_target_total": 5744,
    "multi_target_mean_f1": 0.36603257660012634,
    "multi_target_exact_accuracy": 0.12552228412256267
  },
  "by_target_type": {
    "no-target": {
      "num_samples": 4673,
      "mean_precision": 0.7506954846993367,
      "mean_recall": 0.7506954846993367,
      "mean_f1": 0.7506954846993367,
      "exact_set_accuracy": 0.7506954846993367,
      "cardinality_accuracy": 0.7506954846993367,
      "count_class_accuracy": 0.7506954846993367,
      "count_class_evaluated": 4673,
      "micro_precision": 0.0,
      "micro_recall": 0.0,
      "micro_f1": 0.0,
      "total_tp": 0,
      "total_fp": 1355,
      "total_fn": 0
    },
    "single-target": {
      "num_samples": 5646,
      "mean_precision": 0.10963513992206872,
      "mean_recall": 0.13248317392844491,
      "mean_f1": 0.11725115125752737,
      "exact_set_accuracy": 0.08678710591569253,
      "cardinality_accuracy": 0.312256464753808,
      "count_class_accuracy": 0.312256464753808,
      "count_class_evaluated": 5646,
      "micro_precision": 0.23179423613263092,
      "micro_recall": 0.13248317392844491,
      "micro_f1": 0.16860137495773694,
      "total_tp": 748,
      "total_fp": 2479,
      "total_fn": 4898
    },
    "multi-target": {
      "num_samples": 5744,
      "mean_precision": 0.4085132311977716,
      "mean_recall": 0.3492021325934966,
      "mean_f1": 0.36603257660012634,
      "exact_set_accuracy": 0.12552228412256267,
      "cardinality_accuracy": 0.6472841225626741,
      "count_class_accuracy": 0.6472841225626741,
      "count_class_evaluated": 5744,
      "micro_precision": 0.45908204127733854,
      "micro_recall": 0.285140306122449,
      "micro_f1": 0.35178409850898934,
      "total_tp": 4471,
      "total_fp": 5268,
      "total_fn": 11209
    }
  },
  "by_count_group": {
    "0": {
      "num_samples": 4673,
      "mean_precision": 0.7506954846993367,
      "mean_recall": 0.7506954846993367,
      "mean_f1": 0.7506954846993367,
      "exact_set_accuracy": 0.7506954846993367,
      "cardinality_accuracy": 0.7506954846993367,
      "count_class_accuracy": 0.7506954846993367,
      "count_class_evaluated": 4673,
      "micro_precision": 0.0,
      "micro_recall": 0.0,
      "micro_f1": 0.0,
      "total_tp": 0,
      "total_fp": 1355,
      "total_fn": 0
    },
    "1": {
      "num_samples": 5646,
      "mean_precision": 0.10963513992206872,
      "mean_recall": 0.13248317392844491,
      "mean_f1": 0.11725115125752737,
      "exact_set_accuracy": 0.08678710591569253,
      "cardinality_accuracy": 0.312256464753808,
      "count_class_accuracy": 0.312256464753808,
      "count_class_evaluated": 5646,
      "micro_precision": 0.23179423613263092,
      "micro_recall": 0.13248317392844491,
      "micro_f1": 0.16860137495773694,
      "total_tp": 748,
      "total_fp": 2479,
      "total_fn": 4898
    },
    "2": {
      "num_samples": 3957,
      "mean_precision": 0.429618397776093,
      "mean_recall": 0.4263330806166288,
      "mean_f1": 0.4274281863364503,
      "exact_set_accuracy": 0.18220874399797826,
      "cardinality_accuracy": 0.9396007076067728,
      "count_class_accuracy": 0.9396007076067728,
      "count_class_evaluated": 3957,
      "micro_precision": 0.45125050153805,
      "micro_recall": 0.4263330806166288,
      "micro_f1": 0.4384380482099928,
      "total_tp": 3374,
      "total_fp": 4103,
      "total_fn": 4540
    },
    "3+": {
      "num_samples": 1787,
      "mean_precision": 0.3617795187465025,
      "mean_recall": 0.1784090932384159,
      "mean_f1": 0.23008270098365177,
      "exact_set_accuracy": 0.0,
      "cardinality_accuracy": 0.0,
      "count_class_accuracy": 0.0,
      "count_class_evaluated": 1787,
      "micro_precision": 0.4849690539345712,
      "micro_recall": 0.1412567602369302,
      "micro_f1": 0.2187873952931791,
      "total_tp": 1097,
      "total_fp": 1165,
      "total_fn": 6669
    }
  },
  "examples": [
    {
      "sample_id": "0000000",
      "image_id": 154,
      "file_name": "COCO_train2014_000000000154.jpg",
      "target_type": "multi-target",
      "expression": "three zebras standing on the savannah.",
      "true_count_class": 3,
      "pred_count_class": 2,
      "gt_candidate_indices": [
        0,
        1,
        2,
        3
      ],
      "pred_candidate_indices": [
        1,
        3
      ],
      "num_predictions": 2,
      "num_targets": 3,
      "precision": 0.5,
      "recall": 0.3333333333333333,
      "f1": 0.4,
      "exact": 0.0
    },
    {
      "sample_id": "0000001",
      "image_id": 154,
      "file_name": "COCO_train2014_000000000154.jpg",
      "target_type": "multi-target",
      "expression": "a trio of zebras positioned on the grassland.",
      "true_count_class": 3,
      "pred_count_class": 2,
      "gt_candidate_indices": [
        0,
        1,
        2,
        3
      ],
      "pred_candidate_indices": [
        1,
        3
      ],
      "num_predictions": 2,
      "num_targets": 3,
      "precision": 0.5,
      "recall": 0.3333333333333333,
      "f1": 0.4,
      "exact": 0.0
    },
    {
      "sample_id": "0000002",
      "image_id": 154,
      "file_name": "COCO_train2014_000000000154.jpg",
      "target_type": "multi-target",
      "expression": "there are three zebras standing in the prairie.",
      "true_count_class": 3,
      "pred_count_class": 2,
      "gt_candidate_indices": [
        0,
        1,
        2,
        3
      ],
      "pred_candidate_indices": [
        1,
        3
      ],
      "num_predictions": 2,
      "num_targets": 3,
      "precision": 0.5,
      "recall": 0.3333333333333333,
      "f1": 0.4,
      "exact": 0.0
    },
    {
      "sample_id": "0000003",
      "image_id": 154,
      "file_name": "COCO_train2014_000000000154.jpg",
      "target_type": "multi-target",
      "expression": "three zebras, all stationary on the grassy plain.",
      "true_count_class": 3,
      "pred_count_class": 2,
      "gt_candidate_indices": [
        0,
        1,
        2,
        3
      ],