{
  "feature_file": "cache/features/stage5/siglip2_detector_testB.pt",
  "checkpoint": "checkpoints/stage5_5/siglip2_10pct_seed0_hierarchical/selected.pt",
  "clip_model": "none",
  "feature_dim": 768,
  "candidate_feature_dim": 768,
  "text_feature_dim": 768,
  "representation": {
    "name": "siglip2",
    "model_ids": {
      "siglip2": "google/siglip2-base-patch16-224"
    },
    "candidate_feature_dim": 768,
    "text_feature_dim": 768,
    "component_normalization": {
      "siglip2_image": "l2",
      "siglip2_text": "l2"
    },
    "fusion": "none",
    "similarity_source": "normalized SigLIP 2 image/text embeddings",
    "encoder_parameters": {
      "siglip2": {
        "total": 375187970,
        "trainable": 0
      }
    }
  },
  "device": "cuda",
  "batch_size": 128,
  "selection_policy": "cardinality-threshold",
  "membership_threshold": 0.7,
  "count_logit_bias": [
    1.0,
    0.0,
    0.0,
    1.5
  ],
  "config": {
    "match_threshold": 0.5,
    "overlap_metric": "giou",
    "prediction_score_threshold": null,
    "image_f1_threshold": 1.0
  },
  "official": {
    "F1_score": 0.3933885326526801,
    "T_acc": 0.9413520632133451,
    "N_acc": 0.5976888508452814
  },
  "diagnostics": {
    "num_samples": 16063,
    "mean_precision": 0.5273595404781983,
    "mean_recall": 0.5051715629269625,
    "mean_f1": 0.5084227876342389,
    "exact_set_accuracy": 0.3933885326526801,
    "cardinality_accuracy": 0.7290045446056154,
    "count_class_accuracy": 0.75421776754031,
    "count_class_evaluated": 16063,
    "micro_precision": 0.473744769874477,
    "micro_recall": 0.4247397542905374,
    "micro_f1": 0.44790584977500864,
    "total_tp": 9058,
    "total_fp": 10062,
    "total_fn": 12268,
    "no_target_total": 4673,
    "no_target_accuracy": 0.5976888508452814,
    "false_grounding_rate": 0.4023111491547186,
    "single_target_total": 5646,
    "single_target_localization_accuracy": 0.4518243003896564,
    "single_target_exact_accuracy": 0.4291533829259653,
    "multi_target_total": 5744,
    "multi_target_mean_f1": 0.49906486265705274,
    "multi_target_exact_accuracy": 0.19202646239554316
  },
  "by_target_type": {
    "no-target": {
      "num_samples": 4673,
      "mean_precision": 0.5976888508452814,
      "mean_recall": 0.5976888508452814,
      "mean_f1": 0.5976888508452814,
      "exact_set_accuracy": 0.5976888508452814,
      "cardinality_accuracy": 0.5976888508452814,
      "count_class_accuracy": 0.5976888508452814,
      "count_class_evaluated": 4673,
      "micro_precision": 0.0,
      "micro_recall": 0.0,
      "micro_f1": 0.0,
      "total_tp": 0,
      "total_fp": 2035,
      "total_fn": 0
    },
    "single-target": {
      "num_samples": 5646,
      "mean_precision": 0.44028220569134485,
      "mean_recall": 0.4518243003896564,
      "mean_f1": 0.44406069193529357,
      "exact_set_accuracy": 0.4291533829259653,
      "cardinality_accuracy": 0.8535246191994332,
      "count_class_accuracy": 0.8535246191994332,
      "count_class_evaluated": 5646,
      "micro_precision": 0.4754006708907939,
      "micro_recall": 0.4518243003896564,
      "micro_f1": 0.4633127497275699,
      "total_tp": 2551,
      "total_fp": 2815,
      "total_fn": 3095
    },
    "multi-target": {
      "num_samples": 5744,
      "mean_precision": 0.5557351959206067,
      "mean_recall": 0.4823417157548419,
      "mean_f1": 0.49906486265705274,
      "exact_set_accuracy": 0.19202646239554316,
      "cardinality_accuracy": 0.7134401114206128,
      "count_class_accuracy": 0.7839484679665738,
      "count_class_evaluated": 5744,
      "micro_precision": 0.5552521546207014,
      "micro_recall": 0.4149872448979592,
      "micro_f1": 0.47498083871674146,
      "total_tp": 6507,
      "total_fp": 5212,
      "total_fn": 9173
    }
  },
  "by_count_group": {
    "0": {
      "num_samples": 4673,
      "mean_precision": 0.5976888508452814,
      "mean_recall": 0.5976888508452814,
      "mean_f1": 0.5976888508452814,
      "exact_set_accuracy": 0.5976888508452814,
      "cardinality_accuracy": 0.5976888508452814,
      "count_class_accuracy": 0.5976888508452814,
      "count_class_evaluated": 4673,
      "micro_precision": 0.0,
      "micro_recall": 0.0,
      "micro_f1": 0.0,
      "total_tp": 0,
      "total_fp": 2035,
      "total_fn": 0
    },
    "1": {
      "num_samples": 5646,
      "mean_precision": 0.44028220569134485,
      "mean_recall": 0.4518243003896564,
      "mean_f1": 0.44406069193529357,
      "exact_set_accuracy": 0.4291533829259653,
      "cardinality_accuracy": 0.8535246191994332,
      "count_class_accuracy": 0.8535246191994332,
      "count_class_evaluated": 5646,
      "micro_precision": 0.4754006708907939,
      "micro_recall": 0.4518243003896564,
      "micro_f1": 0.4633127497275699,
      "total_tp": 2551,
      "total_fp": 2815,
      "total_fn": 3095
    },
    "2": {
      "num_samples": 3957,
      "mean_precision": 0.5558630275461209,
      "mean_recall": 0.5473843821076573,
      "mean_f1": 0.5493832508995515,
      "exact_set_accuracy": 0.26181450593884253,
      "cardinality_accuracy": 0.9416224412433661,
      "count_class_accuracy": 0.9411170078342178,
      "count_class_evaluated": 3957,
      "micro_precision": 0.5616491637495138,
      "micro_recall": 0.5473843821076573,
      "micro_f1": 0.5544250335956997,
      "total_tp": 4332,
      "total_fp": 3381,
      "total_fn": 3582
    },
    "3+": {
      "num_samples": 1787,
      "mean_precision": 0.5554521350688102,
      "mean_recall": 0.3383160689959798,
      "mean_f1": 0.38764356311839543,
      "exact_set_accuracy": 0.03749300503637381,
      "cardinality_accuracy": 0.2081701175153889,
      "count_class_accuracy": 0.43592613318410744,
      "count_class_evaluated": 1787,
      "micro_precision": 0.5429355966050924,
      "micro_recall": 0.2800669585372135,
      "micro_f1": 0.36952089704383284,
      "total_tp": 2175,
      "total_fp": 1831,
      "total_fn": 5591
    }
  },
  "examples": [
    {
      "sample_id": "0000000",
      "image_id": 154,
      "file_name": "COCO_train2014_000000000154.jpg",
      "target_type": "multi-target",
      "expression": "three zebras standing on the savannah.",
      "true_count_class": 3,
      "pred_count_class": 3,
      "gt_candidate_indices": [
        0,
        1,
        2,
        3
      ],
      "pred_candidate_indices": [
        0,
        1,
        3
      ],
      "num_predictions": 3,
      "num_targets": 3,
      "precision": 0.6666666666666666,
      "recall": 0.6666666666666666,
      "f1": 0.6666666666666666,
      "exact": 0.0
    },
    {
      "sample_id": "0000001",
      "image_id": 154,
      "file_name": "COCO_train2014_000000000154.jpg",
      "target_type": "multi-target",
      "expression": "a trio of zebras positioned on the grassland.",
      "true_count_class": 3,
      "pred_count_class": 3,
      "gt_candidate_indices": [
        0,
        1,
        2,
        3
      ],
      "pred_candidate_indices": [
        0,
        1,
        3
      ],
      "num_predictions": 3,
      "num_targets": 3,
      "precision": 0.6666666666666666,
      "recall": 0.6666666666666666,
      "f1": 0.6666666666666666,
      "exact": 0.0
    },
    {
      "sample_id": "0000002",
      "image_id": 154,
      "file_name": "COCO_train2014_000000000154.jpg",
      "target_type": "multi-target",
      "expression": "there are three zebras standing in the prairie.",
      "true_count_class": 3,
      "pred_count_class": 3,
      "gt_candidate_indices": [
        0,
        1,
        2,
        3
      ],
      "pred_candidate_indices": [
        0,
        1,
        3
      ],
      "num_predictions": 3,
      "num_targets": 3,
      "precision": 0.6666666666666666,
      "recall": 0.6666666666666666,
      "f1": 0.6666666666666666,
      "exact": 0.0
    },
    {
      "sample_id": "0000003",
      "image_id": 154,
      "file_name": "COCO_train2014_000000000154.jpg",
      "target_type": "multi-target",