{
  "feature_file": "cache/features/stage5/siglip2_detector_testA.pt",
  "checkpoint": "checkpoints/stage5_5/siglip2_10pct_seed0_hierarchical/selected.pt",
  "clip_model": "none",
  "feature_dim": 768,
  "candidate_feature_dim": 768,
  "text_feature_dim": 768,
  "representation": {
    "name": "siglip2",
    "model_ids": {
      "siglip2": "google/siglip2-base-patch16-224"
    },
    "candidate_feature_dim": 768,
    "text_feature_dim": 768,
    "component_normalization": {
      "siglip2_image": "l2",
      "siglip2_text": "l2"
    },
    "fusion": "none",
    "similarity_source": "normalized SigLIP 2 image/text embeddings",
    "encoder_parameters": {
      "siglip2": {
        "total": 375187970,
        "trainable": 0
      }
    }
  },
  "device": "cuda",
  "batch_size": 128,
  "selection_policy": "cardinality-threshold",
  "membership_threshold": 0.7,
  "count_logit_bias": [
    1.0,
    0.0,
    0.0,
    1.5
  ],
  "config": {
    "match_threshold": 0.5,
    "overlap_metric": "giou",
    "prediction_score_threshold": null,
    "image_f1_threshold": 1.0
  },
  "official": {
    "F1_score": 0.44697916666666665,
    "T_acc": 0.9716648590021691,
    "N_acc": 0.5825089928057554
  },
  "diagnostics": {
    "num_samples": 19200,
    "mean_precision": 0.6261235569909483,
    "mean_recall": 0.5904952931183423,
    "mean_f1": 0.59773161125588,
    "exact_set_accuracy": 0.44697916666666665,
    "cardinality_accuracy": 0.73921875,
    "count_class_accuracy": 0.7644791666666667,
    "count_class_evaluated": 19200,
    "micro_precision": 0.5925222045533879,
    "micro_recall": 0.5162892869212572,
    "micro_f1": 0.5517851660556589,
    "total_tp": 15277,
    "total_fp": 10506,
    "total_fn": 14313,
    "no_target_total": 4448,
    "no_target_accuracy": 0.5825089928057554,
    "false_grounding_rate": 0.4174910071942446,
    "single_target_total": 5917,
    "single_target_localization_accuracy": 0.6413723170525604,
    "single_target_exact_accuracy": 0.6124725367584924,
    "multi_target_total": 8835,
    "multi_target_mean_f1": 0.5826576422689764,
    "multi_target_exact_accuracy": 0.26791171477079795
  },
  "by_target_type": {
    "no-target": {
      "num_samples": 4448,
      "mean_precision": 0.5825089928057554,
      "mean_recall": 0.5825089928057554,
      "mean_f1": 0.5825089928057554,
      "exact_set_accuracy": 0.5825089928057554,
      "cardinality_accuracy": 0.5825089928057554,
      "count_class_accuracy": 0.5825089928057554,
      "count_class_evaluated": 4448,
      "micro_precision": 0.0,
      "micro_recall": 0.0,
      "micro_f1": 0.0,
      "total_tp": 0,
      "total_fp": 2092,
      "total_fn": 0
    },
    "single-target": {
      "num_samples": 5917,
      "mean_precision": 0.6268660920511521,
      "mean_recall": 0.6413723170525604,
      "mean_f1": 0.6316827221001614,
      "exact_set_accuracy": 0.6124725367584924,
      "cardinality_accuracy": 0.9224269055264492,
      "count_class_accuracy": 0.9224269055264492,
      "count_class_evaluated": 5917,
      "micro_precision": 0.6394271272114574,
      "micro_recall": 0.6413723170525604,
      "micro_f1": 0.6403982450219372,
      "total_tp": 3795,
      "total_fp": 2140,
      "total_fn": 2122
    },
    "multi-target": {
      "num_samples": 8835,
      "mean_precision": 0.6475841117781076,
      "mean_recall": 0.5604425158881843,
      "mean_f1": 0.5826576422689764,
      "exact_set_accuracy": 0.26791171477079795,
      "cardinality_accuracy": 0.6954159592529712,
      "count_class_accuracy": 0.7503112620260328,
      "count_class_evaluated": 8835,
      "micro_precision": 0.646654651948637,
      "micro_recall": 0.4850251341190386,
      "micro_f1": 0.5542977141615777,
      "total_tp": 11482,
      "total_fp": 6274,
      "total_fn": 12191
    }
  },
  "by_count_group": {
    "0": {
      "num_samples": 4448,
      "mean_precision": 0.5825089928057554,
      "mean_recall": 0.5825089928057554,
      "mean_f1": 0.5825089928057554,
      "exact_set_accuracy": 0.5825089928057554,
      "cardinality_accuracy": 0.5825089928057554,
      "count_class_accuracy": 0.5825089928057554,
      "count_class_evaluated": 4448,
      "micro_precision": 0.0,
      "micro_recall": 0.0,
      "micro_f1": 0.0,
      "total_tp": 0,
      "total_fp": 2092,
      "total_fn": 0
    },
    "1": {
      "num_samples": 5917,
      "mean_precision": 0.6268660920511521,
      "mean_recall": 0.6413723170525604,
      "mean_f1": 0.6316827221001614,
      "exact_set_accuracy": 0.6124725367584924,
      "cardinality_accuracy": 0.9224269055264492,
      "count_class_accuracy": 0.9224269055264492,
      "count_class_evaluated": 5917,
      "micro_precision": 0.6394271272114574,
      "micro_recall": 0.6413723170525604,
      "micro_f1": 0.6403982450219372,
      "total_tp": 3795,
      "total_fp": 2140,
      "total_fn": 2122
    },
    "2": {
      "num_samples": 5940,
      "mean_precision": 0.6678741114852226,
      "mean_recall": 0.649074074074074,
      "mean_f1": 0.6546323261474757,
      "exact_set_accuracy": 0.37575757575757573,
      "cardinality_accuracy": 0.92996632996633,
      "count_class_accuracy": 0.92996632996633,
      "count_class_evaluated": 5940,
      "micro_precision": 0.6674456851034364,
      "micro_recall": 0.649074074074074,
      "micro_f1": 0.6581316946187001,
      "total_tp": 7711,
      "total_fp": 3842,
      "total_fn": 4169
    },
    "3+": {
      "num_samples": 2895,
      "mean_precision": 0.6059528170422652,
      "mean_recall": 0.378587090802117,
      "mean_f1": 0.43497901627991753,
      "exact_set_accuracy": 0.046632124352331605,
      "cardinality_accuracy": 0.2141623488773748,
      "count_class_accuracy": 0.38169257340241797,
      "count_class_evaluated": 2895,
      "micro_precision": 0.6079316459777527,
      "micro_recall": 0.31976596285932335,
      "micro_f1": 0.41909313180706825,
      "total_tp": 3771,
      "total_fp": 2432,
      "total_fn": 8022
    }
  },
  "examples": [
    {
      "sample_id": "0000000",
      "image_id": 839,
      "file_name": "COCO_train2014_000000000839.jpg",
      "target_type": "multi-target",
      "expression": "blue shirt and a frisbee",
      "true_count_class": 2,
      "pred_count_class": 2,
      "gt_candidate_indices": [
        0,
        1
      ],
      "pred_candidate_indices": [
        0,
        2
      ],
      "num_predictions": 2,
      "num_targets": 2,
      "precision": 0.5,
      "recall": 0.5,
      "f1": 0.5,
      "exact": 0.0
    },
    {
      "sample_id": "0000001",
      "image_id": 839,
      "file_name": "COCO_train2014_000000000839.jpg",
      "target_type": "multi-target",
      "expression": "blue shirt and frisbee",
      "true_count_class": 2,
      "pred_count_class": 2,
      "gt_candidate_indices": [
        0,
        1
      ],
      "pred_candidate_indices": [
        0,
        2
      ],
      "num_predictions": 2,
      "num_targets": 2,
      "precision": 0.5,
      "recall": 0.5,
      "f1": 0.5,
      "exact": 0.0
    },
    {
      "sample_id": "0000002",
      "image_id": 839,
      "file_name": "COCO_train2014_000000000839.jpg",
      "target_type": "multi-target",
      "expression": "blue shirt and white shirt",
      "true_count_class": 2,
      "pred_count_class": 2,
      "gt_candidate_indices": [
        0,
        2
      ],
      "pred_candidate_indices": [
        0,
        2
      ],
      "num_predictions": 2,
      "num_targets": 2,
      "precision": 1.0,
      "recall": 1.0,
      "f1": 1.0,
      "exact": 1.0
    },
    {
      "sample_id": "0000003",
      "image_id": 839,
      "file_name": "COCO_train2014_000000000839.jpg",
      "target_type": "multi-target",
      "expression": "blue cshirt and falling",
      "true_count_class": 2,
      "pred_count_class": 2,
      "gt_candidate_indices": [
        0,
        2
      ],
      "pred_candidate_indices": [
        0,
        2
      ],
      "num_predictions": 2,
      "num_targets": 2,
      "precision": 1.0,