{
  "feature_file": "cache/features/stage5/clip_detector_testA.pt",
  "checkpoint": "checkpoints/stage5/clip_10pct_seed1/last.pt",
  "clip_model": "ViT-B/32",
  "feature_dim": 512,
  "candidate_feature_dim": 512,
  "text_feature_dim": 512,
  "representation": {
    "name": "clip",
    "model_ids": {
      "clip": "ViT-B/32"
    },
    "candidate_feature_dim": 512,
    "text_feature_dim": 512,
    "component_normalization": {
      "clip_image": "l2",
      "clip_text": "l2"
    },
    "fusion": "none",
    "encoder_parameters": {
      "clip": {
        "total": 151277313,
        "trainable": 0
      }
    }
  },
  "device": "cuda",
  "batch_size": 64,
  "selection_policy": "cardinality-threshold",
  "membership_threshold": 0.5,
  "config": {
    "match_threshold": 0.5,
    "overlap_metric": "giou",
    "prediction_score_threshold": null,
    "image_f1_threshold": 1.0
  },
  "official": {
    "F1_score": 0.32677083333333334,
    "T_acc": 0.9595309110629068,
    "N_acc": 0.48763489208633093
  },
  "diagnostics": {
    "num_samples": 19200,
    "mean_precision": 0.5060198337542097,
    "mean_recall": 0.4762299162787432,
    "mean_f1": 0.4813809914129276,
    "exact_set_accuracy": 0.32677083333333334,
    "cardinality_accuracy": 0.68546875,
    "count_class_accuracy": 0.7042708333333333,
    "count_class_evaluated": 19200,
    "micro_precision": 0.4862263650486908,
    "micro_recall": 0.43366002027712064,
    "micro_f1": 0.45844125685500436,
    "total_tp": 12832,
    "total_fp": 13559,
    "total_fn": 16758,
    "no_target_total": 4448,
    "no_target_accuracy": 0.48763489208633093,
    "false_grounding_rate": 0.5123651079136691,
    "single_target_total": 5917,
    "single_target_localization_accuracy": 0.42453946256548925,
    "single_target_exact_accuracy": 0.3724860571235423,
    "multi_target_total": 8835,
    "multi_target_mean_f1": 0.52795869101622,
    "multi_target_exact_accuracy": 0.2151669496321449
  },
  "by_target_type": {
    "no-target": {
      "num_samples": 4448,
      "mean_precision": 0.48763489208633093,
      "mean_recall": 0.48763489208633093,
      "mean_f1": 0.48763489208633093,
      "exact_set_accuracy": 0.48763489208633093,
      "cardinality_accuracy": 0.48763489208633093,
      "count_class_accuracy": 0.48763489208633093,
      "count_class_evaluated": 4448,
      "micro_precision": 0.0,
      "micro_recall": 0.0,
      "micro_f1": 0.0,
      "total_tp": 0,
      "total_fp": 2773,
      "total_fn": 0
    },
    "single-target": {
      "num_samples": 5917,
      "mean_precision": 0.39845642499014144,
      "mean_recall": 0.42453946256548925,
      "mean_f1": 0.4071319925637995,
      "exact_set_accuracy": 0.3724860571235423,
      "cardinality_accuracy": 0.8357275646442454,
      "count_class_accuracy": 0.8357275646442454,
      "count_class_evaluated": 5917,
      "micro_precision": 0.41734507393254694,
      "micro_recall": 0.42453946256548925,
      "micro_f1": 0.42091152815013405,
      "total_tp": 2512,
      "total_fp": 3507,
      "total_fn": 3405
    },
    "multi-target": {
      "num_samples": 8835,
      "mean_precision": 0.5873134285697943,
      "mean_recall": 0.5051063262650712,
      "mean_f1": 0.52795869101622,
      "exact_set_accuracy": 0.2151669496321449,
      "cardinality_accuracy": 0.6844368986983588,
      "count_class_accuracy": 0.7252971137521222,
      "count_class_evaluated": 8835,
      "micro_precision": 0.5863969543724076,
      "micro_recall": 0.43593967811430745,
      "micro_f1": 0.5000969180073658,
      "total_tp": 10320,
      "total_fp": 7279,
      "total_fn": 13353
    }
  },
  "by_count_group": {
    "0": {
      "num_samples": 4448,
      "mean_precision": 0.48763489208633093,
      "mean_recall": 0.48763489208633093,
      "mean_f1": 0.48763489208633093,
      "exact_set_accuracy": 0.48763489208633093,
      "cardinality_accuracy": 0.48763489208633093,
      "count_class_accuracy": 0.48763489208633093,
      "count_class_evaluated": 4448,
      "micro_precision": 0.0,
      "micro_recall": 0.0,
      "micro_f1": 0.0,
      "total_tp": 0,
      "total_fp": 2773,
      "total_fn": 0
    },
    "1": {
      "num_samples": 5917,
      "mean_precision": 0.39845642499014144,
      "mean_recall": 0.42453946256548925,
      "mean_f1": 0.4071319925637995,
      "exact_set_accuracy": 0.3724860571235423,
      "cardinality_accuracy": 0.8357275646442454,
      "count_class_accuracy": 0.8357275646442454,
      "count_class_evaluated": 5917,
      "micro_precision": 0.41734507393254694,
      "micro_recall": 0.42453946256548925,
      "micro_f1": 0.42091152815013405,
      "total_tp": 2512,
      "total_fp": 3507,
      "total_fn": 3405
    },
    "2": {
      "num_samples": 5940,
      "mean_precision": 0.6006172839506173,
      "mean_recall": 0.5888047138047138,
      "mean_f1": 0.5926599326599314,
      "exact_set_accuracy": 0.30437710437710436,
      "cardinality_accuracy": 0.9486531986531986,
      "count_class_accuracy": 0.9486531986531986,
      "count_class_evaluated": 5940,
      "micro_precision": 0.6064152579107065,
      "micro_recall": 0.5888047138047138,
      "micro_f1": 0.597480247704463,
      "total_tp": 6995,
      "total_fp": 4540,
      "total_fn": 4885
    },
    "3+": {
      "num_samples": 2895,
      "mean_precision": 0.5600163988765029,
      "mean_recall": 0.33337284716818577,
      "mean_f1": 0.3952038117886896,
      "exact_set_accuracy": 0.03212435233160622,
      "cardinality_accuracy": 0.14231433506044905,
      "count_class_accuracy": 0.2670120898100173,
      "count_class_evaluated": 2895,
      "micro_precision": 0.5483179419525066,
      "micro_recall": 0.28194691766302044,
      "micro_f1": 0.3724029792238338,
      "total_tp": 3325,
      "total_fp": 2739,
      "total_fn": 8468
    }
  },
  "examples": [
    {
      "sample_id": "0000000",
      "image_id": 839,
      "file_name": "COCO_train2014_000000000839.jpg",
      "target_type": "multi-target",
      "expression": "blue shirt and a frisbee",
      "true_count_class": 2,
      "pred_count_class": 2,
      "gt_candidate_indices": [
        0,
        1
      ],
      "pred_candidate_indices": [
        0,
        2
      ],
      "num_predictions": 2,
      "num_targets": 2,
      "precision": 0.5,
      "recall": 0.5,
      "f1": 0.5,
      "exact": 0.0
    },
    {
      "sample_id": "0000001",
      "image_id": 839,
      "file_name": "COCO_train2014_000000000839.jpg",
      "target_type": "multi-target",
      "expression": "blue shirt and frisbee",
      "true_count_class": 2,
      "pred_count_class": 2,
      "gt_candidate_indices": [
        0,
        1
      ],
      "pred_candidate_indices": [
        0,
        2
      ],
      "num_predictions": 2,
      "num_targets": 2,
      "precision": 0.5,
      "recall": 0.5,
      "f1": 0.5,
      "exact": 0.0
    },
    {
      "sample_id": "0000002",
      "image_id": 839,
      "file_name": "COCO_train2014_000000000839.jpg",
      "target_type": "multi-target",
      "expression": "blue shirt and white shirt",
      "true_count_class": 2,
      "pred_count_class": 2,
      "gt_candidate_indices": [
        0,
        2
      ],
      "pred_candidate_indices": [
        0,
        2
      ],
      "num_predictions": 2,
      "num_targets": 2,
      "precision": 1.0,
      "recall": 1.0,
      "f1": 1.0,
      "exact": 1.0
    },
    {
      "sample_id": "0000003",
      "image_id": 839,
      "file_name": "COCO_train2014_000000000839.jpg",
      "target_type": "multi-target",
      "expression": "blue cshirt and falling",
      "true_count_class": 2,
      "pred_count_class": 2,
      "gt_candidate_indices": [
        0,
        2
      ],
      "pred_candidate_indices": [
        0,
        2
      ],
      "num_predictions": 2,
      "num_targets": 2,
      "precision": 1.0,
      "recall": 1.0,
      "f1": 1.0,
      "exact": 1.0
    },
    {
      "sample_id": "0000004",
      "image_id": 839,