{
  "feature_file": "cache/features/stage5/clip_detector_testB.pt",
  "checkpoint": "checkpoints/stage5/clip_10pct_seed1/best.pt",
  "clip_model": "ViT-B/32",
  "feature_dim": 512,
  "candidate_feature_dim": 512,
  "text_feature_dim": 512,
  "representation": {
    "name": "clip",
    "model_ids": {
      "clip": "ViT-B/32"
    },
    "candidate_feature_dim": 512,
    "text_feature_dim": 512,
    "component_normalization": {
      "clip_image": "l2",
      "clip_text": "l2"
    },
    "fusion": "none",
    "encoder_parameters": {
      "clip": {
        "total": 151277313,
        "trainable": 0
      }
    }
  },
  "device": "cuda",
  "batch_size": 64,
  "selection_policy": "cardinality-threshold",
  "membership_threshold": 0.5,
  "config": {
    "match_threshold": 0.5,
    "overlap_metric": "giou",
    "prediction_score_threshold": null,
    "image_f1_threshold": 1.0
  },
  "official": {
    "F1_score": 0.30212289111622986,
    "T_acc": 0.4916593503072871,
    "N_acc": 0.8891504386903488
  },
  "diagnostics": {
    "num_samples": 16063,
    "mean_precision": 0.38352113552885514,
    "mean_recall": 0.37828972527814564,
    "mean_f1": 0.3780119895322531,
    "exact_set_accuracy": 0.30212289111622986,
    "cardinality_accuracy": 0.49542426694888875,
    "count_class_accuracy": 0.49542426694888875,
    "count_class_evaluated": 16063,
    "micro_precision": 0.34371395617070355,
    "micro_recall": 0.1816561943167964,
    "micro_f1": 0.23769058502316165,
    "total_tp": 3874,
    "total_fp": 7397,
    "total_fn": 17452,
    "no_target_total": 4673,
    "no_target_accuracy": 0.8891504386903488,
    "false_grounding_rate": 0.11084956130965119,
    "single_target_total": 5646,
    "single_target_localization_accuracy": 0.05154091392136025,
    "single_target_exact_accuracy": 0.016117605384342898,
    "multi_target_total": 5744,
    "multi_target_mean_f1": 0.2946854551746615,
    "multi_target_exact_accuracy": 0.10567548746518106
  },
  "by_target_type": {
    "no-target": {
      "num_samples": 4673,
      "mean_precision": 0.8891504386903488,
      "mean_recall": 0.8891504386903488,
      "mean_f1": 0.8891504386903488,
      "exact_set_accuracy": 0.8891504386903488,
      "cardinality_accuracy": 0.8891504386903488,
      "count_class_accuracy": 0.8891504386903488,
      "count_class_evaluated": 4673,
      "micro_precision": 0.0,
      "micro_recall": 0.0,
      "micro_f1": 0.0,
      "total_tp": 0,
      "total_fp": 747,
      "total_fn": 0
    },
    "single-target": {
      "num_samples": 5646,
      "mean_precision": 0.03382925965285158,
      "mean_recall": 0.05154091392136025,
      "mean_f1": 0.03973314440902106,
      "exact_set_accuracy": 0.016117605384342898,
      "cardinality_accuracy": 0.08749557208643287,
      "count_class_accuracy": 0.08749557208643287,
      "count_class_evaluated": 5646,
      "micro_precision": 0.16077348066298341,
      "micro_recall": 0.05154091392136025,
      "micro_f1": 0.07805793991416309,
      "total_tp": 291,
      "total_fp": 1519,
      "total_fn": 5355
    },
    "multi-target": {
      "num_samples": 5744,
      "mean_precision": 0.31589484679665736,
      "mean_recall": 0.28385582471150006,
      "mean_f1": 0.2946854551746615,
      "exact_set_accuracy": 0.10567548746518106,
      "cardinality_accuracy": 0.5760793871866295,
      "count_class_accuracy": 0.5760793871866295,
      "count_class_evaluated": 5744,
      "micro_precision": 0.4111774156529722,
      "micro_recall": 0.2285076530612245,
      "micro_f1": 0.2937607608428302,
      "total_tp": 3583,
      "total_fp": 5131,
      "total_fn": 12097
    }
  },
  "by_count_group": {
    "0": {
      "num_samples": 4673,
      "mean_precision": 0.8891504386903488,
      "mean_recall": 0.8891504386903488,
      "mean_f1": 0.8891504386903488,
      "exact_set_accuracy": 0.8891504386903488,
      "cardinality_accuracy": 0.8891504386903488,
      "count_class_accuracy": 0.8891504386903488,
      "count_class_evaluated": 4673,
      "micro_precision": 0.0,
      "micro_recall": 0.0,
      "micro_f1": 0.0,
      "total_tp": 0,
      "total_fp": 747,
      "total_fn": 0
    },
    "1": {
      "num_samples": 5646,
      "mean_precision": 0.03382925965285158,
      "mean_recall": 0.05154091392136025,
      "mean_f1": 0.03973314440902106,
      "exact_set_accuracy": 0.016117605384342898,
      "cardinality_accuracy": 0.08749557208643287,
      "count_class_accuracy": 0.08749557208643287,
      "count_class_evaluated": 5646,
      "micro_precision": 0.16077348066298341,
      "micro_recall": 0.05154091392136025,
      "micro_f1": 0.07805793991416309,
      "total_tp": 291,
      "total_fp": 1519,
      "total_fn": 5355
    },
    "2": {
      "num_samples": 3957,
      "mean_precision": 0.35001263583522874,
      "mean_recall": 0.34900176901693203,
      "mean_f1": 0.349338724623031,
      "exact_set_accuracy": 0.15339903967652263,
      "cardinality_accuracy": 0.8362395754359363,
      "count_class_accuracy": 0.8362395754359363,
      "count_class_evaluated": 3957,
      "micro_precision": 0.4155258011132842,
      "micro_recall": 0.34900176901693203,
      "micro_f1": 0.3793695487947256,
      "total_tp": 2762,
      "total_fp": 3885,
      "total_fn": 5152
    },
    "3+": {
      "num_samples": 1787,
      "mean_precision": 0.24034695019585897,
      "mean_recall": 0.13960148692941096,
      "mean_f1": 0.17366531683823275,
      "exact_set_accuracy": 0.0,
      "cardinality_accuracy": 0.0,
      "count_class_accuracy": 0.0,
      "count_class_evaluated": 1787,
      "micro_precision": 0.3971940009675859,
      "micro_recall": 0.10571722894669071,
      "micro_f1": 0.16698871148174516,
      "total_tp": 821,
      "total_fp": 1246,
      "total_fn": 6945
    }
  },
  "examples": [
    {
      "sample_id": "0000000",
      "image_id": 154,
      "file_name": "COCO_train2014_000000000154.jpg",
      "target_type": "multi-target",
      "expression": "three zebras standing on the savannah.",
      "true_count_class": 3,
      "pred_count_class": 2,
      "gt_candidate_indices": [
        0,
        1,
        2,
        3
      ],
      "pred_candidate_indices": [
        1,
        3
      ],
      "num_predictions": 2,
      "num_targets": 3,
      "precision": 0.5,
      "recall": 0.3333333333333333,
      "f1": 0.4,
      "exact": 0.0
    },
    {
      "sample_id": "0000001",
      "image_id": 154,
      "file_name": "COCO_train2014_000000000154.jpg",
      "target_type": "multi-target",
      "expression": "a trio of zebras positioned on the grassland.",
      "true_count_class": 3,
      "pred_count_class": 2,
      "gt_candidate_indices": [
        0,
        1,
        2,
        3
      ],
      "pred_candidate_indices": [
        1,
        3
      ],
      "num_predictions": 2,
      "num_targets": 3,
      "precision": 0.5,
      "recall": 0.3333333333333333,
      "f1": 0.4,
      "exact": 0.0
    },
    {
      "sample_id": "0000002",
      "image_id": 154,
      "file_name": "COCO_train2014_000000000154.jpg",
      "target_type": "multi-target",
      "expression": "there are three zebras standing in the prairie.",
      "true_count_class": 3,
      "pred_count_class": 2,
      "gt_candidate_indices": [
        0,
        1,
        2,
        3
      ],
      "pred_candidate_indices": [
        0,
        1
      ],
      "num_predictions": 2,
      "num_targets": 3,
      "precision": 1.0,
      "recall": 0.6666666666666666,
      "f1": 0.8,
      "exact": 0.0
    },
    {
      "sample_id": "0000003",
      "image_id": 154,
      "file_name": "COCO_train2014_000000000154.jpg",
      "target_type": "multi-target",
      "expression": "three zebras, all stationary on the grassy plain.",
      "true_count_class": 3,
      "pred_count_class": 2,
      "gt_candidate_indices": [
        0,
        1,
        2,
        3
      ],
      "pred_candidate_indices": [
        1,
        3
      ],
      "num_predictions": 2,
      "num_targets": 3,