{
  "feature_file": "cache/features/stage5/clip_detector_testB.pt",
  "checkpoint": "checkpoints/stage5/clip_10pct_seed1/last.pt",
  "clip_model": "ViT-B/32",
  "feature_dim": 512,
  "candidate_feature_dim": 512,
  "text_feature_dim": 512,
  "representation": {
    "name": "clip",
    "model_ids": {
      "clip": "ViT-B/32"
    },
    "candidate_feature_dim": 512,
    "text_feature_dim": 512,
    "component_normalization": {
      "clip_image": "l2",
      "clip_text": "l2"
    },
    "fusion": "none",
    "encoder_parameters": {
      "clip": {
        "total": 151277313,
        "trainable": 0
      }
    }
  },
  "device": "cuda",
  "batch_size": 64,
  "selection_policy": "cardinality-threshold",
  "membership_threshold": 0.5,
  "config": {
    "match_threshold": 0.5,
    "overlap_metric": "giou",
    "prediction_score_threshold": null,
    "image_f1_threshold": 1.0
  },
  "official": {
    "F1_score": 0.2952126003859802,
    "T_acc": 0.938630377524144,
    "N_acc": 0.506526856409159
  },
  "diagnostics": {
    "num_samples": 16063,
    "mean_precision": 0.4221269266173049,
    "mean_recall": 0.41460166397755843,
    "mean_f1": 0.41149225041849236,
    "exact_set_accuracy": 0.2952126003859802,
    "cardinality_accuracy": 0.6628898711324162,
    "count_class_accuracy": 0.6902197596961962,
    "count_class_evaluated": 16063,
    "micro_precision": 0.3675143162185771,
    "micro_recall": 0.35510644283972614,
    "micro_f1": 0.36120385385862824,
    "total_tp": 7573,
    "total_fp": 13033,
    "total_fn": 13753,
    "no_target_total": 4673,
    "no_target_accuracy": 0.506526856409159,
    "false_grounding_rate": 0.493473143590841,
    "single_target_total": 5646,
    "single_target_localization_accuracy": 0.3287283032235211,
    "single_target_exact_accuracy": 0.27169677647892315,
    "multi_target_total": 5744,
    "multi_target_mean_f1": 0.43433147953903534,
    "multi_target_exact_accuracy": 0.14641364902506965
  },
  "by_target_type": {
    "no-target": {
      "num_samples": 4673,
      "mean_precision": 0.506526856409159,
      "mean_recall": 0.506526856409159,
      "mean_f1": 0.506526856409159,
      "exact_set_accuracy": 0.506526856409159,
      "cardinality_accuracy": 0.506526856409159,
      "count_class_accuracy": 0.506526856409159,
      "count_class_evaluated": 4673,
      "micro_precision": 0.0,
      "micro_recall": 0.0,
      "micro_f1": 0.0,
      "total_tp": 0,
      "total_fp": 2652,
      "total_fn": 0
    },
    "single-target": {
      "num_samples": 5646,
      "mean_precision": 0.3000944621560987,
      "mean_recall": 0.3287283032235211,
      "mean_f1": 0.3095997166135326,
      "exact_set_accuracy": 0.27169677647892315,
      "cardinality_accuracy": 0.759121501948282,
      "count_class_accuracy": 0.759121501948282,
      "count_class_evaluated": 5646,
      "micro_precision": 0.32155232155232155,
      "micro_recall": 0.3287283032235211,
      "micro_f1": 0.32510071816430197,
      "total_tp": 1856,
      "total_fp": 3916,
      "total_fn": 3790
    },
    "multi-target": {
      "num_samples": 5744,
      "mean_precision": 0.47341425642765284,
      "mean_recall": 0.4242246741767978,
      "mean_f1": 0.43433147953903534,
      "exact_set_accuracy": 0.14641364902506965,
      "cardinality_accuracy": 0.695508356545961,
      "count_class_accuracy": 0.7719359331476323,
      "count_class_evaluated": 5744,
      "micro_precision": 0.4692989656870793,
      "micro_recall": 0.3646045918367347,
      "micro_f1": 0.41037972866269473,
      "total_tp": 5717,
      "total_fp": 6465,
      "total_fn": 9963
    }
  },
  "by_count_group": {
    "0": {
      "num_samples": 4673,
      "mean_precision": 0.506526856409159,
      "mean_recall": 0.506526856409159,
      "mean_f1": 0.506526856409159,
      "exact_set_accuracy": 0.506526856409159,
      "cardinality_accuracy": 0.506526856409159,
      "count_class_accuracy": 0.506526856409159,
      "count_class_evaluated": 4673,
      "micro_precision": 0.0,
      "micro_recall": 0.0,
      "micro_f1": 0.0,
      "total_tp": 0,
      "total_fp": 2652,
      "total_fn": 0
    },
    "1": {
      "num_samples": 5646,
      "mean_precision": 0.3000944621560987,
      "mean_recall": 0.3287283032235211,
      "mean_f1": 0.3095997166135326,
      "exact_set_accuracy": 0.27169677647892315,
      "cardinality_accuracy": 0.759121501948282,
      "count_class_accuracy": 0.759121501948282,
      "count_class_evaluated": 5646,
      "micro_precision": 0.32155232155232155,
      "micro_recall": 0.3287283032235211,
      "micro_f1": 0.32510071816430197,
      "total_tp": 1856,
      "total_fp": 3916,
      "total_fn": 3790
    },
    "2": {
      "num_samples": 3957,
      "mean_precision": 0.49123494229635245,
      "mean_recall": 0.4797826636340662,
      "mean_f1": 0.48295124974427583,
      "exact_set_accuracy": 0.20267879706848624,
      "cardinality_accuracy": 0.9337882234015669,
      "count_class_accuracy": 0.9335355066969927,
      "count_class_evaluated": 3957,
      "micro_precision": 0.495110183857087,
      "micro_recall": 0.4797826636340662,
      "micro_f1": 0.48732593210549957,
      "total_tp": 3797,
      "total_fp": 3872,
      "total_fn": 4117
    },
    "3+": {
      "num_samples": 1787,
      "mean_precision": 0.4339534539752492,
      "mean_recall": 0.30120119108647275,
      "mean_f1": 0.3266714735501484,
      "exact_set_accuracy": 0.02182428651371013,
      "cardinality_accuracy": 0.16787912702853947,
      "count_class_accuracy": 0.4141018466703973,
      "count_class_evaluated": 1787,
      "micro_precision": 0.42543762463992907,
      "micro_recall": 0.24723152201905743,
      "micro_f1": 0.3127290495968727,
      "total_tp": 1920,
      "total_fp": 2593,
      "total_fn": 5846
    }
  },
  "examples": [
    {
      "sample_id": "0000000",
      "image_id": 154,
      "file_name": "COCO_train2014_000000000154.jpg",
      "target_type": "multi-target",
      "expression": "three zebras standing on the savannah.",
      "true_count_class": 3,
      "pred_count_class": 3,
      "gt_candidate_indices": [
        0,
        1,
        2,
        3
      ],
      "pred_candidate_indices": [
        0,
        1,
        3
      ],
      "num_predictions": 3,
      "num_targets": 3,
      "precision": 0.6666666666666666,
      "recall": 0.6666666666666666,
      "f1": 0.6666666666666666,
      "exact": 0.0
    },
    {
      "sample_id": "0000001",
      "image_id": 154,
      "file_name": "COCO_train2014_000000000154.jpg",
      "target_type": "multi-target",
      "expression": "a trio of zebras positioned on the grassland.",
      "true_count_class": 3,
      "pred_count_class": 2,
      "gt_candidate_indices": [
        0,
        1,
        2,
        3
      ],
      "pred_candidate_indices": [
        1,
        3
      ],
      "num_predictions": 2,
      "num_targets": 3,
      "precision": 0.5,
      "recall": 0.3333333333333333,
      "f1": 0.4,
      "exact": 0.0
    },
    {
      "sample_id": "0000002",
      "image_id": 154,
      "file_name": "COCO_train2014_000000000154.jpg",
      "target_type": "multi-target",
      "expression": "there are three zebras standing in the prairie.",
      "true_count_class": 3,
      "pred_count_class": 3,
      "gt_candidate_indices": [
        0,
        1,
        2,
        3
      ],
      "pred_candidate_indices": [
        0,
        1,
        3
      ],
      "num_predictions": 3,
      "num_targets": 3,
      "precision": 0.6666666666666666,
      "recall": 0.6666666666666666,
      "f1": 0.6666666666666666,
      "exact": 0.0
    },
    {
      "sample_id": "0000003",
      "image_id": 154,
      "file_name": "COCO_train2014_000000000154.jpg",
      "target_type": "multi-target",
      "expression": "three zebras, all stationary on the grassy plain.",
      "true_count_class": 3,
      "pred_count_class": 2,
      "gt_candidate_indices": [
        0,
        1,
        2,
        3
      ],