{
  "feature_file": "cache/features/stage5/siglip2_detector_testA.pt",
  "checkpoint": "checkpoints/stage5_6/siglip2_10pct_seed0_hierarchical/selected.pt",
  "clip_model": "none",
  "feature_dim": 768,
  "candidate_feature_dim": 768,
  "text_feature_dim": 768,
  "representation": {
    "name": "siglip2",
    "model_ids": {
      "siglip2": "google/siglip2-base-patch16-224"
    },
    "candidate_feature_dim": 768,
    "text_feature_dim": 768,
    "component_normalization": {
      "siglip2_image": "l2",
      "siglip2_text": "l2"
    },
    "fusion": "none",
    "similarity_source": "normalized SigLIP 2 image/text embeddings",
    "encoder_parameters": {
      "siglip2": {
        "total": 375187970,
        "trainable": 0
      }
    }
  },
  "device": "cuda",
  "batch_size": 128,
  "selection_policy": "cardinality-threshold",
  "membership_threshold": 0.85,
  "count_logit_bias": [
    5.0,
    0.0,
    0.0,
    5.5
  ],
  "config": {
    "match_threshold": 0.5,
    "overlap_metric": "giou",
    "prediction_score_threshold": null,
    "image_f1_threshold": 1.0
  },
  "official": {
    "F1_score": 0.47072916666666664,
    "T_acc": 0.9597342733188721,
    "N_acc": 0.6544514388489209
  },
  "diagnostics": {
    "num_samples": 19200,
    "mean_precision": 0.6426138392857117,
    "mean_recall": 0.614168032632875,
    "mean_f1": 0.6215957124888806,
    "exact_set_accuracy": 0.47072916666666664,
    "cardinality_accuracy": 0.7583854166666667,
    "count_class_accuracy": 0.7966145833333333,
    "count_class_evaluated": 19200,
    "micro_precision": 0.6089070700833591,
    "micro_recall": 0.5332206826630619,
    "micro_f1": 0.5685560880688985,
    "total_tp": 15778,
    "total_fp": 10134,
    "total_fn": 13812,
    "no_target_total": 4448,
    "no_target_accuracy": 0.6544514388489209,
    "false_grounding_rate": 0.3455485611510791,
    "single_target_total": 5917,
    "single_target_localization_accuracy": 0.6450904174412709,
    "single_target_exact_accuracy": 0.6207537603515295,
    "multi_target_total": 8835,
    "multi_target_mean_f1": 0.5949033404776505,
    "multi_target_exact_accuracy": 0.27775891341256365
  },
  "by_target_type": {
    "no-target": {
      "num_samples": 4448,
      "mean_precision": 0.6544514388489209,
      "mean_recall": 0.6544514388489209,
      "mean_f1": 0.6544514388489209,
      "exact_set_accuracy": 0.6544514388489209,
      "cardinality_accuracy": 0.6544514388489209,
      "count_class_accuracy": 0.6544514388489209,
      "count_class_evaluated": 4448,
      "micro_precision": 0.0,
      "micro_recall": 0.0,
      "micro_f1": 0.0,
      "total_tp": 0,
      "total_fp": 1736,
      "total_fn": 0
    },
    "single-target": {
      "num_samples": 5917,
      "mean_precision": 0.6326967494789026,
      "mean_recall": 0.6450904174412709,
      "mean_f1": 0.6367528589938578,
      "exact_set_accuracy": 0.6207537603515295,
      "cardinality_accuracy": 0.8969072164948454,
      "count_class_accuracy": 0.8969072164948454,
      "count_class_evaluated": 5917,
      "micro_precision": 0.6666084526720224,
      "micro_recall": 0.6450904174412709,
      "micro_f1": 0.6556729365283862,
      "total_tp": 3817,
      "total_fp": 1909,
      "total_fn": 2100
    },
    "multi-target": {
      "num_samples": 8835,
      "mean_precision": 0.6432958740938393,
      "mean_recall": 0.573177841148978,
      "mean_f1": 0.5949033404776505,
      "exact_set_accuracy": 0.27775891341256365,
      "cardinality_accuracy": 0.7179400113186192,
      "count_class_accuracy": 0.8010186757215619,
      "count_class_evaluated": 8835,
      "micro_precision": 0.6482926829268293,
      "micro_recall": 0.5052591560005069,
      "micro_f1": 0.5679082686418346,
      "total_tp": 11961,
      "total_fp": 6489,
      "total_fn": 11712
    }
  },
  "by_count_group": {
    "0": {
      "num_samples": 4448,
      "mean_precision": 0.6544514388489209,
      "mean_recall": 0.6544514388489209,
      "mean_f1": 0.6544514388489209,
      "exact_set_accuracy": 0.6544514388489209,
      "cardinality_accuracy": 0.6544514388489209,
      "count_class_accuracy": 0.6544514388489209,
      "count_class_evaluated": 4448,
      "micro_precision": 0.0,
      "micro_recall": 0.0,
      "micro_f1": 0.0,
      "total_tp": 0,
      "total_fp": 1736,
      "total_fn": 0
    },
    "1": {
      "num_samples": 5917,
      "mean_precision": 0.6326967494789026,
      "mean_recall": 0.6450904174412709,
      "mean_f1": 0.6367528589938578,
      "exact_set_accuracy": 0.6207537603515295,
      "cardinality_accuracy": 0.8969072164948454,
      "count_class_accuracy": 0.8969072164948454,
      "count_class_evaluated": 5917,
      "micro_precision": 0.6666084526720224,
      "micro_recall": 0.6450904174412709,
      "micro_f1": 0.6556729365283862,
      "total_tp": 3817,
      "total_fp": 1909,
      "total_fn": 2100
    },
    "2": {
      "num_samples": 5940,
      "mean_precision": 0.6700336700336698,
      "mean_recall": 0.6498316498316499,
      "mean_f1": 0.6555331088664406,
      "exact_set_accuracy": 0.38164983164983163,
      "cardinality_accuracy": 0.9062289562289563,
      "count_class_accuracy": 0.9062289562289563,
      "count_class_evaluated": 5940,
      "micro_precision": 0.6749431718831964,
      "micro_recall": 0.6498316498316499,
      "micro_f1": 0.6621494124710524,
      "total_tp": 7720,
      "total_fp": 3718,
      "total_fn": 4160
    },
    "3+": {
      "num_samples": 2895,
      "mean_precision": 0.5884349041862029,
      "mean_recall": 0.4158985238518918,
      "mean_f1": 0.4705023649234343,
      "exact_set_accuracy": 0.06459412780656304,
      "cardinality_accuracy": 0.3316062176165803,
      "count_class_accuracy": 0.585146804835924,
      "count_class_evaluated": 2895,
      "micro_precision": 0.6048203080433543,
      "micro_recall": 0.35962011362672774,
      "micro_f1": 0.4510502525923956,
      "total_tp": 4241,
      "total_fp": 2771,
      "total_fn": 7552
    }
  },
  "examples": [
    {
      "sample_id": "0000000",
      "image_id": 839,
      "file_name": "COCO_train2014_000000000839.jpg",
      "target_type": "multi-target",
      "expression": "blue shirt and a frisbee",
      "true_count_class": 2,
      "pred_count_class": 2,
      "gt_candidate_indices": [
        0,
        1
      ],
      "pred_candidate_indices": [
        0,
        2
      ],
      "num_predictions": 2,
      "num_targets": 2,
      "precision": 0.5,
      "recall": 0.5,
      "f1": 0.5,
      "exact": 0.0
    },
    {
      "sample_id": "0000001",
      "image_id": 839,
      "file_name": "COCO_train2014_000000000839.jpg",
      "target_type": "multi-target",
      "expression": "blue shirt and frisbee",
      "true_count_class": 2,
      "pred_count_class": 2,
      "gt_candidate_indices": [
        0,
        1
      ],
      "pred_candidate_indices": [
        0,
        2
      ],
      "num_predictions": 2,
      "num_targets": 2,
      "precision": 0.5,
      "recall": 0.5,
      "f1": 0.5,
      "exact": 0.0
    },
    {
      "sample_id": "0000002",
      "image_id": 839,
      "file_name": "COCO_train2014_000000000839.jpg",
      "target_type": "multi-target",
      "expression": "blue shirt and white shirt",
      "true_count_class": 2,
      "pred_count_class": 2,
      "gt_candidate_indices": [
        0,
        2
      ],
      "pred_candidate_indices": [
        0,
        2
      ],
      "num_predictions": 2,
      "num_targets": 2,
      "precision": 1.0,
      "recall": 1.0,
      "f1": 1.0,
      "exact": 1.0
    },
    {
      "sample_id": "0000003",
      "image_id": 839,
      "file_name": "COCO_train2014_000000000839.jpg",
      "target_type": "multi-target",
      "expression": "blue cshirt and falling",
      "true_count_class": 2,
      "pred_count_class": 2,
      "gt_candidate_indices": [
        0,
        2
      ],
      "pred_candidate_indices": [
        0,
        2
      ],
      "num_predictions": 2,
      "num_targets": 2,