{
  "feature_file": "cache/features/stage5/siglip2_detector_testB.pt",
  "checkpoint": "checkpoints/stage5_6/siglip2_10pct_seed0_hierarchical/selected.pt",
  "clip_model": "none",
  "feature_dim": 768,
  "candidate_feature_dim": 768,
  "text_feature_dim": 768,
  "representation": {
    "name": "siglip2",
    "model_ids": {
      "siglip2": "google/siglip2-base-patch16-224"
    },
    "candidate_feature_dim": 768,
    "text_feature_dim": 768,
    "component_normalization": {
      "siglip2_image": "l2",
      "siglip2_text": "l2"
    },
    "fusion": "none",
    "similarity_source": "normalized SigLIP 2 image/text embeddings",
    "encoder_parameters": {
      "siglip2": {
        "total": 375187970,
        "trainable": 0
      }
    }
  },
  "device": "cuda",
  "batch_size": 128,
  "selection_policy": "cardinality-threshold",
  "membership_threshold": 0.85,
  "count_logit_bias": [
    5.0,
    0.0,
    0.0,
    5.5
  ],
  "config": {
    "match_threshold": 0.5,
    "overlap_metric": "giou",
    "prediction_score_threshold": null,
    "image_f1_threshold": 1.0
  },
  "official": {
    "F1_score": 0.42165224428811554,
    "T_acc": 0.922827041264267,
    "N_acc": 0.6650973678579071
  },
  "diagnostics": {
    "num_samples": 16063,
    "mean_precision": 0.5511786922326674,
    "mean_recall": 0.5333766729925603,
    "mean_f1": 0.5365373017567883,
    "exact_set_accuracy": 0.42165224428811554,
    "cardinality_accuracy": 0.744381497852207,
    "count_class_accuracy": 0.7764427566457075,
    "count_class_evaluated": 16063,
    "micro_precision": 0.49338878225634464,
    "micro_recall": 0.433930413579668,
    "micro_f1": 0.4617534055186867,
    "total_tp": 9254,
    "total_fp": 9502,
    "total_fn": 12072,
    "no_target_total": 4673,
    "no_target_accuracy": 0.6650973678579071,
    "false_grounding_rate": 0.33490263214209287,
    "single_target_total": 5646,
    "single_target_localization_accuracy": 0.4732554020545519,
    "single_target_exact_accuracy": 0.4504073680481757,
    "multi_target_total": 5744,
    "multi_target_mean_f1": 0.5022746073791684,
    "multi_target_exact_accuracy": 0.1953342618384401
  },
  "by_target_type": {
    "no-target": {
      "num_samples": 4673,
      "mean_precision": 0.6650973678579071,
      "mean_recall": 0.6650973678579071,
      "mean_f1": 0.6650973678579071,
      "exact_set_accuracy": 0.6650973678579071,
      "cardinality_accuracy": 0.6650973678579071,
      "count_class_accuracy": 0.6650973678579071,
      "count_class_evaluated": 4673,
      "micro_precision": 0.0,
      "micro_recall": 0.0,
      "micro_f1": 0.0,
      "total_tp": 0,
      "total_fp": 1702,
      "total_fn": 0
    },
    "single-target": {
      "num_samples": 5646,
      "mean_precision": 0.4611819577281851,
      "mean_recall": 0.4732554020545519,
      "mean_f1": 0.46498996339591464,
      "exact_set_accuracy": 0.4504073680481757,
      "cardinality_accuracy": 0.8253630889125044,
      "count_class_accuracy": 0.8253630889125044,
      "count_class_evaluated": 5646,
      "micro_precision": 0.5157305539471144,
      "micro_recall": 0.4732554020545519,
      "micro_f1": 0.4935808626581694,
      "total_tp": 2672,
      "total_fp": 2509,
      "total_fn": 2974
    },
    "multi-target": {
      "num_samples": 5744,
      "mean_precision": 0.5469620473537606,
      "mean_recall": 0.48531154217957834,
      "mean_f1": 0.5022746073791684,
      "exact_set_accuracy": 0.1953342618384401,
      "cardinality_accuracy": 0.729282729805014,
      "count_class_accuracy": 0.8189415041782729,
      "count_class_evaluated": 5744,
      "micro_precision": 0.5543670512928494,
      "micro_recall": 0.41977040816326533,
      "micro_f1": 0.4777701157768664,
      "total_tp": 6582,
      "total_fp": 5291,
      "total_fn": 9098
    }
  },
  "by_count_group": {
    "0": {
      "num_samples": 4673,
      "mean_precision": 0.6650973678579071,
      "mean_recall": 0.6650973678579071,
      "mean_f1": 0.6650973678579071,
      "exact_set_accuracy": 0.6650973678579071,
      "cardinality_accuracy": 0.6650973678579071,
      "count_class_accuracy": 0.6650973678579071,
      "count_class_evaluated": 4673,
      "micro_precision": 0.0,
      "micro_recall": 0.0,
      "micro_f1": 0.0,
      "total_tp": 0,
      "total_fp": 1702,
      "total_fn": 0
    },
    "1": {
      "num_samples": 5646,
      "mean_precision": 0.4611819577281851,
      "mean_recall": 0.4732554020545519,
      "mean_f1": 0.46498996339591464,
      "exact_set_accuracy": 0.4504073680481757,
      "cardinality_accuracy": 0.8253630889125044,
      "count_class_accuracy": 0.8253630889125044,
      "count_class_evaluated": 5646,
      "micro_precision": 0.5157305539471144,
      "micro_recall": 0.4732554020545519,
      "micro_f1": 0.4935808626581694,
      "total_tp": 2672,
      "total_fp": 2509,
      "total_fn": 2974
    },
    "2": {
      "num_samples": 3957,
      "mean_precision": 0.5564821834723274,
      "mean_recall": 0.5467525903462219,
      "mean_f1": 0.5490523123578478,
      "exact_set_accuracy": 0.2650998230983068,
      "cardinality_accuracy": 0.9284811726055092,
      "count_class_accuracy": 0.9282284559009351,
      "count_class_evaluated": 3957,
      "micro_precision": 0.5625325013000521,
      "micro_recall": 0.5467525903462219,
      "micro_f1": 0.5545303088555684,
      "total_tp": 4327,
      "total_fp": 3365,
      "total_fn": 3587
    },
    "3+": {
      "num_samples": 1787,
      "mean_precision": 0.5258813654168993,
      "mean_recall": 0.3492610510797421,
      "mean_f1": 0.3986935337358309,
      "exact_set_accuracy": 0.0408505875769446,
      "cardinality_accuracy": 0.2881925013989927,
      "count_class_accuracy": 0.5769445998880806,
      "count_class_evaluated": 1787,
      "micro_precision": 0.5393446543889022,
      "micro_recall": 0.29036827195467424,
      "micro_f1": 0.3775006277726626,
      "total_tp": 2255,
      "total_fp": 1926,
      "total_fn": 5511
    }
  },
  "examples": [
    {
      "sample_id": "0000000",
      "image_id": 154,
      "file_name": "COCO_train2014_000000000154.jpg",
      "target_type": "multi-target",
      "expression": "three zebras standing on the savannah.",
      "true_count_class": 3,
      "pred_count_class": 3,
      "gt_candidate_indices": [
        0,
        1,
        2,
        3
      ],
      "pred_candidate_indices": [
        0,
        1,
        3
      ],
      "num_predictions": 3,
      "num_targets": 3,
      "precision": 0.6666666666666666,
      "recall": 0.6666666666666666,
      "f1": 0.6666666666666666,
      "exact": 0.0
    },
    {
      "sample_id": "0000001",
      "image_id": 154,
      "file_name": "COCO_train2014_000000000154.jpg",
      "target_type": "multi-target",
      "expression": "a trio of zebras positioned on the grassland.",
      "true_count_class": 3,
      "pred_count_class": 3,
      "gt_candidate_indices": [
        0,
        1,
        2,
        3
      ],
      "pred_candidate_indices": [
        0,
        1,
        3
      ],
      "num_predictions": 3,
      "num_targets": 3,
      "precision": 0.6666666666666666,
      "recall": 0.6666666666666666,
      "f1": 0.6666666666666666,
      "exact": 0.0
    },
    {
      "sample_id": "0000002",
      "image_id": 154,
      "file_name": "COCO_train2014_000000000154.jpg",
      "target_type": "multi-target",
      "expression": "there are three zebras standing in the prairie.",
      "true_count_class": 3,
      "pred_count_class": 3,
      "gt_candidate_indices": [
        0,
        1,
        2,
        3
      ],
      "pred_candidate_indices": [
        0,
        1,
        3
      ],
      "num_predictions": 3,
      "num_targets": 3,
      "precision": 0.6666666666666666,
      "recall": 0.6666666666666666,
      "f1": 0.6666666666666666,
      "exact": 0.0
    },
    {
      "sample_id": "0000003",
      "image_id": 154,
      "file_name": "COCO_train2014_000000000154.jpg",
      "target_type": "multi-target",