{
  "feature_file": "cache/features/stage5/siglip2_detector_testA.pt",
  "checkpoint": "checkpoints/stage5_6/siglip2_10pct_seed0_hierarchical/selected.pt",
  "clip_model": "none",
  "feature_dim": 768,
  "candidate_feature_dim": 768,
  "text_feature_dim": 768,
  "representation": {
    "name": "siglip2",
    "model_ids": {
      "siglip2": "google/siglip2-base-patch16-224"
    },
    "candidate_feature_dim": 768,
    "text_feature_dim": 768,
    "component_normalization": {
      "siglip2_image": "l2",
      "siglip2_text": "l2"
    },
    "fusion": "none",
    "similarity_source": "normalized SigLIP 2 image/text embeddings",
    "encoder_parameters": {
      "siglip2": {
        "total": 375187970,
        "trainable": 0
      }
    }
  },
  "device": "cuda",
  "batch_size": 128,
  "selection_policy": "cardinality-threshold",
  "membership_threshold": 0.7,
  "count_logit_bias": [
    1.0,
    0.0,
    0.0,
    2.0
  ],
  "config": {
    "match_threshold": 0.5,
    "overlap_metric": "giou",
    "prediction_score_threshold": null,
    "image_f1_threshold": 1.0
  },
  "official": {
    "F1_score": 0.4619270833333333,
    "T_acc": 0.9772234273318872,
    "N_acc": 0.5953237410071942
  },
  "diagnostics": {
    "num_samples": 19200,
    "mean_precision": 0.6370589041014117,
    "mean_recall": 0.60644818231537,
    "mean_f1": 0.6133265709791963,
    "exact_set_accuracy": 0.4619270833333333,
    "cardinality_accuracy": 0.7446354166666667,
    "count_class_accuracy": 0.7815625,
    "count_class_evaluated": 19200,
    "micro_precision": 0.597583468212444,
    "micro_recall": 0.5365326123690436,
    "micro_f1": 0.5654148191676905,
    "total_tp": 15876,
    "total_fp": 10691,
    "total_fn": 13714,
    "no_target_total": 4448,
    "no_target_accuracy": 0.5953237410071942,
    "false_grounding_rate": 0.40467625899280574,
    "single_target_total": 5917,
    "single_target_localization_accuracy": 0.6636809193848234,
    "single_target_exact_accuracy": 0.6386682440425892,
    "multi_target_total": 8835,
    "multi_target_mean_f1": 0.5943448590229127,
    "multi_target_exact_accuracy": 0.2764006791171477
  },
  "by_target_type": {
    "no-target": {
      "num_samples": 4448,
      "mean_precision": 0.5953237410071942,
      "mean_recall": 0.5953237410071942,
      "mean_f1": 0.5953237410071942,
      "exact_set_accuracy": 0.5953237410071942,
      "cardinality_accuracy": 0.5953237410071942,
      "count_class_accuracy": 0.5953237410071942,
      "count_class_evaluated": 4448,
      "micro_precision": 0.0,
      "micro_recall": 0.0,
      "micro_f1": 0.0,
      "total_tp": 0,
      "total_fp": 2005,
      "total_fn": 0
    },
    "single-target": {
      "num_samples": 5917,
      "mean_precision": 0.6510337445777703,
      "mean_recall": 0.6636809193848234,
      "mean_f1": 0.655202523801474,
      "exact_set_accuracy": 0.6386682440425892,
      "cardinality_accuracy": 0.9242859557208044,
      "count_class_accuracy": 0.9242859557208044,
      "count_class_evaluated": 5917,
      "micro_precision": 0.6646919431279621,
      "micro_recall": 0.6636809193848234,
      "micro_f1": 0.6641860465116279,
      "total_tp": 3927,
      "total_fp": 1981,
      "total_fn": 1990
    },
    "multi-target": {
      "num_samples": 8835,
      "mean_precision": 0.6487112950855103,
      "mean_recall": 0.5737187436847869,
      "mean_f1": 0.5943448590229127,
      "exact_set_accuracy": 0.2764006791171477,
      "cardinality_accuracy": 0.6994906621392191,
      "count_class_accuracy": 0.7797396717600453,
      "count_class_evaluated": 8835,
      "micro_precision": 0.6405596654872949,
      "micro_recall": 0.5047522493980484,
      "micro_f1": 0.5646041533772769,
      "total_tp": 11949,
      "total_fp": 6705,
      "total_fn": 11724
    }
  },
  "by_count_group": {
    "0": {
      "num_samples": 4448,
      "mean_precision": 0.5953237410071942,
      "mean_recall": 0.5953237410071942,
      "mean_f1": 0.5953237410071942,
      "exact_set_accuracy": 0.5953237410071942,
      "cardinality_accuracy": 0.5953237410071942,
      "count_class_accuracy": 0.5953237410071942,
      "count_class_evaluated": 4448,
      "micro_precision": 0.0,
      "micro_recall": 0.0,
      "micro_f1": 0.0,
      "total_tp": 0,
      "total_fp": 2005,
      "total_fn": 0
    },
    "1": {
      "num_samples": 5917,
      "mean_precision": 0.6510337445777703,
      "mean_recall": 0.6636809193848234,
      "mean_f1": 0.655202523801474,
      "exact_set_accuracy": 0.6386682440425892,
      "cardinality_accuracy": 0.9242859557208044,
      "count_class_accuracy": 0.9242859557208044,
      "count_class_evaluated": 5917,
      "micro_precision": 0.6646919431279621,
      "micro_recall": 0.6636809193848234,
      "micro_f1": 0.6641860465116279,
      "total_tp": 3927,
      "total_fp": 1981,
      "total_fn": 1990
    },
    "2": {
      "num_samples": 5940,
      "mean_precision": 0.6743872588317031,
      "mean_recall": 0.6517676767676768,
      "mean_f1": 0.6584720460983063,
      "exact_set_accuracy": 0.38417508417508417,
      "cardinality_accuracy": 0.9153198653198653,
      "count_class_accuracy": 0.9153198653198653,
      "count_class_evaluated": 5940,
      "micro_precision": 0.6743598676188818,
      "micro_recall": 0.6517676767676768,
      "micro_f1": 0.6628713295094598,
      "total_tp": 7743,
      "total_fp": 3739,
      "total_fn": 4137
    },
    "3+": {
      "num_samples": 2895,
      "mean_precision": 0.5960290067772565,
      "mean_recall": 0.4135768913489118,
      "mean_f1": 0.462767832692038,
      "exact_set_accuracy": 0.055267702936096716,
      "cardinality_accuracy": 0.2566493955094991,
      "count_class_accuracy": 0.5015544041450777,
      "count_class_evaluated": 2895,
      "micro_precision": 0.586447295036252,
      "micro_recall": 0.356652251335538,
      "micro_f1": 0.44355391510677566,
      "total_tp": 4206,
      "total_fp": 2966,
      "total_fn": 7587
    }
  },
  "examples": [
    {
      "sample_id": "0000000",
      "image_id": 839,
      "file_name": "COCO_train2014_000000000839.jpg",
      "target_type": "multi-target",
      "expression": "blue shirt and a frisbee",
      "true_count_class": 2,
      "pred_count_class": 2,
      "gt_candidate_indices": [
        0,
        1
      ],
      "pred_candidate_indices": [
        0,
        2
      ],
      "num_predictions": 2,
      "num_targets": 2,
      "precision": 0.5,
      "recall": 0.5,
      "f1": 0.5,
      "exact": 0.0
    },
    {
      "sample_id": "0000001",
      "image_id": 839,
      "file_name": "COCO_train2014_000000000839.jpg",
      "target_type": "multi-target",
      "expression": "blue shirt and frisbee",
      "true_count_class": 2,
      "pred_count_class": 2,
      "gt_candidate_indices": [
        0,
        1
      ],
      "pred_candidate_indices": [
        0,
        2
      ],
      "num_predictions": 2,
      "num_targets": 2,
      "precision": 0.5,
      "recall": 0.5,
      "f1": 0.5,
      "exact": 0.0
    },
    {
      "sample_id": "0000002",
      "image_id": 839,
      "file_name": "COCO_train2014_000000000839.jpg",
      "target_type": "multi-target",
      "expression": "blue shirt and white shirt",
      "true_count_class": 2,
      "pred_count_class": 2,
      "gt_candidate_indices": [
        0,
        2
      ],
      "pred_candidate_indices": [
        0,
        2
      ],
      "num_predictions": 2,
      "num_targets": 2,
      "precision": 1.0,
      "recall": 1.0,
      "f1": 1.0,
      "exact": 1.0
    },
    {
      "sample_id": "0000003",
      "image_id": 839,
      "file_name": "COCO_train2014_000000000839.jpg",
      "target_type": "multi-target",
      "expression": "blue cshirt and falling",
      "true_count_class": 2,
      "pred_count_class": 2,
      "gt_candidate_indices": [
        0,
        2
      ],
      "pred_candidate_indices": [
        0,
        2
      ],
      "num_predictions": 2,
      "num_targets": 2,
      "precision": 1.0,