{
  "feature_file": "cache/features/stage5/siglip2_detector_testB.pt",
  "checkpoint": "checkpoints/stage5_6/siglip2_10pct_seed0_hierarchical/selected.pt",
  "clip_model": "none",
  "feature_dim": 768,
  "candidate_feature_dim": 768,
  "text_feature_dim": 768,
  "representation": {
    "name": "siglip2",
    "model_ids": {
      "siglip2": "google/siglip2-base-patch16-224"
    },
    "candidate_feature_dim": 768,
    "text_feature_dim": 768,
    "component_normalization": {
      "siglip2_image": "l2",
      "siglip2_text": "l2"
    },
    "fusion": "none",
    "similarity_source": "normalized SigLIP 2 image/text embeddings",
    "encoder_parameters": {
      "siglip2": {
        "total": 375187970,
        "trainable": 0
      }
    }
  },
  "device": "cuda",
  "batch_size": 128,
  "selection_policy": "cardinality-threshold",
  "membership_threshold": 0.7,
  "count_logit_bias": [
    1.0,
    0.0,
    0.0,
    2.0
  ],
  "config": {
    "match_threshold": 0.5,
    "overlap_metric": "giou",
    "prediction_score_threshold": null,
    "image_f1_threshold": 1.0
  },
  "official": {
    "F1_score": 0.40789391769905997,
    "T_acc": 0.9450395083406496,
    "N_acc": 0.5996148084742136
  },
  "diagnostics": {
    "num_samples": 16063,
    "mean_precision": 0.5400352761609551,
    "mean_recall": 0.5205753497230802,
    "mean_f1": 0.5232846131546407,
    "exact_set_accuracy": 0.40789391769905997,
    "cardinality_accuracy": 0.7329266015065679,
    "count_class_accuracy": 0.762871194670983,
    "count_class_evaluated": 16063,
    "micro_precision": 0.48038311821348084,
    "micro_recall": 0.4397918034324299,
    "micro_f1": 0.4591921664626683,
    "total_tp": 9379,
    "total_fp": 10145,
    "total_fn": 11947,
    "no_target_total": 4673,
    "no_target_accuracy": 0.5996148084742136,
    "false_grounding_rate": 0.40038519152578644,
    "single_target_total": 5646,
    "single_target_localization_accuracy": 0.48901877435352464,
    "single_target_exact_accuracy": 0.46723343960325897,
    "multi_target_total": 5744,
    "multi_target_mean_f1": 0.5021101568772611,
    "multi_target_exact_accuracy": 0.1935933147632312
  },
  "by_target_type": {
    "no-target": {
      "num_samples": 4673,
      "mean_precision": 0.5996148084742136,
      "mean_recall": 0.5996148084742136,
      "mean_f1": 0.5996148084742136,
      "exact_set_accuracy": 0.5996148084742136,
      "cardinality_accuracy": 0.5996148084742136,
      "count_class_accuracy": 0.5996148084742136,
      "count_class_evaluated": 4673,
      "micro_precision": 0.0,
      "micro_recall": 0.0,
      "micro_f1": 0.0,
      "total_tp": 0,
      "total_fp": 2006,
      "total_fn": 0
    },
    "single-target": {
      "num_samples": 5646,
      "mean_precision": 0.4780227889951589,
      "mean_recall": 0.48901877435352464,
      "mean_f1": 0.4816507261778248,
      "exact_set_accuracy": 0.46723343960325897,
      "cardinality_accuracy": 0.8595465816507262,
      "count_class_accuracy": 0.8595465816507262,
      "count_class_evaluated": 5646,
      "micro_precision": 0.5153042179917879,
      "micro_recall": 0.48901877435352464,
      "micro_f1": 0.5018175209014903,
      "total_tp": 2761,
      "total_fp": 2597,
      "total_fn": 2885
    },
    "multi-target": {
      "num_samples": 5744,
      "mean_precision": 0.5525191459447675,
      "mean_recall": 0.4872914071382039,
      "mean_f1": 0.5021101568772611,
      "exact_set_accuracy": 0.1935933147632312,
      "cardinality_accuracy": 0.7169220055710307,
      "count_class_accuracy": 0.8006615598885793,
      "count_class_evaluated": 5744,
      "micro_precision": 0.5442434210526316,
      "micro_recall": 0.42206632653061227,
      "micro_f1": 0.47543103448275864,
      "total_tp": 6618,
      "total_fp": 5542,
      "total_fn": 9062
    }
  },
  "by_count_group": {
    "0": {
      "num_samples": 4673,
      "mean_precision": 0.5996148084742136,
      "mean_recall": 0.5996148084742136,
      "mean_f1": 0.5996148084742136,
      "exact_set_accuracy": 0.5996148084742136,
      "cardinality_accuracy": 0.5996148084742136,
      "count_class_accuracy": 0.5996148084742136,
      "count_class_evaluated": 4673,
      "micro_precision": 0.0,
      "micro_recall": 0.0,
      "micro_f1": 0.0,
      "total_tp": 0,
      "total_fp": 2006,
      "total_fn": 0
    },
    "1": {
      "num_samples": 5646,
      "mean_precision": 0.4780227889951589,
      "mean_recall": 0.48901877435352464,
      "mean_f1": 0.4816507261778248,
      "exact_set_accuracy": 0.46723343960325897,
      "cardinality_accuracy": 0.8595465816507262,
      "count_class_accuracy": 0.8595465816507262,
      "count_class_evaluated": 5646,
      "micro_precision": 0.5153042179917879,
      "micro_recall": 0.48901877435352464,
      "micro_f1": 0.5018175209014903,
      "total_tp": 2761,
      "total_fp": 2597,
      "total_fn": 2885
    },
    "2": {
      "num_samples": 3957,
      "mean_precision": 0.5596327183893524,
      "mean_recall": 0.548395248925954,
      "mean_f1": 0.5513207456346204,
      "exact_set_accuracy": 0.26787970684862267,
      "cardinality_accuracy": 0.939853424311347,
      "count_class_accuracy": 0.9396007076067728,
      "count_class_evaluated": 3957,
      "micro_precision": 0.5613036730470771,
      "micro_recall": 0.548395248925954,
      "micro_f1": 0.5547743832289403,
      "total_tp": 4340,
      "total_fp": 3392,
      "total_fn": 3574
    },
    "3+": {
      "num_samples": 1787,
      "mean_precision": 0.5367673797650092,
      "mean_recall": 0.3519876007844679,
      "mean_f1": 0.39314188619293866,
      "exact_set_accuracy": 0.029099048684946838,
      "cardinality_accuracy": 0.22327923894795748,
      "count_class_accuracy": 0.4930050363738109,
      "count_class_evaluated": 1787,
      "micro_precision": 0.514453477868112,
      "micro_recall": 0.2933298995621942,
      "micro_f1": 0.37362637362637363,
      "total_tp": 2278,
      "total_fp": 2150,
      "total_fn": 5488
    }
  },
  "examples": [
    {
      "sample_id": "0000000",
      "image_id": 154,
      "file_name": "COCO_train2014_000000000154.jpg",
      "target_type": "multi-target",
      "expression": "three zebras standing on the savannah.",
      "true_count_class": 3,
      "pred_count_class": 3,
      "gt_candidate_indices": [
        0,
        1,
        2,
        3
      ],
      "pred_candidate_indices": [
        0,
        1,
        3
      ],
      "num_predictions": 3,
      "num_targets": 3,
      "precision": 0.6666666666666666,
      "recall": 0.6666666666666666,
      "f1": 0.6666666666666666,
      "exact": 0.0
    },
    {
      "sample_id": "0000001",
      "image_id": 154,
      "file_name": "COCO_train2014_000000000154.jpg",
      "target_type": "multi-target",
      "expression": "a trio of zebras positioned on the grassland.",
      "true_count_class": 3,
      "pred_count_class": 3,
      "gt_candidate_indices": [
        0,
        1,
        2,
        3
      ],
      "pred_candidate_indices": [
        0,
        1,
        3
      ],
      "num_predictions": 3,
      "num_targets": 3,
      "precision": 0.6666666666666666,
      "recall": 0.6666666666666666,
      "f1": 0.6666666666666666,
      "exact": 0.0
    },
    {
      "sample_id": "0000002",
      "image_id": 154,
      "file_name": "COCO_train2014_000000000154.jpg",
      "target_type": "multi-target",
      "expression": "there are three zebras standing in the prairie.",
      "true_count_class": 3,
      "pred_count_class": 3,
      "gt_candidate_indices": [
        0,
        1,
        2,
        3
      ],
      "pred_candidate_indices": [
        0,
        1,
        3
      ],
      "num_predictions": 3,
      "num_targets": 3,
      "precision": 0.6666666666666666,
      "recall": 0.6666666666666666,
      "f1": 0.6666666666666666,
      "exact": 0.0
    },
    {
      "sample_id": "0000003",
      "image_id": 154,
      "file_name": "COCO_train2014_000000000154.jpg",
      "target_type": "multi-target",