{
  "feature_file": "cache/features/stage5/siglip2_detector_testB.pt",
  "checkpoint": "checkpoints/stage5_6/siglip2_10pct_seed2_hierarchical/selected.pt",
  "clip_model": "none",
  "feature_dim": 768,
  "candidate_feature_dim": 768,
  "text_feature_dim": 768,
  "representation": {
    "name": "siglip2",
    "model_ids": {
      "siglip2": "google/siglip2-base-patch16-224"
    },
    "candidate_feature_dim": 768,
    "text_feature_dim": 768,
    "component_normalization": {
      "siglip2_image": "l2",
      "siglip2_text": "l2"
    },
    "fusion": "none",
    "similarity_source": "normalized SigLIP 2 image/text embeddings",
    "encoder_parameters": {
      "siglip2": {
        "total": 375187970,
        "trainable": 0
      }
    }
  },
  "device": "cuda",
  "batch_size": 128,
  "selection_policy": "cardinality-threshold",
  "membership_threshold": 0.7,
  "count_logit_bias": [
    1.0,
    0.0,
    0.0,
    0.5
  ],
  "config": {
    "match_threshold": 0.5,
    "overlap_metric": "giou",
    "prediction_score_threshold": null,
    "image_f1_threshold": 1.0
  },
  "official": {
    "F1_score": 0.40061009774014816,
    "T_acc": 0.9503072870939421,
    "N_acc": 0.6045367001925958
  },
  "diagnostics": {
    "num_samples": 16063,
    "mean_precision": 0.5360250203398884,
    "mean_recall": 0.5149886755424312,
    "mean_f1": 0.5171683319042087,
    "exact_set_accuracy": 0.40061009774014816,
    "cardinality_accuracy": 0.7308721907489261,
    "count_class_accuracy": 0.756645707526614,
    "count_class_evaluated": 16063,
    "micro_precision": 0.4728123874684912,
    "micro_recall": 0.43097627309387604,
    "micro_f1": 0.45092603949466453,
    "total_tp": 9191,
    "total_fp": 10248,
    "total_fn": 12135,
    "no_target_total": 4673,
    "no_target_accuracy": 0.6045367001925958,
    "false_grounding_rate": 0.39546329980740424,
    "single_target_total": 5646,
    "single_target_localization_accuracy": 0.47945448104852995,
    "single_target_exact_accuracy": 0.45093871767623095,
    "multi_target_total": 5744,
    "multi_target_mean_f1": 0.492782308851667,
    "multi_target_exact_accuracy": 0.18523676880222842
  },
  "by_target_type": {
    "no-target": {
      "num_samples": 4673,
      "mean_precision": 0.6045367001925958,
      "mean_recall": 0.6045367001925958,
      "mean_f1": 0.6045367001925958,
      "exact_set_accuracy": 0.6045367001925958,
      "cardinality_accuracy": 0.6045367001925958,
      "count_class_accuracy": 0.6045367001925958,
      "count_class_evaluated": 4673,
      "micro_precision": 0.0,
      "micro_recall": 0.0,
      "micro_f1": 0.0,
      "total_tp": 0,
      "total_fp": 1966,
      "total_fn": 0
    },
    "single-target": {
      "num_samples": 5646,
      "mean_precision": 0.4649161648364623,
      "mean_recall": 0.47945448104852995,
      "mean_f1": 0.46966584012280127,
      "exact_set_accuracy": 0.45093871767623095,
      "cardinality_accuracy": 0.861317747077577,
      "count_class_accuracy": 0.861317747077577,
      "count_class_evaluated": 5646,
      "micro_precision": 0.49325801749271136,
      "micro_recall": 0.47945448104852995,
      "micro_f1": 0.48625830788575536,
      "total_tp": 2707,
      "total_fp": 2781,
      "total_fn": 2939
    },
    "multi-target": {
      "num_samples": 5744,
      "mean_precision": 0.5501833626484937,
      "mean_recall": 0.4770653020957684,
      "mean_f1": 0.492782308851667,
      "exact_set_accuracy": 0.18523676880222842,
      "cardinality_accuracy": 0.7054317548746518,
      "count_class_accuracy": 0.7775069637883009,
      "count_class_evaluated": 5744,
      "micro_precision": 0.5410095953274927,
      "micro_recall": 0.4135204081632653,
      "micro_f1": 0.46875112958611964,
      "total_tp": 6484,
      "total_fp": 5501,
      "total_fn": 9196
    }
  },
  "by_count_group": {
    "0": {
      "num_samples": 4673,
      "mean_precision": 0.6045367001925958,
      "mean_recall": 0.6045367001925958,
      "mean_f1": 0.6045367001925958,
      "exact_set_accuracy": 0.6045367001925958,
      "cardinality_accuracy": 0.6045367001925958,
      "count_class_accuracy": 0.6045367001925958,
      "count_class_evaluated": 4673,
      "micro_precision": 0.0,
      "micro_recall": 0.0,
      "micro_f1": 0.0,
      "total_tp": 0,
      "total_fp": 1966,
      "total_fn": 0
    },
    "1": {
      "num_samples": 5646,
      "mean_precision": 0.4649161648364623,
      "mean_recall": 0.47945448104852995,
      "mean_f1": 0.46966584012280127,
      "exact_set_accuracy": 0.45093871767623095,
      "cardinality_accuracy": 0.861317747077577,
      "count_class_accuracy": 0.861317747077577,
      "count_class_evaluated": 5646,
      "micro_precision": 0.49325801749271136,
      "micro_recall": 0.47945448104852995,
      "micro_f1": 0.48625830788575536,
      "total_tp": 2707,
      "total_fp": 2781,
      "total_fn": 2939
    },
    "2": {
      "num_samples": 3957,
      "mean_precision": 0.5483868250358019,
      "mean_recall": 0.5381602223907,
      "mean_f1": 0.5406813723720476,
      "exact_set_accuracy": 0.2512004043467273,
      "cardinality_accuracy": 0.9322719231741218,
      "count_class_accuracy": 0.9322719231741218,
      "count_class_evaluated": 3957,
      "micro_precision": 0.5544129133038271,
      "micro_recall": 0.5381602223907,
      "micro_f1": 0.546165683508592,
      "total_tp": 4259,
      "total_fp": 3423,
      "total_fn": 3655
    },
    "3+": {
      "num_samples": 1787,
      "mean_precision": 0.5541614820292569,
      "mean_recall": 0.34178125083273403,
      "mean_f1": 0.38671818218677534,
      "exact_set_accuracy": 0.03917179630665921,
      "cardinality_accuracy": 0.20313374370453274,
      "count_class_accuracy": 0.4348069390039172,
      "count_class_evaluated": 1787,
      "micro_precision": 0.5170811062049733,
      "micro_recall": 0.2865052794231264,
      "micro_f1": 0.36871323224790786,
      "total_tp": 2225,
      "total_fp": 2078,
      "total_fn": 5541
    }
  },
  "examples": [
    {
      "sample_id": "0000000",
      "image_id": 154,
      "file_name": "COCO_train2014_000000000154.jpg",
      "target_type": "multi-target",
      "expression": "three zebras standing on the savannah.",
      "true_count_class": 3,
      "pred_count_class": 3,
      "gt_candidate_indices": [
        0,
        1,
        2,
        3
      ],
      "pred_candidate_indices": [
        0,
        1,
        3
      ],
      "num_predictions": 3,
      "num_targets": 3,
      "precision": 0.6666666666666666,
      "recall": 0.6666666666666666,
      "f1": 0.6666666666666666,
      "exact": 0.0
    },
    {
      "sample_id": "0000001",
      "image_id": 154,
      "file_name": "COCO_train2014_000000000154.jpg",
      "target_type": "multi-target",
      "expression": "a trio of zebras positioned on the grassland.",
      "true_count_class": 3,
      "pred_count_class": 3,
      "gt_candidate_indices": [
        0,
        1,
        2,
        3
      ],
      "pred_candidate_indices": [
        0,
        1,
        3
      ],
      "num_predictions": 3,
      "num_targets": 3,
      "precision": 0.6666666666666666,
      "recall": 0.6666666666666666,
      "f1": 0.6666666666666666,
      "exact": 0.0
    },
    {
      "sample_id": "0000002",
      "image_id": 154,
      "file_name": "COCO_train2014_000000000154.jpg",
      "target_type": "multi-target",
      "expression": "there are three zebras standing in the prairie.",
      "true_count_class": 3,
      "pred_count_class": 3,
      "gt_candidate_indices": [
        0,
        1,
        2,
        3
      ],
      "pred_candidate_indices": [
        0,
        1,
        3
      ],
      "num_predictions": 3,
      "num_targets": 3,
      "precision": 0.6666666666666666,
      "recall": 0.6666666666666666,
      "f1": 0.6666666666666666,
      "exact": 0.0
    },
    {
      "sample_id": "0000003",
      "image_id": 154,
      "file_name": "COCO_train2014_000000000154.jpg",
      "target_type": "multi-target",