{
  "feature_file": "cache/features/stage5/siglip2_detector_testB.pt",
  "checkpoint": "checkpoints/stage5_6/siglip2_10pct_seed2_hierarchical/selected.pt",
  "clip_model": "none",
  "feature_dim": 768,
  "candidate_feature_dim": 768,
  "text_feature_dim": 768,
  "representation": {
    "name": "siglip2",
    "model_ids": {
      "siglip2": "google/siglip2-base-patch16-224"
    },
    "candidate_feature_dim": 768,
    "text_feature_dim": 768,
    "component_normalization": {
      "siglip2_image": "l2",
      "siglip2_text": "l2"
    },
    "fusion": "none",
    "similarity_source": "normalized SigLIP 2 image/text embeddings",
    "encoder_parameters": {
      "siglip2": {
        "total": 375187970,
        "trainable": 0
      }
    }
  },
  "device": "cuda",
  "batch_size": 128,
  "selection_policy": "cardinality-threshold",
  "membership_threshold": 0.95,
  "count_logit_bias": [
    10.0,
    0.0,
    0.0,
    13.0
  ],
  "config": {
    "match_threshold": 0.5,
    "overlap_metric": "giou",
    "prediction_score_threshold": null,
    "image_f1_threshold": 1.0
  },
  "official": {
    "F1_score": 0.41916204943036794,
    "T_acc": 0.8826163301141352,
    "N_acc": 0.7399957200941579
  },
  "diagnostics": {
    "num_samples": 16063,
    "mean_precision": 0.5482786528045825,
    "mean_recall": 0.5409119289683312,
    "mean_f1": 0.5389902856271502,
    "exact_set_accuracy": 0.41916204943036794,
    "cardinality_accuracy": 0.7301873871630455,
    "count_class_accuracy": 0.7700927597584512,
    "count_class_evaluated": 16063,
    "micro_precision": 0.4882198250415929,
    "micro_recall": 0.4265685079245991,
    "micro_f1": 0.4553166996171075,
    "total_tp": 9097,
    "total_fp": 9536,
    "total_fn": 12229,
    "no_target_total": 4673,
    "no_target_accuracy": 0.7399957200941579,
    "false_grounding_rate": 0.2600042799058421,
    "single_target_total": 5646,
    "single_target_localization_accuracy": 0.4344668792065179,
    "single_target_exact_accuracy": 0.3992206872121856,
    "multi_target_total": 5744,
    "multi_target_mean_f1": 0.49239222806910016,
    "multi_target_exact_accuracy": 0.1777506963788301
  },
  "by_target_type": {
    "no-target": {
      "num_samples": 4673,
      "mean_precision": 0.7399957200941579,
      "mean_recall": 0.7399957200941579,
      "mean_f1": 0.7399957200941579,
      "exact_set_accuracy": 0.7399957200941579,
      "cardinality_accuracy": 0.7399957200941579,
      "count_class_accuracy": 0.7399957200941579,
      "count_class_evaluated": 4673,
      "micro_precision": 0.0,
      "micro_recall": 0.0,
      "micro_f1": 0.0,
      "total_tp": 0,
      "total_fp": 1401,
      "total_fn": 0
    },
    "single-target": {
      "num_samples": 5646,
      "mean_precision": 0.4141575156452943,
      "mean_recall": 0.4344668792065179,
      "mean_f1": 0.42003188097768357,
      "exact_set_accuracy": 0.3992206872121856,
      "cardinality_accuracy": 0.7536308891250443,
      "count_class_accuracy": 0.7536308891250443,
      "count_class_evaluated": 5646,
      "micro_precision": 0.4882563694267516,
      "micro_recall": 0.4344668792065179,
      "micro_f1": 0.45979381443298967,
      "total_tp": 2453,
      "total_fp": 2571,
      "total_fn": 3193
    },
    "multi-target": {
      "num_samples": 5744,
      "mean_precision": 0.52414113277623,
      "mean_recall": 0.4835773528931601,
      "mean_f1": 0.49239222806910016,
      "exact_set_accuracy": 0.1777506963788301,
      "cardinality_accuracy": 0.6991643454038997,
      "count_class_accuracy": 0.8107590529247911,
      "count_class_evaluated": 5744,
      "micro_precision": 0.5442332896461337,
      "micro_recall": 0.42372448979591837,
      "micro_f1": 0.4764773379231211,
      "total_tp": 6644,
      "total_fp": 5564,
      "total_fn": 9036
    }
  },
  "by_count_group": {
    "0": {
      "num_samples": 4673,
      "mean_precision": 0.7399957200941579,
      "mean_recall": 0.7399957200941579,
      "mean_f1": 0.7399957200941579,
      "exact_set_accuracy": 0.7399957200941579,
      "cardinality_accuracy": 0.7399957200941579,
      "count_class_accuracy": 0.7399957200941579,
      "count_class_evaluated": 4673,
      "micro_precision": 0.0,
      "micro_recall": 0.0,
      "micro_f1": 0.0,
      "total_tp": 0,
      "total_fp": 1401,
      "total_fn": 0
    },
    "1": {
      "num_samples": 5646,
      "mean_precision": 0.4141575156452943,
      "mean_recall": 0.4344668792065179,
      "mean_f1": 0.42003188097768357,
      "exact_set_accuracy": 0.3992206872121856,
      "cardinality_accuracy": 0.7536308891250443,
      "count_class_accuracy": 0.7536308891250443,
      "count_class_evaluated": 5646,
      "micro_precision": 0.4882563694267516,
      "micro_recall": 0.4344668792065179,
      "micro_f1": 0.45979381443298967,
      "total_tp": 2453,
      "total_fp": 2571,
      "total_fn": 3193
    },
    "2": {
      "num_samples": 3957,
      "mean_precision": 0.5269985679386741,
      "mean_recall": 0.5339903967652262,
      "mean_f1": 0.5273355235447736,
      "exact_set_accuracy": 0.23098306798079354,
      "cardinality_accuracy": 0.8544351781652767,
      "count_class_accuracy": 0.8539297447561284,
      "count_class_evaluated": 3957,
      "micro_precision": 0.5464890728048623,
      "micro_recall": 0.5339903967652262,
      "micro_f1": 0.5401674442385122,
      "total_tp": 4226,
      "total_fp": 3507,
      "total_fn": 3688
    },
    "3+": {
      "num_samples": 1787,
      "mean_precision": 0.5178138407013603,
      "mean_recall": 0.37194645496268275,
      "mean_f1": 0.4150163913610685,
      "exact_set_accuracy": 0.05987688864017907,
      "cardinality_accuracy": 0.3553441522104085,
      "count_class_accuracy": 0.7151650811415781,
      "count_class_evaluated": 1787,
      "micro_precision": 0.5403351955307263,
      "micro_recall": 0.31135719804275047,
      "micro_f1": 0.39506576260109466,
      "total_tp": 2418,
      "total_fp": 2057,
      "total_fn": 5348
    }
  },
  "examples": [
    {
      "sample_id": "0000000",
      "image_id": 154,
      "file_name": "COCO_train2014_000000000154.jpg",
      "target_type": "multi-target",
      "expression": "three zebras standing on the savannah.",
      "true_count_class": 3,
      "pred_count_class": 3,
      "gt_candidate_indices": [
        0,
        1,
        2,
        3
      ],
      "pred_candidate_indices": [
        0,
        1,
        3
      ],
      "num_predictions": 3,
      "num_targets": 3,
      "precision": 0.6666666666666666,
      "recall": 0.6666666666666666,
      "f1": 0.6666666666666666,
      "exact": 0.0
    },
    {
      "sample_id": "0000001",
      "image_id": 154,
      "file_name": "COCO_train2014_000000000154.jpg",
      "target_type": "multi-target",
      "expression": "a trio of zebras positioned on the grassland.",
      "true_count_class": 3,
      "pred_count_class": 3,
      "gt_candidate_indices": [
        0,
        1,
        2,
        3
      ],
      "pred_candidate_indices": [
        0,
        1,
        3
      ],
      "num_predictions": 3,
      "num_targets": 3,
      "precision": 0.6666666666666666,
      "recall": 0.6666666666666666,
      "f1": 0.6666666666666666,
      "exact": 0.0
    },
    {
      "sample_id": "0000002",
      "image_id": 154,
      "file_name": "COCO_train2014_000000000154.jpg",
      "target_type": "multi-target",
      "expression": "there are three zebras standing in the prairie.",
      "true_count_class": 3,
      "pred_count_class": 3,
      "gt_candidate_indices": [
        0,
        1,
        2,
        3
      ],
      "pred_candidate_indices": [
        0,
        1,
        3
      ],
      "num_predictions": 3,
      "num_targets": 3,
      "precision": 0.6666666666666666,
      "recall": 0.6666666666666666,
      "f1": 0.6666666666666666,
      "exact": 0.0
    },
    {
      "sample_id": "0000003",
      "image_id": 154,
      "file_name": "COCO_train2014_000000000154.jpg",
      "target_type": "multi-target",