{
  "feature_file": "cache/features/stage5/siglip2_detector_testA.pt",
  "checkpoint": "checkpoints/stage5_6/siglip2_10pct_seed2_hierarchical/selected.pt",
  "clip_model": "none",
  "feature_dim": 768,
  "candidate_feature_dim": 768,
  "text_feature_dim": 768,
  "representation": {
    "name": "siglip2",
    "model_ids": {
      "siglip2": "google/siglip2-base-patch16-224"
    },
    "candidate_feature_dim": 768,
    "text_feature_dim": 768,
    "component_normalization": {
      "siglip2_image": "l2",
      "siglip2_text": "l2"
    },
    "fusion": "none",
    "similarity_source": "normalized SigLIP 2 image/text embeddings",
    "encoder_parameters": {
      "siglip2": {
        "total": 375187970,
        "trainable": 0
      }
    }
  },
  "device": "cuda",
  "batch_size": 128,
  "selection_policy": "cardinality-threshold",
  "membership_threshold": 0.7,
  "count_logit_bias": [
    1.0,
    0.0,
    0.0,
    0.5
  ],
  "config": {
    "match_threshold": 0.5,
    "overlap_metric": "giou",
    "prediction_score_threshold": null,
    "image_f1_threshold": 1.0
  },
  "official": {
    "F1_score": 0.45364583333333336,
    "T_acc": 0.9740374186550976,
    "N_acc": 0.5847571942446043
  },
  "diagnostics": {
    "num_samples": 19200,
    "mean_precision": 0.6331072761108367,
    "mean_recall": 0.5971305920641874,
    "mean_f1": 0.6053049835266878,
    "exact_set_accuracy": 0.45364583333333336,
    "cardinality_accuracy": 0.7385416666666667,
    "count_class_accuracy": 0.7655729166666667,
    "count_class_evaluated": 19200,
    "micro_precision": 0.5989133785450061,
    "micro_recall": 0.5252788104089219,
    "micro_f1": 0.5596845630333801,
    "total_tp": 15543,
    "total_fp": 10409,
    "total_fn": 14047,
    "no_target_total": 4448,
    "no_target_accuracy": 0.5847571942446043,
    "false_grounding_rate": 0.4152428057553957,
    "single_target_total": 5917,
    "single_target_localization_accuracy": 0.657596755112388,
    "single_target_exact_accuracy": 0.6324150752070306,
    "multi_target_total": 8835,
    "multi_target_mean_f1": 0.5862692718784298,
    "multi_target_exact_accuracy": 0.26791171477079795
  },
  "by_target_type": {
    "no-target": {
      "num_samples": 4448,
      "mean_precision": 0.5847571942446043,
      "mean_recall": 0.5847571942446043,
      "mean_f1": 0.5847571942446043,
      "exact_set_accuracy": 0.5847571942446043,
      "cardinality_accuracy": 0.5847571942446043,
      "count_class_accuracy": 0.5847571942446043,
      "count_class_evaluated": 4448,
      "micro_precision": 0.0,
      "micro_recall": 0.0,
      "micro_f1": 0.0,
      "total_tp": 0,
      "total_fp": 2009,
      "total_fn": 0
    },
    "single-target": {
      "num_samples": 5917,
      "mean_precision": 0.6449777477325221,
      "mean_recall": 0.657596755112388,
      "mean_f1": 0.6491746943834134,
      "exact_set_accuracy": 0.6324150752070306,
      "cardinality_accuracy": 0.9258069967889133,
      "count_class_accuracy": 0.9258069967889133,
      "count_class_evaluated": 5917,
      "micro_precision": 0.6588215374195733,
      "micro_recall": 0.657596755112388,
      "micro_f1": 0.6582085765034256,
      "total_tp": 3891,
      "total_fp": 2015,
      "total_fn": 2026
    },
    "multi-target": {
      "num_samples": 8835,
      "mean_precision": 0.649499305941681,
      "mean_recall": 0.5628644445537477,
      "mean_f1": 0.5862692718784298,
      "exact_set_accuracy": 0.26791171477079795,
      "cardinality_accuracy": 0.6905489530277307,
      "count_class_accuracy": 0.7492925863044708,
      "count_class_evaluated": 8835,
      "micro_precision": 0.6460054332760437,
      "micro_recall": 0.49220631098720063,
      "micro_f1": 0.5587149364660753,
      "total_tp": 11652,
      "total_fp": 6385,
      "total_fn": 12021
    }
  },
  "by_count_group": {
    "0": {
      "num_samples": 4448,
      "mean_precision": 0.5847571942446043,
      "mean_recall": 0.5847571942446043,
      "mean_f1": 0.5847571942446043,
      "exact_set_accuracy": 0.5847571942446043,
      "cardinality_accuracy": 0.5847571942446043,
      "count_class_accuracy": 0.5847571942446043,
      "count_class_evaluated": 4448,
      "micro_precision": 0.0,
      "micro_recall": 0.0,
      "micro_f1": 0.0,
      "total_tp": 0,
      "total_fp": 2009,
      "total_fn": 0
    },
    "1": {
      "num_samples": 5917,
      "mean_precision": 0.6449777477325221,
      "mean_recall": 0.657596755112388,
      "mean_f1": 0.6491746943834134,
      "exact_set_accuracy": 0.6324150752070306,
      "cardinality_accuracy": 0.9258069967889133,
      "count_class_accuracy": 0.9258069967889133,
      "count_class_evaluated": 5917,
      "micro_precision": 0.6588215374195733,
      "micro_recall": 0.657596755112388,
      "micro_f1": 0.6582085765034256,
      "total_tp": 3891,
      "total_fp": 2015,
      "total_fn": 2026
    },
    "2": {
      "num_samples": 5940,
      "mean_precision": 0.6680882903105126,
      "mean_recall": 0.6452020202020202,
      "mean_f1": 0.6524176104479107,
      "exact_set_accuracy": 0.3749158249158249,
      "cardinality_accuracy": 0.922053872053872,
      "count_class_accuracy": 0.922053872053872,
      "count_class_evaluated": 5940,
      "micro_precision": 0.670545009185548,
      "micro_recall": 0.6452020202020202,
      "micro_f1": 0.6576294453262408,
      "total_tp": 7665,
      "total_fp": 3766,
      "total_fn": 4215
    },
    "3+": {
      "num_samples": 2895,
      "mean_precision": 0.611358177392163,
      "mean_recall": 0.3939230976277614,
      "mean_f1": 0.45054521968404004,
      "exact_set_accuracy": 0.04835924006908463,
      "cardinality_accuracy": 0.2155440414507772,
      "count_class_accuracy": 0.39481865284974094,
      "count_class_evaluated": 2895,
      "micro_precision": 0.603542234332425,
      "micro_recall": 0.33808191299923684,
      "micro_f1": 0.4333931191912604,
      "total_tp": 3987,
      "total_fp": 2619,
      "total_fn": 7806
    }
  },
  "examples": [
    {
      "sample_id": "0000000",
      "image_id": 839,
      "file_name": "COCO_train2014_000000000839.jpg",
      "target_type": "multi-target",
      "expression": "blue shirt and a frisbee",
      "true_count_class": 2,
      "pred_count_class": 2,
      "gt_candidate_indices": [
        0,
        1
      ],
      "pred_candidate_indices": [
        0,
        2
      ],
      "num_predictions": 2,
      "num_targets": 2,
      "precision": 0.5,
      "recall": 0.5,
      "f1": 0.5,
      "exact": 0.0
    },
    {
      "sample_id": "0000001",
      "image_id": 839,
      "file_name": "COCO_train2014_000000000839.jpg",
      "target_type": "multi-target",
      "expression": "blue shirt and frisbee",
      "true_count_class": 2,
      "pred_count_class": 2,
      "gt_candidate_indices": [
        0,
        1
      ],
      "pred_candidate_indices": [
        0,
        2
      ],
      "num_predictions": 2,
      "num_targets": 2,
      "precision": 0.5,
      "recall": 0.5,
      "f1": 0.5,
      "exact": 0.0
    },
    {
      "sample_id": "0000002",
      "image_id": 839,
      "file_name": "COCO_train2014_000000000839.jpg",
      "target_type": "multi-target",
      "expression": "blue shirt and white shirt",
      "true_count_class": 2,
      "pred_count_class": 2,
      "gt_candidate_indices": [
        0,
        2
      ],
      "pred_candidate_indices": [
        0,
        2
      ],
      "num_predictions": 2,
      "num_targets": 2,
      "precision": 1.0,
      "recall": 1.0,
      "f1": 1.0,
      "exact": 1.0
    },
    {
      "sample_id": "0000003",
      "image_id": 839,
      "file_name": "COCO_train2014_000000000839.jpg",
      "target_type": "multi-target",
      "expression": "blue cshirt and falling",
      "true_count_class": 2,
      "pred_count_class": 2,
      "gt_candidate_indices": [
        0,
        2
      ],
      "pred_candidate_indices": [
        0,
        2
      ],
      "num_predictions": 2,
      "num_targets": 2,
      "precision": 1.0,