{
  "feature_file": "cache/features/stage5/siglip2_detector_testB.pt",
  "checkpoint": "checkpoints/stage5_6/siglip2_5pct_seed0_hierarchical/selected.pt",
  "clip_model": "none",
  "feature_dim": 768,
  "candidate_feature_dim": 768,
  "text_feature_dim": 768,
  "representation": {
    "name": "siglip2",
    "model_ids": {
      "siglip2": "google/siglip2-base-patch16-224"
    },
    "candidate_feature_dim": 768,
    "text_feature_dim": 768,
    "component_normalization": {
      "siglip2_image": "l2",
      "siglip2_text": "l2"
    },
    "fusion": "none",
    "similarity_source": "normalized SigLIP 2 image/text embeddings",
    "encoder_parameters": {
      "siglip2": {
        "total": 375187970,
        "trainable": 0
      }
    }
  },
  "device": "cuda",
  "batch_size": 128,
  "selection_policy": "cardinality-threshold",
  "membership_threshold": 0.7,
  "count_logit_bias": [
    1.0,
    0.0,
    0.0,
    2.0
  ],
  "config": {
    "match_threshold": 0.5,
    "overlap_metric": "giou",
    "prediction_score_threshold": null,
    "image_f1_threshold": 1.0
  },
  "official": {
    "F1_score": 0.3570939426010085,
    "T_acc": 0.9509218612818262,
    "N_acc": 0.5679435052428846
  },
  "diagnostics": {
    "num_samples": 16063,
    "mean_precision": 0.4913325470382059,
    "mean_recall": 0.4694708236418982,
    "mean_f1": 0.4724578094553987,
    "exact_set_accuracy": 0.3570939426010085,
    "cardinality_accuracy": 0.7146859241735666,
    "count_class_accuracy": 0.740148166594036,
    "count_class_evaluated": 16063,
    "micro_precision": 0.43963039014373717,
    "micro_recall": 0.40157554159242237,
    "micro_f1": 0.41974219477527813,
    "total_tp": 8564,
    "total_fp": 10916,
    "total_fn": 12762,
    "no_target_total": 4673,
    "no_target_accuracy": 0.5679435052428846,
    "false_grounding_rate": 0.43205649475711533,
    "single_target_total": 5646,
    "single_target_localization_accuracy": 0.38575982996811903,
    "single_target_exact_accuracy": 0.35866099893730075,
    "multi_target_total": 5744,
    "multi_target_mean_f1": 0.4890476659613616,
    "multi_target_exact_accuracy": 0.18401810584958217
  },
  "by_target_type": {
    "no-target": {
      "num_samples": 4673,
      "mean_precision": 0.5679435052428846,
      "mean_recall": 0.5679435052428846,
      "mean_f1": 0.5679435052428846,
      "exact_set_accuracy": 0.5679435052428846,
      "cardinality_accuracy": 0.5679435052428846,
      "count_class_accuracy": 0.5679435052428846,
      "count_class_evaluated": 4673,
      "micro_precision": 0.0,
      "micro_recall": 0.0,
      "micro_f1": 0.0,
      "total_tp": 0,
      "total_fp": 2162,
      "total_fn": 0
    },
    "single-target": {
      "num_samples": 5646,
      "mean_precision": 0.3720332979100248,
      "mean_recall": 0.38575982996811903,
      "mean_f1": 0.3765497697484949,
      "exact_set_accuracy": 0.35866099893730075,
      "cardinality_accuracy": 0.8487424725469359,
      "count_class_accuracy": 0.8487424725469359,
      "count_class_evaluated": 5646,
      "micro_precision": 0.397662954171992,
      "micro_recall": 0.38575982996811903,
      "micro_f1": 0.3916209655668435,
      "total_tp": 2178,
      "total_fp": 3299,
      "total_fn": 3468
    },
    "multi-target": {
      "num_samples": 5744,
      "mean_precision": 0.5462699691982431,
      "mean_recall": 0.4716416852645974,
      "mean_f1": 0.4890476659613616,
      "exact_set_accuracy": 0.18401810584958217,
      "cardinality_accuracy": 0.7022980501392758,
      "count_class_accuracy": 0.7735027855153204,
      "count_class_evaluated": 5744,
      "micro_precision": 0.5393125580609746,
      "micro_recall": 0.4072704081632653,
      "micro_f1": 0.46408197376548815,
      "total_tp": 6386,
      "total_fp": 5455,
      "total_fn": 9294
    }
  },
  "by_count_group": {
    "0": {
      "num_samples": 4673,
      "mean_precision": 0.5679435052428846,
      "mean_recall": 0.5679435052428846,
      "mean_f1": 0.5679435052428846,
      "exact_set_accuracy": 0.5679435052428846,
      "cardinality_accuracy": 0.5679435052428846,
      "count_class_accuracy": 0.5679435052428846,
      "count_class_evaluated": 4673,
      "micro_precision": 0.0,
      "micro_recall": 0.0,
      "micro_f1": 0.0,
      "total_tp": 0,
      "total_fp": 2162,
      "total_fn": 0
    },
    "1": {
      "num_samples": 5646,
      "mean_precision": 0.3720332979100248,
      "mean_recall": 0.38575982996811903,
      "mean_f1": 0.3765497697484949,
      "exact_set_accuracy": 0.35866099893730075,
      "cardinality_accuracy": 0.8487424725469359,
      "count_class_accuracy": 0.8487424725469359,
      "count_class_evaluated": 5646,
      "micro_precision": 0.397662954171992,
      "micro_recall": 0.38575982996811903,
      "micro_f1": 0.3916209655668435,
      "total_tp": 2178,
      "total_fp": 3299,
      "total_fn": 3468
    },
    "2": {
      "num_samples": 3957,
      "mean_precision": 0.5484551881443467,
      "mean_recall": 0.5319686631286328,
      "mean_f1": 0.5365681071518832,
      "exact_set_accuracy": 0.24816780389183726,
      "cardinality_accuracy": 0.9234268385140257,
      "count_class_accuracy": 0.9231741218094516,
      "count_class_evaluated": 3957,
      "micro_precision": 0.5483198749674394,
      "micro_recall": 0.5319686631286328,
      "micro_f1": 0.5400205233453053,
      "total_tp": 4210,
      "total_fp": 3468,
      "total_fn": 3704
    },
    "3+": {
      "num_samples": 1787,
      "mean_precision": 0.5414311827574282,
      "mean_recall": 0.33805810865128233,
      "mean_f1": 0.38382193244658674,
      "exact_set_accuracy": 0.041969781757134866,
      "cardinality_accuracy": 0.21264689423614996,
      "count_class_accuracy": 0.4420817011751539,
      "count_class_evaluated": 1787,
      "micro_precision": 0.5226999759788614,
      "micro_recall": 0.2801957249549318,
      "micro_f1": 0.364825215860508,
      "total_tp": 2176,
      "total_fp": 1987,
      "total_fn": 5590
    }
  },
  "examples": [
    {
      "sample_id": "0000000",
      "image_id": 154,
      "file_name": "COCO_train2014_000000000154.jpg",
      "target_type": "multi-target",
      "expression": "three zebras standing on the savannah.",
      "true_count_class": 3,
      "pred_count_class": 3,
      "gt_candidate_indices": [
        0,
        1,
        2,
        3
      ],
      "pred_candidate_indices": [
        0,
        1,
        3
      ],
      "num_predictions": 3,
      "num_targets": 3,
      "precision": 0.6666666666666666,
      "recall": 0.6666666666666666,
      "f1": 0.6666666666666666,
      "exact": 0.0
    },
    {
      "sample_id": "0000001",
      "image_id": 154,
      "file_name": "COCO_train2014_000000000154.jpg",
      "target_type": "multi-target",
      "expression": "a trio of zebras positioned on the grassland.",
      "true_count_class": 3,
      "pred_count_class": 3,
      "gt_candidate_indices": [
        0,
        1,
        2,
        3
      ],
      "pred_candidate_indices": [
        0,
        1,
        3
      ],
      "num_predictions": 3,
      "num_targets": 3,
      "precision": 0.6666666666666666,
      "recall": 0.6666666666666666,
      "f1": 0.6666666666666666,
      "exact": 0.0
    },
    {
      "sample_id": "0000002",
      "image_id": 154,
      "file_name": "COCO_train2014_000000000154.jpg",
      "target_type": "multi-target",
      "expression": "there are three zebras standing in the prairie.",
      "true_count_class": 3,
      "pred_count_class": 3,
      "gt_candidate_indices": [
        0,
        1,
        2,
        3
      ],
      "pred_candidate_indices": [
        0,
        1,
        3
      ],
      "num_predictions": 3,
      "num_targets": 3,
      "precision": 0.6666666666666666,
      "recall": 0.6666666666666666,
      "f1": 0.6666666666666666,
      "exact": 0.0
    },
    {
      "sample_id": "0000003",
      "image_id": 154,
      "file_name": "COCO_train2014_000000000154.jpg",
      "target_type": "multi-target",