{
  "feature_file": "cache/features/stage5/siglip2_detector_testB.pt",
  "checkpoint": "checkpoints/stage5_6/siglip2_5pct_seed0_hierarchical/selected.pt",
  "clip_model": "none",
  "feature_dim": 768,
  "candidate_feature_dim": 768,
  "text_feature_dim": 768,
  "representation": {
    "name": "siglip2",
    "model_ids": {
      "siglip2": "google/siglip2-base-patch16-224"
    },
    "candidate_feature_dim": 768,
    "text_feature_dim": 768,
    "component_normalization": {
      "siglip2_image": "l2",
      "siglip2_text": "l2"
    },
    "fusion": "none",
    "similarity_source": "normalized SigLIP 2 image/text embeddings",
    "encoder_parameters": {
      "siglip2": {
        "total": 375187970,
        "trainable": 0
      }
    }
  },
  "device": "cuda",
  "batch_size": 128,
  "selection_policy": "cardinality-threshold",
  "membership_threshold": 0.9,
  "count_logit_bias": [
    5.0,
    0.0,
    0.0,
    9.0
  ],
  "config": {
    "match_threshold": 0.5,
    "overlap_metric": "giou",
    "prediction_score_threshold": null,
    "image_f1_threshold": 1.0
  },
  "official": {
    "F1_score": 0.37022972047562724,
    "T_acc": 0.9196663740122915,
    "N_acc": 0.6603894714316285
  },
  "diagnostics": {
    "num_samples": 16063,
    "mean_precision": 0.5013696071717602,
    "mean_recall": 0.4952718579158208,
    "mean_f1": 0.4917801251871894,
    "exact_set_accuracy": 0.37022972047562724,
    "cardinality_accuracy": 0.7176741580028637,
    "count_class_accuracy": 0.7580775695698189,
    "count_class_evaluated": 16063,
    "micro_precision": 0.4384638645297853,
    "micro_recall": 0.40795273375222735,
    "micro_f1": 0.4226583754372328,
    "total_tp": 8700,
    "total_fp": 11142,
    "total_fn": 12626,
    "no_target_total": 4673,
    "no_target_accuracy": 0.6603894714316285,
    "false_grounding_rate": 0.3396105285683715,
    "single_target_total": 5646,
    "single_target_localization_accuracy": 0.37247608926673753,
    "single_target_exact_accuracy": 0.32217499114417286,
    "multi_target_total": 5744,
    "multi_target_mean_f1": 0.49329111261869857,
    "multi_target_exact_accuracy": 0.1814066852367688
  },
  "by_target_type": {
    "no-target": {
      "num_samples": 4673,
      "mean_precision": 0.6603894714316285,
      "mean_recall": 0.6603894714316285,
      "mean_f1": 0.6603894714316285,
      "exact_set_accuracy": 0.6603894714316285,
      "cardinality_accuracy": 0.6603894714316285,
      "count_class_accuracy": 0.6603894714316285,
      "count_class_evaluated": 4673,
      "micro_precision": 0.0,
      "micro_recall": 0.0,
      "micro_f1": 0.0,
      "total_tp": 0,
      "total_fp": 1874,
      "total_fn": 0
    },
    "single-target": {
      "num_samples": 5646,
      "mean_precision": 0.34230723816271,
      "mean_recall": 0.37247608926673753,
      "mean_f1": 0.3506907545164721,
      "exact_set_accuracy": 0.32217499114417286,
      "cardinality_accuracy": 0.769571377966702,
      "count_class_accuracy": 0.769571377966702,
      "count_class_evaluated": 5646,
      "micro_precision": 0.38187761031414563,
      "micro_recall": 0.37247608926673753,
      "micro_f1": 0.37711826414417643,
      "total_tp": 2103,
      "total_fp": 3404,
      "total_fn": 3543
    },
    "multi-target": {
      "num_samples": 5744,
      "mean_precision": 0.5283484215413182,
      "mean_recall": 0.481642035811605,
      "mean_f1": 0.49329111261869857,
      "exact_set_accuracy": 0.1814066852367688,
      "cardinality_accuracy": 0.713266016713092,
      "count_class_accuracy": 0.8262534818941504,
      "count_class_evaluated": 5744,
      "micro_precision": 0.5294117647058824,
      "micro_recall": 0.4207270408163265,
      "micro_f1": 0.4688532745815714,
      "total_tp": 6597,
      "total_fp": 5864,
      "total_fn": 9083
    }
  },
  "by_count_group": {
    "0": {
      "num_samples": 4673,
      "mean_precision": 0.6603894714316285,
      "mean_recall": 0.6603894714316285,
      "mean_f1": 0.6603894714316285,
      "exact_set_accuracy": 0.6603894714316285,
      "cardinality_accuracy": 0.6603894714316285,
      "count_class_accuracy": 0.6603894714316285,
      "count_class_evaluated": 4673,
      "micro_precision": 0.0,
      "micro_recall": 0.0,
      "micro_f1": 0.0,
      "total_tp": 0,
      "total_fp": 1874,
      "total_fn": 0
    },
    "1": {
      "num_samples": 5646,
      "mean_precision": 0.34230723816271,
      "mean_recall": 0.37247608926673753,
      "mean_f1": 0.3506907545164721,
      "exact_set_accuracy": 0.32217499114417286,
      "cardinality_accuracy": 0.769571377966702,
      "count_class_accuracy": 0.769571377966702,
      "count_class_evaluated": 5646,
      "micro_precision": 0.38187761031414563,
      "micro_recall": 0.37247608926673753,
      "micro_f1": 0.37711826414417643,
      "total_tp": 2103,
      "total_fp": 3404,
      "total_fn": 3543
    },
    "2": {
      "num_samples": 3957,
      "mean_precision": 0.5351697413865727,
      "mean_recall": 0.5334849633560779,
      "mean_f1": 0.5306882318254577,
      "exact_set_accuracy": 0.2357846853677028,
      "cardinality_accuracy": 0.8781905483952489,
      "count_class_accuracy": 0.8776851149861006,
      "count_class_evaluated": 3957,
      "micro_precision": 0.538108590364517,
      "micro_recall": 0.5334849633560779,
      "micro_f1": 0.5357868020304568,
      "total_tp": 4222,
      "total_fp": 3624,
      "total_fn": 3692
    },
    "3+": {
      "num_samples": 1787,
      "mean_precision": 0.5132437977989182,
      "mean_recall": 0.36684490973802664,
      "mean_f1": 0.41048171099522257,
      "exact_set_accuracy": 0.060996082820369335,
      "cardinality_accuracy": 0.3480693900391718,
      "count_class_accuracy": 0.7123670956911025,
      "count_class_evaluated": 1787,
      "micro_precision": 0.514626218851571,
      "micro_recall": 0.30582024208086533,
      "micro_f1": 0.3836523705678055,
      "total_tp": 2375,
      "total_fp": 2240,
      "total_fn": 5391
    }
  },
  "examples": [
    {
      "sample_id": "0000000",
      "image_id": 154,
      "file_name": "COCO_train2014_000000000154.jpg",
      "target_type": "multi-target",
      "expression": "three zebras standing on the savannah.",
      "true_count_class": 3,
      "pred_count_class": 3,
      "gt_candidate_indices": [
        0,
        1,
        2,
        3
      ],
      "pred_candidate_indices": [
        0,
        1,
        3
      ],
      "num_predictions": 3,
      "num_targets": 3,
      "precision": 0.6666666666666666,
      "recall": 0.6666666666666666,
      "f1": 0.6666666666666666,
      "exact": 0.0
    },
    {
      "sample_id": "0000001",
      "image_id": 154,
      "file_name": "COCO_train2014_000000000154.jpg",
      "target_type": "multi-target",
      "expression": "a trio of zebras positioned on the grassland.",
      "true_count_class": 3,
      "pred_count_class": 3,
      "gt_candidate_indices": [
        0,
        1,
        2,
        3
      ],
      "pred_candidate_indices": [
        0,
        1,
        3
      ],
      "num_predictions": 3,
      "num_targets": 3,
      "precision": 0.6666666666666666,
      "recall": 0.6666666666666666,
      "f1": 0.6666666666666666,
      "exact": 0.0
    },
    {
      "sample_id": "0000002",
      "image_id": 154,
      "file_name": "COCO_train2014_000000000154.jpg",
      "target_type": "multi-target",
      "expression": "there are three zebras standing in the prairie.",
      "true_count_class": 3,
      "pred_count_class": 3,
      "gt_candidate_indices": [
        0,
        1,
        2,
        3
      ],
      "pred_candidate_indices": [
        0,
        1,
        3
      ],
      "num_predictions": 3,
      "num_targets": 3,
      "precision": 0.6666666666666666,
      "recall": 0.6666666666666666,
      "f1": 0.6666666666666666,
      "exact": 0.0
    },
    {
      "sample_id": "0000003",
      "image_id": 154,
      "file_name": "COCO_train2014_000000000154.jpg",
      "target_type": "multi-target",