{
  "feature_file": "cache/features/stage5/siglip2_detector_testA.pt",
  "checkpoint": "checkpoints/stage5_6/siglip2_5pct_seed0_hierarchical/selected.pt",
  "clip_model": "none",
  "feature_dim": 768,
  "candidate_feature_dim": 768,
  "text_feature_dim": 768,
  "representation": {
    "name": "siglip2",
    "model_ids": {
      "siglip2": "google/siglip2-base-patch16-224"
    },
    "candidate_feature_dim": 768,
    "text_feature_dim": 768,
    "component_normalization": {
      "siglip2_image": "l2",
      "siglip2_text": "l2"
    },
    "fusion": "none",
    "similarity_source": "normalized SigLIP 2 image/text embeddings",
    "encoder_parameters": {
      "siglip2": {
        "total": 375187970,
        "trainable": 0
      }
    }
  },
  "device": "cuda",
  "batch_size": 128,
  "selection_policy": "cardinality-threshold",
  "membership_threshold": 0.9,
  "count_logit_bias": [
    5.0,
    0.0,
    0.0,
    9.0
  ],
  "config": {
    "match_threshold": 0.5,
    "overlap_metric": "giou",
    "prediction_score_threshold": null,
    "image_f1_threshold": 1.0
  },
  "official": {
    "F1_score": 0.42161458333333335,
    "T_acc": 0.9591919739696312,
    "N_acc": 0.6472571942446043
  },
  "diagnostics": {
    "num_samples": 19200,
    "mean_precision": 0.596440972222221,
    "mean_recall": 0.5796875430703569,
    "mean_f1": 0.5812821144525547,
    "exact_set_accuracy": 0.42161458333333335,
    "cardinality_accuracy": 0.7427604166666667,
    "count_class_accuracy": 0.78828125,
    "count_class_evaluated": 19200,
    "micro_precision": 0.5576802160002959,
    "micro_recall": 0.5095640419060493,
    "micro_f1": 0.5325374821198369,
    "total_tp": 15078,
    "total_fp": 11959,
    "total_fn": 14512,
    "no_target_total": 4448,
    "no_target_accuracy": 0.6472571942446043,
    "false_grounding_rate": 0.3527428057553957,
    "single_target_total": 5917,
    "single_target_localization_accuracy": 0.5502788575291533,
    "single_target_exact_accuracy": 0.5065066756802433,
    "multi_target_total": 8835,
    "multi_target_mean_f1": 0.580243342481331,
    "multi_target_exact_accuracy": 0.2511601584606678
  },
  "by_target_type": {
    "no-target": {
      "num_samples": 4448,
      "mean_precision": 0.6472571942446043,
      "mean_recall": 0.6472571942446043,
      "mean_f1": 0.6472571942446043,
      "exact_set_accuracy": 0.6472571942446043,
      "cardinality_accuracy": 0.6472571942446043,
      "count_class_accuracy": 0.6472571942446043,
      "count_class_evaluated": 4448,
      "micro_precision": 0.0,
      "micro_recall": 0.0,
      "micro_f1": 0.0,
      "total_tp": 0,
      "total_fp": 1837,
      "total_fn": 0
    },
    "single-target": {
      "num_samples": 5917,
      "mean_precision": 0.5259422004394122,
      "mean_recall": 0.5502788575291533,
      "mean_f1": 0.5332375640808956,
      "exact_set_accuracy": 0.5065066756802433,
      "cardinality_accuracy": 0.8565151259083995,
      "count_class_accuracy": 0.8565151259083995,
      "count_class_evaluated": 5917,
      "micro_precision": 0.5534591194968553,
      "micro_recall": 0.5502788575291533,
      "micro_f1": 0.551864406779661,
      "total_tp": 3256,
      "total_fp": 2627,
      "total_fn": 2661
    },
    "multi-target": {
      "num_samples": 8835,
      "mean_precision": 0.6180720618751185,
      "mean_recall": 0.5653651190663048,
      "mean_f1": 0.580243342481331,
      "exact_set_accuracy": 0.2511601584606678,
      "cardinality_accuracy": 0.7146576117713639,
      "count_class_accuracy": 0.8135823429541595,
      "count_class_evaluated": 8835,
      "micro_precision": 0.6119997929285086,
      "micro_recall": 0.49938748785536263,
      "micro_f1": 0.5499883693882298,
      "total_tp": 11822,
      "total_fp": 7495,
      "total_fn": 11851
    }
  },
  "by_count_group": {
    "0": {
      "num_samples": 4448,
      "mean_precision": 0.6472571942446043,
      "mean_recall": 0.6472571942446043,
      "mean_f1": 0.6472571942446043,
      "exact_set_accuracy": 0.6472571942446043,
      "cardinality_accuracy": 0.6472571942446043,
      "count_class_accuracy": 0.6472571942446043,
      "count_class_evaluated": 4448,
      "micro_precision": 0.0,
      "micro_recall": 0.0,
      "micro_f1": 0.0,
      "total_tp": 0,
      "total_fp": 1837,
      "total_fn": 0
    },
    "1": {
      "num_samples": 5917,
      "mean_precision": 0.5259422004394122,
      "mean_recall": 0.5502788575291533,
      "mean_f1": 0.5332375640808956,
      "exact_set_accuracy": 0.5065066756802433,
      "cardinality_accuracy": 0.8565151259083995,
      "count_class_accuracy": 0.8565151259083995,
      "count_class_evaluated": 5917,
      "micro_precision": 0.5534591194968553,
      "micro_recall": 0.5502788575291533,
      "micro_f1": 0.551864406779661,
      "total_tp": 3256,
      "total_fp": 2627,
      "total_fn": 2661
    },
    "2": {
      "num_samples": 5940,
      "mean_precision": 0.6452581369248033,
      "mean_recall": 0.6376262626262627,
      "mean_f1": 0.6364309764309775,
      "exact_set_accuracy": 0.3397306397306397,
      "cardinality_accuracy": 0.8737373737373737,
      "count_class_accuracy": 0.8737373737373737,
      "count_class_evaluated": 5940,
      "micro_precision": 0.6436947654656696,
      "micro_recall": 0.6376262626262627,
      "micro_f1": 0.6406461434370772,
      "total_tp": 7575,
      "total_fp": 4193,
      "total_fn": 4305
    },
    "3+": {
      "num_samples": 2895,
      "mean_precision": 0.5622913068508948,
      "mean_recall": 0.41709873124380864,
      "mean_f1": 0.46495679821158287,
      "exact_set_accuracy": 0.0694300518134715,
      "cardinality_accuracy": 0.3882556131260794,
      "count_class_accuracy": 0.6901554404145078,
      "count_class_evaluated": 2895,
      "micro_precision": 0.5625910716651212,
      "micro_recall": 0.3601288900195031,
      "micro_f1": 0.43914796815220764,
      "total_tp": 4247,
      "total_fp": 3302,
      "total_fn": 7546
    }
  },
  "examples": [
    {
      "sample_id": "0000000",
      "image_id": 839,
      "file_name": "COCO_train2014_000000000839.jpg",
      "target_type": "multi-target",
      "expression": "blue shirt and a frisbee",
      "true_count_class": 2,
      "pred_count_class": 2,
      "gt_candidate_indices": [
        0,
        1
      ],
      "pred_candidate_indices": [
        0,
        2
      ],
      "num_predictions": 2,
      "num_targets": 2,
      "precision": 0.5,
      "recall": 0.5,
      "f1": 0.5,
      "exact": 0.0
    },
    {
      "sample_id": "0000001",
      "image_id": 839,
      "file_name": "COCO_train2014_000000000839.jpg",
      "target_type": "multi-target",
      "expression": "blue shirt and frisbee",
      "true_count_class": 2,
      "pred_count_class": 2,
      "gt_candidate_indices": [
        0,
        1
      ],
      "pred_candidate_indices": [
        0,
        2
      ],
      "num_predictions": 2,
      "num_targets": 2,
      "precision": 0.5,
      "recall": 0.5,
      "f1": 0.5,
      "exact": 0.0
    },
    {
      "sample_id": "0000002",
      "image_id": 839,
      "file_name": "COCO_train2014_000000000839.jpg",
      "target_type": "multi-target",
      "expression": "blue shirt and white shirt",
      "true_count_class": 2,
      "pred_count_class": 2,
      "gt_candidate_indices": [
        0,
        2
      ],
      "pred_candidate_indices": [
        0,
        2
      ],
      "num_predictions": 2,
      "num_targets": 2,
      "precision": 1.0,
      "recall": 1.0,
      "f1": 1.0,
      "exact": 1.0
    },
    {
      "sample_id": "0000003",
      "image_id": 839,
      "file_name": "COCO_train2014_000000000839.jpg",
      "target_type": "multi-target",
      "expression": "blue cshirt and falling",
      "true_count_class": 2,
      "pred_count_class": 2,
      "gt_candidate_indices": [
        0,
        2
      ],
      "pred_candidate_indices": [
        0,
        2
      ],
      "num_predictions": 2,
      "num_targets": 2,
      "precision": 1.0,