{
  "feature_file": "cache/features/stage5/clip_detector_testB.pt",
  "checkpoint": "checkpoints/stage5_6/clip_1pct_seed2_hierarchical/selected.pt",
  "clip_model": "ViT-B/32",
  "feature_dim": 512,
  "candidate_feature_dim": 512,
  "text_feature_dim": 512,
  "representation": {
    "name": "clip",
    "model_ids": {
      "clip": "ViT-B/32"
    },
    "candidate_feature_dim": 512,
    "text_feature_dim": 512,
    "component_normalization": {
      "clip_image": "l2",
      "clip_text": "l2"
    },
    "fusion": "none",
    "encoder_parameters": {
      "clip": {
        "total": 151277313,
        "trainable": 0
      }
    }
  },
  "device": "cuda",
  "batch_size": 128,
  "selection_policy": "cardinality-threshold",
  "membership_threshold": 0.6,
  "count_logit_bias": [
    1.0,
    0.0,
    0.0,
    2.0
  ],
  "config": {
    "match_threshold": 0.5,
    "overlap_metric": "giou",
    "prediction_score_threshold": null,
    "image_f1_threshold": 1.0
  },
  "official": {
    "F1_score": 0.2476498786030007,
    "T_acc": 0.6838454784899034,
    "N_acc": 0.683714958270918
  },
  "diagnostics": {
    "num_samples": 16063,
    "mean_precision": 0.3444059508565557,
    "mean_recall": 0.3590911998416823,
    "mean_f1": 0.34504499419357315,
    "exact_set_accuracy": 0.2476498786030007,
    "cardinality_accuracy": 0.5011517151217083,
    "count_class_accuracy": 0.5431114984747557,
    "count_class_evaluated": 16063,
    "micro_precision": 0.2627620098285027,
    "micro_recall": 0.2457094626277783,
    "micro_f1": 0.25394979160608705,
    "total_tp": 5240,
    "total_fp": 14702,
    "total_fn": 16086,
    "no_target_total": 4673,
    "no_target_accuracy": 0.683714958270918,
    "false_grounding_rate": 0.31628504172908195,
    "single_target_total": 5646,
    "single_target_localization_accuracy": 0.11441728657456607,
    "single_target_exact_accuracy": 0.04091392136025505,
    "multi_target_total": 5744,
    "multi_target_mean_f1": 0.32596054267339747,
    "multi_target_exact_accuracy": 0.09610027855153204
  },
  "by_target_type": {
    "no-target": {
      "num_samples": 4673,
      "mean_precision": 0.683714958270918,
      "mean_recall": 0.683714958270918,
      "mean_f1": 0.683714958270918,
      "exact_set_accuracy": 0.683714958270918,
      "cardinality_accuracy": 0.683714958270918,
      "count_class_accuracy": 0.683714958270918,
      "count_class_evaluated": 4673,
      "micro_precision": 0.0,
      "micro_recall": 0.0,
      "micro_f1": 0.0,
      "total_tp": 0,
      "total_fp": 2412,
      "total_fn": 0
    },
    "single-target": {
      "num_samples": 5646,
      "mean_precision": 0.07201692804774613,
      "mean_recall": 0.11441728657456607,
      "mean_f1": 0.08415522221313954,
      "exact_set_accuracy": 0.04091392136025505,
      "cardinality_accuracy": 0.20598653914275594,
      "count_class_accuracy": 0.20598653914275594,
      "count_class_evaluated": 5646,
      "micro_precision": 0.1612983770287141,
      "micro_recall": 0.11441728657456607,
      "micro_f1": 0.133872137602321,
      "total_tp": 646,
      "total_fp": 3359,
      "total_fn": 5000
    },
    "multi-target": {
      "num_samples": 5744,
      "mean_precision": 0.33610466797550126,
      "mean_recall": 0.3354947672452892,
      "mean_f1": 0.32596054267339747,
      "exact_set_accuracy": 0.09610027855153204,
      "cardinality_accuracy": 0.6427576601671309,
      "count_class_accuracy": 0.7600974930362117,
      "count_class_evaluated": 5744,
      "micro_precision": 0.33966728280961184,
      "micro_recall": 0.292984693877551,
      "micro_f1": 0.31460366375620613,
      "total_tp": 4594,
      "total_fp": 8931,
      "total_fn": 11086
    }
  },
  "by_count_group": {
    "0": {
      "num_samples": 4673,
      "mean_precision": 0.683714958270918,
      "mean_recall": 0.683714958270918,
      "mean_f1": 0.683714958270918,
      "exact_set_accuracy": 0.683714958270918,
      "cardinality_accuracy": 0.683714958270918,
      "count_class_accuracy": 0.683714958270918,
      "count_class_evaluated": 4673,
      "micro_precision": 0.0,
      "micro_recall": 0.0,
      "micro_f1": 0.0,
      "total_tp": 0,
      "total_fp": 2412,
      "total_fn": 0
    },
    "1": {
      "num_samples": 5646,
      "mean_precision": 0.07201692804774613,
      "mean_recall": 0.11441728657456607,
      "mean_f1": 0.08415522221313954,
      "exact_set_accuracy": 0.04091392136025505,
      "cardinality_accuracy": 0.20598653914275594,
      "count_class_accuracy": 0.20598653914275594,
      "count_class_evaluated": 5646,
      "micro_precision": 0.1612983770287141,
      "micro_recall": 0.11441728657456607,
      "micro_f1": 0.133872137602321,
      "total_tp": 646,
      "total_fp": 3359,
      "total_fn": 5000
    },
    "2": {
      "num_samples": 3957,
      "mean_precision": 0.35721388234655826,
      "mean_recall": 0.3668182966894112,
      "mean_f1": 0.35896443853229343,
      "exact_set_accuracy": 0.1326762699014405,
      "cardinality_accuracy": 0.8433156431640132,
      "count_class_accuracy": 0.8420520596411423,
      "count_class_evaluated": 3957,
      "micro_precision": 0.37898172323759793,
      "micro_recall": 0.3668182966894112,
      "micro_f1": 0.37280082188262487,
      "total_tp": 2903,
      "total_fp": 4757,
      "total_fn": 5011
    },
    "3+": {
      "num_samples": 1787,
      "mean_precision": 0.2893619923928084,
      "mean_recall": 0.2661342714364532,
      "mean_f1": 0.25287916835126506,
      "exact_set_accuracy": 0.01510912143256855,
      "cardinality_accuracy": 0.1986569669837717,
      "count_class_accuracy": 0.578623391158366,
      "count_class_evaluated": 1787,
      "micro_precision": 0.2883205456095482,
      "micro_recall": 0.2177440123615761,
      "micro_f1": 0.24811092362996112,
      "total_tp": 1691,
      "total_fp": 4174,
      "total_fn": 6075
    }
  },
  "examples": [
    {
      "sample_id": "0000000",
      "image_id": 154,
      "file_name": "COCO_train2014_000000000154.jpg",
      "target_type": "multi-target",
      "expression": "three zebras standing on the savannah.",
      "true_count_class": 3,
      "pred_count_class": 3,
      "gt_candidate_indices": [
        0,
        1,
        2,
        3
      ],
      "pred_candidate_indices": [
        0,
        1,
        3
      ],
      "num_predictions": 3,
      "num_targets": 3,
      "precision": 0.6666666666666666,
      "recall": 0.6666666666666666,
      "f1": 0.6666666666666666,
      "exact": 0.0
    },
    {
      "sample_id": "0000001",
      "image_id": 154,
      "file_name": "COCO_train2014_000000000154.jpg",
      "target_type": "multi-target",
      "expression": "a trio of zebras positioned on the grassland.",
      "true_count_class": 3,
      "pred_count_class": 2,
      "gt_candidate_indices": [
        0,
        1,
        2,
        3
      ],
      "pred_candidate_indices": [
        0,
        1
      ],
      "num_predictions": 2,
      "num_targets": 3,
      "precision": 1.0,
      "recall": 0.6666666666666666,
      "f1": 0.8,
      "exact": 0.0
    },
    {
      "sample_id": "0000002",
      "image_id": 154,
      "file_name": "COCO_train2014_000000000154.jpg",
      "target_type": "multi-target",
      "expression": "there are three zebras standing in the prairie.",
      "true_count_class": 3,
      "pred_count_class": 3,
      "gt_candidate_indices": [
        0,
        1,
        2,
        3
      ],
      "pred_candidate_indices": [
        0,
        1,
        3
      ],
      "num_predictions": 3,
      "num_targets": 3,
      "precision": 0.6666666666666666,
      "recall": 0.6666666666666666,
      "f1": 0.6666666666666666,
      "exact": 0.0
    },
    {
      "sample_id": "0000003",
      "image_id": 154,
      "file_name": "COCO_train2014_000000000154.jpg",
      "target_type": "multi-target",
      "expression": "three zebras, all stationary on the grassy plain.",
      "true_count_class": 3,
      "pred_count_class": 3,