{
  "feature_file": "cache/features/stage5/clip_detector_testA.pt",
  "checkpoint": "checkpoints/stage5_6/clip_1pct_seed2_hierarchical/selected.pt",
  "clip_model": "ViT-B/32",
  "feature_dim": 512,
  "candidate_feature_dim": 512,
  "text_feature_dim": 512,
  "representation": {
    "name": "clip",
    "model_ids": {
      "clip": "ViT-B/32"
    },
    "candidate_feature_dim": 512,
    "text_feature_dim": 512,
    "component_normalization": {
      "clip_image": "l2",
      "clip_text": "l2"
    },
    "fusion": "none",
    "encoder_parameters": {
      "clip": {
        "total": 151277313,
        "trainable": 0
      }
    }
  },
  "device": "cuda",
  "batch_size": 128,
  "selection_policy": "cardinality-threshold",
  "membership_threshold": 0.6,
  "count_logit_bias": [
    1.0,
    0.0,
    0.0,
    2.0
  ],
  "config": {
    "match_threshold": 0.5,
    "overlap_metric": "giou",
    "prediction_score_threshold": null,
    "image_f1_threshold": 1.0
  },
  "official": {
    "F1_score": 0.26427083333333334,
    "T_acc": 0.8163638828633406,
    "N_acc": 0.6474820143884892
  },
  "diagnostics": {
    "num_samples": 19200,
    "mean_precision": 0.4299551715645466,
    "mean_recall": 0.4206366379569501,
    "mean_f1": 0.4176202139175643,
    "exact_set_accuracy": 0.26427083333333334,
    "cardinality_accuracy": 0.5940104166666667,
    "count_class_accuracy": 0.6398958333333333,
    "count_class_evaluated": 19200,
    "micro_precision": 0.4018843650673528,
    "micro_recall": 0.3589388306860426,
    "micro_f1": 0.3791995430040344,
    "total_tp": 10621,
    "total_fp": 15807,
    "total_fn": 18969,
    "no_target_total": 4448,
    "no_target_accuracy": 0.6474820143884892,
    "false_grounding_rate": 0.35251798561151076,
    "single_target_total": 5917,
    "single_target_localization_accuracy": 0.20973466283589656,
    "single_target_exact_accuracy": 0.148047997295927,
    "multi_target_total": 8835,
    "multi_target_mean_f1": 0.45584824202923974,
    "multi_target_exact_accuracy": 0.1491794001131862
  },
  "by_target_type": {
    "no-target": {
      "num_samples": 4448,
      "mean_precision": 0.6474820143884892,
      "mean_recall": 0.6474820143884892,
      "mean_f1": 0.6474820143884892,
      "exact_set_accuracy": 0.6474820143884892,
      "cardinality_accuracy": 0.6474820143884892,
      "count_class_accuracy": 0.6474820143884892,
      "count_class_evaluated": 4448,
      "micro_precision": 0.0,
      "micro_recall": 0.0,
      "micro_f1": 0.0,
      "total_tp": 0,
      "total_fp": 2261,
      "total_fn": 0
    },
    "single-target": {
      "num_samples": 5917,
      "mean_precision": 0.17747591684975506,
      "mean_recall": 0.20973466283589656,
      "mean_f1": 0.18774529134508797,
      "exact_set_accuracy": 0.148047997295927,
      "cardinality_accuracy": 0.4595234071319926,
      "count_class_accuracy": 0.4595234071319926,
      "count_class_evaluated": 5917,
      "micro_precision": 0.2830102622576967,
      "micro_recall": 0.20973466283589656,
      "micro_f1": 0.24092409240924093,
      "total_tp": 1241,
      "total_fp": 3144,
      "total_fn": 4676
    },
    "multi-target": {
      "num_samples": 8835,
      "mean_precision": 0.48953189519403456,
      "mean_recall": 0.44767667784645654,
      "mean_f1": 0.45584824202923974,
      "exact_set_accuracy": 0.1491794001131862,
      "cardinality_accuracy": 0.6571590265987549,
      "count_class_accuracy": 0.7568760611205433,
      "count_class_evaluated": 8835,
      "micro_precision": 0.47416843595187547,
      "micro_recall": 0.3962319942550585,
      "micro_f1": 0.4317109653664711,
      "total_tp": 9380,
      "total_fp": 10402,
      "total_fn": 14293
    }
  },
  "by_count_group": {
    "0": {
      "num_samples": 4448,
      "mean_precision": 0.6474820143884892,
      "mean_recall": 0.6474820143884892,
      "mean_f1": 0.6474820143884892,
      "exact_set_accuracy": 0.6474820143884892,
      "cardinality_accuracy": 0.6474820143884892,
      "count_class_accuracy": 0.6474820143884892,
      "count_class_evaluated": 4448,
      "micro_precision": 0.0,
      "micro_recall": 0.0,
      "micro_f1": 0.0,
      "total_tp": 0,
      "total_fp": 2261,
      "total_fn": 0
    },
    "1": {
      "num_samples": 5917,
      "mean_precision": 0.17747591684975506,
      "mean_recall": 0.20973466283589656,
      "mean_f1": 0.18774529134508797,
      "exact_set_accuracy": 0.148047997295927,
      "cardinality_accuracy": 0.4595234071319926,
      "count_class_accuracy": 0.4595234071319926,
      "count_class_evaluated": 5917,
      "micro_precision": 0.2830102622576967,
      "micro_recall": 0.20973466283589656,
      "micro_f1": 0.24092409240924093,
      "total_tp": 1241,
      "total_fp": 3144,
      "total_fn": 4676
    },
    "2": {
      "num_samples": 5940,
      "mean_precision": 0.5065007677507679,
      "mean_recall": 0.4984848484848485,
      "mean_f1": 0.49866237452425505,
      "exact_set_accuracy": 0.20942760942760943,
      "cardinality_accuracy": 0.8858585858585859,
      "count_class_accuracy": 0.8858585858585859,
      "count_class_evaluated": 5940,
      "micro_precision": 0.5147774687065368,
      "micro_recall": 0.4984848484848485,
      "micro_f1": 0.5065001710571331,
      "total_tp": 5922,
      "total_fp": 5582,
      "total_fn": 5958
    },
    "3+": {
      "num_samples": 2895,
      "mean_precision": 0.4547149338859176,
      "mean_recall": 0.3434277888682041,
      "mean_f1": 0.36800162820525695,
      "exact_set_accuracy": 0.025561312607944732,
      "cardinality_accuracy": 0.18791018998272885,
      "count_class_accuracy": 0.49222797927461137,
      "count_class_evaluated": 2895,
      "micro_precision": 0.4177337521140372,
      "micro_recall": 0.29322479436954124,
      "micro_f1": 0.34457675252852377,
      "total_tp": 3458,
      "total_fp": 4820,
      "total_fn": 8335
    }
  },
  "examples": [
    {
      "sample_id": "0000000",
      "image_id": 839,
      "file_name": "COCO_train2014_000000000839.jpg",
      "target_type": "multi-target",
      "expression": "blue shirt and a frisbee",
      "true_count_class": 2,
      "pred_count_class": 1,
      "gt_candidate_indices": [
        0,
        1
      ],
      "pred_candidate_indices": [
        0
      ],
      "num_predictions": 1,
      "num_targets": 2,
      "precision": 1.0,
      "recall": 0.5,
      "f1": 0.6666666666666666,
      "exact": 0.0
    },
    {
      "sample_id": "0000001",
      "image_id": 839,
      "file_name": "COCO_train2014_000000000839.jpg",
      "target_type": "multi-target",
      "expression": "blue shirt and frisbee",
      "true_count_class": 2,
      "pred_count_class": 1,
      "gt_candidate_indices": [
        0,
        1
      ],
      "pred_candidate_indices": [
        0
      ],
      "num_predictions": 1,
      "num_targets": 2,
      "precision": 1.0,
      "recall": 0.5,
      "f1": 0.6666666666666666,
      "exact": 0.0
    },
    {
      "sample_id": "0000002",
      "image_id": 839,
      "file_name": "COCO_train2014_000000000839.jpg",
      "target_type": "multi-target",
      "expression": "blue shirt and white shirt",
      "true_count_class": 2,
      "pred_count_class": 2,
      "gt_candidate_indices": [
        0,
        2
      ],
      "pred_candidate_indices": [
        0,
        2
      ],
      "num_predictions": 2,
      "num_targets": 2,
      "precision": 1.0,
      "recall": 1.0,
      "f1": 1.0,
      "exact": 1.0
    },
    {
      "sample_id": "0000003",
      "image_id": 839,
      "file_name": "COCO_train2014_000000000839.jpg",
      "target_type": "multi-target",
      "expression": "blue cshirt and falling",
      "true_count_class": 2,
      "pred_count_class": 1,
      "gt_candidate_indices": [
        0,
        2
      ],
      "pred_candidate_indices": [
        0
      ],
      "num_predictions": 1,
      "num_targets": 2,
      "precision": 1.0,
      "recall": 0.5,
      "f1": 0.6666666666666666,