{
  "feature_file": "cache/features/stage5/clip_detector_testA.pt",
  "checkpoint": "checkpoints/stage5_6/clip_1pct_seed2_hierarchical/selected.pt",
  "clip_model": "ViT-B/32",
  "feature_dim": 512,
  "candidate_feature_dim": 512,
  "text_feature_dim": 512,
  "representation": {
    "name": "clip",
    "model_ids": {
      "clip": "ViT-B/32"
    },
    "candidate_feature_dim": 512,
    "text_feature_dim": 512,
    "component_normalization": {
      "clip_image": "l2",
      "clip_text": "l2"
    },
    "fusion": "none",
    "encoder_parameters": {
      "clip": {
        "total": 151277313,
        "trainable": 0
      }
    }
  },
  "device": "cuda",
  "batch_size": 128,
  "selection_policy": "cardinality-threshold",
  "membership_threshold": 0.6,
  "count_logit_bias": [
    2.0,
    0.0,
    0.0,
    3.0
  ],
  "config": {
    "match_threshold": 0.5,
    "overlap_metric": "giou",
    "prediction_score_threshold": null,
    "image_f1_threshold": 1.0
  },
  "official": {
    "F1_score": 0.2659375,
    "T_acc": 0.693736442516269,
    "N_acc": 0.7855215827338129
  },
  "diagnostics": {
    "num_samples": 19200,
    "mean_precision": 0.425293334103886,
    "mean_recall": 0.4319053223975103,
    "mean_f1": 0.4202237103421735,
    "exact_set_accuracy": 0.2659375,
    "cardinality_accuracy": 0.5289583333333333,
    "count_class_accuracy": 0.5851041666666666,
    "count_class_evaluated": 19200,
    "micro_precision": 0.399953726911657,
    "micro_recall": 0.35052382561676243,
    "micro_f1": 0.373610936008501,
    "total_tp": 10372,
    "total_fp": 15561,
    "total_fn": 19218,
    "no_target_total": 4448,
    "no_target_accuracy": 0.7855215827338129,
    "false_grounding_rate": 0.21447841726618705,
    "single_target_total": 5917,
    "single_target_localization_accuracy": 0.1324995774885922,
    "single_target_exact_accuracy": 0.05729254689876627,
    "multi_target_total": 8835,
    "multi_target_mean_f1": 0.44918766455546394,
    "multi_target_exact_accuracy": 0.14408602150537633
  },
  "by_target_type": {
    "no-target": {
      "num_samples": 4448,
      "mean_precision": 0.7855215827338129,
      "mean_recall": 0.7855215827338129,
      "mean_f1": 0.7855215827338129,
      "exact_set_accuracy": 0.7855215827338129,
      "cardinality_accuracy": 0.7855215827338129,
      "count_class_accuracy": 0.7855215827338129,
      "count_class_evaluated": 4448,
      "micro_precision": 0.0,
      "micro_recall": 0.0,
      "micro_f1": 0.0,
      "total_tp": 0,
      "total_fp": 1790,
      "total_fn": 0
    },
    "single-target": {
      "num_samples": 5917,
      "mean_precision": 0.08984705087037331,
      "mean_recall": 0.1324995774885922,
      "mean_f1": 0.10236981954068317,
      "exact_set_accuracy": 0.05729254689876627,
      "cardinality_accuracy": 0.16917356768632752,
      "count_class_accuracy": 0.16917356768632752,
      "count_class_evaluated": 5917,
      "micro_precision": 0.24310077519379844,
      "micro_recall": 0.1324995774885922,
      "micro_f1": 0.17151607963246554,
      "total_tp": 784,
      "total_fp": 2441,
      "total_fn": 5133
    },
    "multi-target": {
      "num_samples": 8835,
      "mean_precision": 0.46859162589639153,
      "mean_recall": 0.4543952676889845,
      "mean_f1": 0.44918766455546394,
      "exact_set_accuracy": 0.14408602150537633,
      "cardinality_accuracy": 0.6407470288624788,
      "count_class_accuracy": 0.7627617430673458,
      "count_class_evaluated": 8835,
      "micro_precision": 0.4583612200019122,
      "micro_recall": 0.4050183753643391,
      "micro_f1": 0.4300419367136866,
      "total_tp": 9588,
      "total_fp": 11330,
      "total_fn": 14085
    }
  },
  "by_count_group": {
    "0": {
      "num_samples": 4448,
      "mean_precision": 0.7855215827338129,
      "mean_recall": 0.7855215827338129,
      "mean_f1": 0.7855215827338129,
      "exact_set_accuracy": 0.7855215827338129,
      "cardinality_accuracy": 0.7855215827338129,
      "count_class_accuracy": 0.7855215827338129,
      "count_class_evaluated": 4448,
      "micro_precision": 0.0,
      "micro_recall": 0.0,
      "micro_f1": 0.0,
      "total_tp": 0,
      "total_fp": 1790,
      "total_fn": 0
    },
    "1": {
      "num_samples": 5917,
      "mean_precision": 0.08984705087037331,
      "mean_recall": 0.1324995774885922,
      "mean_f1": 0.10236981954068317,
      "exact_set_accuracy": 0.05729254689876627,
      "cardinality_accuracy": 0.16917356768632752,
      "count_class_accuracy": 0.16917356768632752,
      "count_class_evaluated": 5917,
      "micro_precision": 0.24310077519379844,
      "micro_recall": 0.1324995774885922,
      "micro_f1": 0.17151607963246554,
      "total_tp": 784,
      "total_fp": 2441,
      "total_fn": 5133
    },
    "2": {
      "num_samples": 5940,
      "mean_precision": 0.4837774474375782,
      "mean_recall": 0.4984006734006734,
      "mean_f1": 0.4868438608942178,
      "exact_set_accuracy": 0.19966329966329965,
      "cardinality_accuracy": 0.8338383838383838,
      "count_class_accuracy": 0.8338383838383838,
      "count_class_evaluated": 5940,
      "micro_precision": 0.5017796610169492,
      "micro_recall": 0.4984006734006734,
      "micro_f1": 0.5000844594594595,
      "total_tp": 5921,
      "total_fp": 5879,
      "total_fn": 5959
    },
    "3+": {
      "num_samples": 2895,
      "mean_precision": 0.437433152682354,
      "mean_recall": 0.36410438343080886,
      "mean_f1": 0.3719241736220521,
      "exact_set_accuracy": 0.03005181347150259,
      "cardinality_accuracy": 0.24455958549222798,
      "count_class_accuracy": 0.6169257340241796,
      "count_class_evaluated": 2895,
      "micro_precision": 0.4021715288440447,
      "micro_recall": 0.3109471720512168,
      "micro_f1": 0.35072449906747644,
      "total_tp": 3667,
      "total_fp": 5451,
      "total_fn": 8126
    }
  },
  "examples": [
    {
      "sample_id": "0000000",
      "image_id": 839,
      "file_name": "COCO_train2014_000000000839.jpg",
      "target_type": "multi-target",
      "expression": "blue shirt and a frisbee",
      "true_count_class": 2,
      "pred_count_class": 0,
      "gt_candidate_indices": [
        0,
        1
      ],
      "pred_candidate_indices": [],
      "num_predictions": 0,
      "num_targets": 2,
      "precision": 0.0,
      "recall": 0.0,
      "f1": 0.0,
      "exact": 0.0
    },
    {
      "sample_id": "0000001",
      "image_id": 839,
      "file_name": "COCO_train2014_000000000839.jpg",
      "target_type": "multi-target",
      "expression": "blue shirt and frisbee",
      "true_count_class": 2,
      "pred_count_class": 0,
      "gt_candidate_indices": [
        0,
        1
      ],
      "pred_candidate_indices": [],
      "num_predictions": 0,
      "num_targets": 2,
      "precision": 0.0,
      "recall": 0.0,
      "f1": 0.0,
      "exact": 0.0
    },
    {
      "sample_id": "0000002",
      "image_id": 839,
      "file_name": "COCO_train2014_000000000839.jpg",
      "target_type": "multi-target",
      "expression": "blue shirt and white shirt",
      "true_count_class": 2,
      "pred_count_class": 2,
      "gt_candidate_indices": [
        0,
        2
      ],
      "pred_candidate_indices": [
        0,
        2
      ],
      "num_predictions": 2,
      "num_targets": 2,
      "precision": 1.0,
      "recall": 1.0,
      "f1": 1.0,
      "exact": 1.0
    },
    {
      "sample_id": "0000003",
      "image_id": 839,
      "file_name": "COCO_train2014_000000000839.jpg",
      "target_type": "multi-target",
      "expression": "blue cshirt and falling",
      "true_count_class": 2,
      "pred_count_class": 0,
      "gt_candidate_indices": [
        0,
        2
      ],
      "pred_candidate_indices": [],
      "num_predictions": 0,
      "num_targets": 2,
      "precision": 0.0,
      "recall": 0.0,
      "f1": 0.0,
      "exact": 0.0
    },
    {
      "sample_id": "0000004",
      "image_id": 839,
      "file_name": "COCO_train2014_000000000839.jpg",