{
  "feature_file": "cache/features/stage5/clip_detector_testB.pt",
  "checkpoint": "checkpoints/stage5_6/clip_1pct_seed2_hierarchical/selected.pt",
  "clip_model": "ViT-B/32",
  "feature_dim": 512,
  "candidate_feature_dim": 512,
  "text_feature_dim": 512,
  "representation": {
    "name": "clip",
    "model_ids": {
      "clip": "ViT-B/32"
    },
    "candidate_feature_dim": 512,
    "text_feature_dim": 512,
    "component_normalization": {
      "clip_image": "l2",
      "clip_text": "l2"
    },
    "fusion": "none",
    "encoder_parameters": {
      "clip": {
        "total": 151277313,
        "trainable": 0
      }
    }
  },
  "device": "cuda",
  "batch_size": 128,
  "selection_policy": "cardinality-threshold",
  "membership_threshold": 0.6,
  "count_logit_bias": [
    2.0,
    0.0,
    0.0,
    3.0
  ],
  "config": {
    "match_threshold": 0.5,
    "overlap_metric": "giou",
    "prediction_score_threshold": null,
    "image_f1_threshold": 1.0
  },
  "official": {
    "F1_score": 0.2658283010645583,
    "T_acc": 0.5971027216856892,
    "N_acc": 0.8037663171410229
  },
  "diagnostics": {
    "num_samples": 16063,
    "mean_precision": 0.3609912029522151,
    "mean_recall": 0.3878989707851065,
    "mean_f1": 0.36582295826296296,
    "exact_set_accuracy": 0.2658283010645583,
    "cardinality_accuracy": 0.45813359895411815,
    "count_class_accuracy": 0.5091203386665006,
    "count_class_evaluated": 16063,
    "micro_precision": 0.257858837485172,
    "micro_recall": 0.2446309668948701,
    "micro_f1": 0.2510707926271717,
    "total_tp": 5217,
    "total_fp": 15015,
    "total_fn": 16109,
    "no_target_total": 4673,
    "no_target_accuracy": 0.8037663171410229,
    "false_grounding_rate": 0.1962336828589771,
    "single_target_total": 5646,
    "single_target_localization_accuracy": 0.09316330145235566,
    "single_target_exact_accuracy": 0.007261778250088558,
    "multi_target_total": 5744,
    "multi_target_mean_f1": 0.31540892003789106,
    "multi_target_exact_accuracy": 0.08234679665738162
  },
  "by_target_type": {
    "no-target": {
      "num_samples": 4673,
      "mean_precision": 0.8037663171410229,
      "mean_recall": 0.8037663171410229,
      "mean_f1": 0.8037663171410229,
      "exact_set_accuracy": 0.8037663171410229,
      "cardinality_accuracy": 0.8037663171410229,
      "count_class_accuracy": 0.8037663171410229,
      "count_class_evaluated": 4673,
      "micro_precision": 0.0,
      "micro_recall": 0.0,
      "micro_f1": 0.0,
      "total_tp": 0,
      "total_fp": 2120,
      "total_fn": 0
    },
    "single-target": {
      "num_samples": 5646,
      "mean_precision": 0.040592236314872035,
      "mean_recall": 0.09316330145235566,
      "mean_f1": 0.05464139955372687,
      "exact_set_accuracy": 0.007261778250088558,
      "cardinality_accuracy": 0.04782146652497343,
      "count_class_accuracy": 0.04782146652497343,
      "count_class_evaluated": 5646,
      "micro_precision": 0.14166442230002693,
      "micro_recall": 0.09316330145235566,
      "micro_f1": 0.11240517149268084,
      "total_tp": 526,
      "total_fp": 3187,
      "total_fn": 5120
    },
    "multi-target": {
      "num_samples": 5744,
      "mean_precision": 0.3157064635772404,
      "mean_recall": 0.33927945120493846,
      "mean_f1": 0.31540892003789106,
      "exact_set_accuracy": 0.08234679665738162,
      "cardinality_accuracy": 0.5802576601671309,
      "count_class_accuracy": 0.7228412256267409,
      "count_class_evaluated": 5744,
      "micro_precision": 0.32578651295228833,
      "micro_recall": 0.29917091836734694,
      "micro_f1": 0.3119119651584162,
      "total_tp": 4691,
      "total_fp": 9708,
      "total_fn": 10989
    }
  },
  "by_count_group": {
    "0": {
      "num_samples": 4673,
      "mean_precision": 0.8037663171410229,
      "mean_recall": 0.8037663171410229,
      "mean_f1": 0.8037663171410229,
      "exact_set_accuracy": 0.8037663171410229,
      "cardinality_accuracy": 0.8037663171410229,
      "count_class_accuracy": 0.8037663171410229,
      "count_class_evaluated": 4673,
      "micro_precision": 0.0,
      "micro_recall": 0.0,
      "micro_f1": 0.0,
      "total_tp": 0,
      "total_fp": 2120,
      "total_fn": 0
    },
    "1": {
      "num_samples": 5646,
      "mean_precision": 0.040592236314872035,
      "mean_recall": 0.09316330145235566,
      "mean_f1": 0.05464139955372687,
      "exact_set_accuracy": 0.007261778250088558,
      "cardinality_accuracy": 0.04782146652497343,
      "count_class_accuracy": 0.04782146652497343,
      "count_class_evaluated": 5646,
      "micro_precision": 0.14166442230002693,
      "micro_recall": 0.09316330145235566,
      "micro_f1": 0.11240517149268084,
      "total_tp": 526,
      "total_fp": 3187,
      "total_fn": 5120
    },
    "2": {
      "num_samples": 3957,
      "mean_precision": 0.329706869516997,
      "mean_recall": 0.36479656305281777,
      "mean_f1": 0.3408529269169307,
      "exact_set_accuracy": 0.11220621683093253,
      "cardinality_accuracy": 0.7343947434925449,
      "count_class_accuracy": 0.7328784432650999,
      "count_class_evaluated": 3957,
      "micro_precision": 0.3578334159643034,
      "micro_recall": 0.36479656305281777,
      "micro_f1": 0.3612814416218246,
      "total_tp": 2887,
      "total_fp": 5181,
      "total_fn": 5027
    },
    "3+": {
      "num_samples": 1787,
      "mean_precision": 0.28470500509732083,
      "mean_recall": 0.2827762550202387,
      "mean_f1": 0.2590676020634299,
      "exact_set_accuracy": 0.016228315612758813,
      "cardinality_accuracy": 0.23894795747062114,
      "count_class_accuracy": 0.7006155567991047,
      "count_class_evaluated": 1787,
      "micro_precision": 0.284947085768441,
      "micro_recall": 0.23229461756373937,
      "micro_f1": 0.25594098035042917,
      "total_tp": 1804,
      "total_fp": 4527,
      "total_fn": 5962
    }
  },
  "examples": [
    {
      "sample_id": "0000000",
      "image_id": 154,
      "file_name": "COCO_train2014_000000000154.jpg",
      "target_type": "multi-target",
      "expression": "three zebras standing on the savannah.",
      "true_count_class": 3,
      "pred_count_class": 3,
      "gt_candidate_indices": [
        0,
        1,
        2,
        3
      ],
      "pred_candidate_indices": [
        0,
        1,
        3
      ],
      "num_predictions": 3,
      "num_targets": 3,
      "precision": 0.6666666666666666,
      "recall": 0.6666666666666666,
      "f1": 0.6666666666666666,
      "exact": 0.0
    },
    {
      "sample_id": "0000001",
      "image_id": 154,
      "file_name": "COCO_train2014_000000000154.jpg",
      "target_type": "multi-target",
      "expression": "a trio of zebras positioned on the grassland.",
      "true_count_class": 3,
      "pred_count_class": 3,
      "gt_candidate_indices": [
        0,
        1,
        2,
        3
      ],
      "pred_candidate_indices": [
        0,
        1,
        3
      ],
      "num_predictions": 3,
      "num_targets": 3,
      "precision": 0.6666666666666666,
      "recall": 0.6666666666666666,
      "f1": 0.6666666666666666,
      "exact": 0.0
    },
    {
      "sample_id": "0000002",
      "image_id": 154,
      "file_name": "COCO_train2014_000000000154.jpg",
      "target_type": "multi-target",
      "expression": "there are three zebras standing in the prairie.",
      "true_count_class": 3,
      "pred_count_class": 3,
      "gt_candidate_indices": [
        0,
        1,
        2,
        3
      ],
      "pred_candidate_indices": [
        0,
        1,
        3
      ],
      "num_predictions": 3,
      "num_targets": 3,
      "precision": 0.6666666666666666,
      "recall": 0.6666666666666666,
      "f1": 0.6666666666666666,
      "exact": 0.0
    },
    {
      "sample_id": "0000003",
      "image_id": 154,
      "file_name": "COCO_train2014_000000000154.jpg",
      "target_type": "multi-target",
      "expression": "three zebras, all stationary on the grassy plain.",