{
  "feature_file": "cache/features/stage5/clip_detector_testB.pt",
  "checkpoint": "checkpoints/stage5_6/clip_1pct_seed1_hierarchical/selected.pt",
  "clip_model": "ViT-B/32",
  "feature_dim": 512,
  "candidate_feature_dim": 512,
  "text_feature_dim": 512,
  "representation": {
    "name": "clip",
    "model_ids": {
      "clip": "ViT-B/32"
    },
    "candidate_feature_dim": 512,
    "text_feature_dim": 512,
    "component_normalization": {
      "clip_image": "l2",
      "clip_text": "l2"
    },
    "fusion": "none",
    "encoder_parameters": {
      "clip": {
        "total": 151277313,
        "trainable": 0
      }
    }
  },
  "device": "cuda",
  "batch_size": 128,
  "selection_policy": "cardinality-threshold",
  "membership_threshold": 0.7,
  "count_logit_bias": [
    1.0,
    0.0,
    0.0,
    2.0
  ],
  "config": {
    "match_threshold": 0.5,
    "overlap_metric": "giou",
    "prediction_score_threshold": null,
    "image_f1_threshold": 1.0
  },
  "official": {
    "F1_score": 0.274543983066675,
    "T_acc": 0.6044776119402985,
    "N_acc": 0.7830087738069762
  },
  "diagnostics": {
    "num_samples": 16063,
    "mean_precision": 0.35914504625618243,
    "mean_recall": 0.3606822680594696,
    "mean_f1": 0.3549695009304134,
    "exact_set_accuracy": 0.274543983066675,
    "cardinality_accuracy": 0.5123575919815726,
    "count_class_accuracy": 0.5347693457013011,
    "count_class_evaluated": 16063,
    "micro_precision": 0.2860925398821738,
    "micro_recall": 0.202663415549095,
    "micro_f1": 0.23725743144951006,
    "total_tp": 4322,
    "total_fp": 10785,
    "total_fn": 17004,
    "no_target_total": 4673,
    "no_target_accuracy": 0.7830087738069762,
    "false_grounding_rate": 0.21699122619302375,
    "single_target_total": 5646,
    "single_target_localization_accuracy": 0.08289054197662062,
    "single_target_exact_accuracy": 0.03843428976266383,
    "multi_target_total": 5744,
    "multi_target_mean_f1": 0.289758895098404,
    "multi_target_exact_accuracy": 0.09296657381615599
  },
  "by_target_type": {
    "no-target": {
      "num_samples": 4673,
      "mean_precision": 0.7830087738069762,
      "mean_recall": 0.7830087738069762,
      "mean_f1": 0.7830087738069762,
      "exact_set_accuracy": 0.7830087738069762,
      "cardinality_accuracy": 0.7830087738069762,
      "count_class_accuracy": 0.7830087738069762,
      "count_class_evaluated": 4673,
      "micro_precision": 0.0,
      "micro_recall": 0.0,
      "micro_f1": 0.0,
      "total_tp": 0,
      "total_fp": 1432,
      "total_fn": 0
    },
    "single-target": {
      "num_samples": 5646,
      "mean_precision": 0.059629236037312544,
      "mean_recall": 0.08289054197662062,
      "mean_f1": 0.06703861140630543,
      "exact_set_accuracy": 0.03843428976266383,
      "cardinality_accuracy": 0.19287991498405951,
      "count_class_accuracy": 0.19287991498405951,
      "count_class_evaluated": 5646,
      "micro_precision": 0.16467276565798733,
      "micro_recall": 0.08289054197662062,
      "micro_f1": 0.11027332704995288,
      "total_tp": 468,
      "total_fp": 2374,
      "total_fn": 5178
    },
    "multi-target": {
      "num_samples": 5744,
      "mean_precision": 0.3087186997469338,
      "mean_recall": 0.29015307657368916,
      "mean_f1": 0.289758895098404,
      "exact_set_accuracy": 0.09296657381615599,
      "cardinality_accuracy": 0.6061977715877437,
      "count_class_accuracy": 0.6688718662952646,
      "count_class_evaluated": 5744,
      "micro_precision": 0.3557647927628542,
      "micro_recall": 0.2457908163265306,
      "micro_f1": 0.2907253045675706,
      "total_tp": 3854,
      "total_fp": 6979,
      "total_fn": 11826
    }
  },
  "by_count_group": {
    "0": {
      "num_samples": 4673,
      "mean_precision": 0.7830087738069762,
      "mean_recall": 0.7830087738069762,
      "mean_f1": 0.7830087738069762,
      "exact_set_accuracy": 0.7830087738069762,
      "cardinality_accuracy": 0.7830087738069762,
      "count_class_accuracy": 0.7830087738069762,
      "count_class_evaluated": 4673,
      "micro_precision": 0.0,
      "micro_recall": 0.0,
      "micro_f1": 0.0,
      "total_tp": 0,
      "total_fp": 1432,
      "total_fn": 0
    },
    "1": {
      "num_samples": 5646,
      "mean_precision": 0.059629236037312544,
      "mean_recall": 0.08289054197662062,
      "mean_f1": 0.06703861140630543,
      "exact_set_accuracy": 0.03843428976266383,
      "cardinality_accuracy": 0.19287991498405951,
      "count_class_accuracy": 0.19287991498405951,
      "count_class_evaluated": 5646,
      "micro_precision": 0.16467276565798733,
      "micro_recall": 0.08289054197662062,
      "micro_f1": 0.11027332704995288,
      "total_tp": 468,
      "total_fp": 2374,
      "total_fn": 5178
    },
    "2": {
      "num_samples": 3957,
      "mean_precision": 0.32632026244611523,
      "mean_recall": 0.32625726560525653,
      "mean_f1": 0.32338088300938955,
      "exact_set_accuracy": 0.12762193580995704,
      "cardinality_accuracy": 0.7973212029315138,
      "count_class_accuracy": 0.7965630528177913,
      "count_class_evaluated": 3957,
      "micro_precision": 0.37387778743121924,
      "micro_recall": 0.32625726560525653,
      "micro_f1": 0.3484480431848853,
      "total_tp": 2582,
      "total_fp": 4324,
      "total_fn": 5332
    },
    "3+": {
      "num_samples": 1787,
      "mean_precision": 0.26974310735708396,
      "mean_recall": 0.21020664344671022,
      "mean_f1": 0.21530886366932134,
      "exact_set_accuracy": 0.016228315612758813,
      "cardinality_accuracy": 0.182988248461108,
      "count_class_accuracy": 0.38612199216564075,
      "count_class_evaluated": 1787,
      "micro_precision": 0.32391138273491216,
      "micro_recall": 0.16379088333762554,
      "micro_f1": 0.21756606516719404,
      "total_tp": 1272,
      "total_fp": 2655,
      "total_fn": 6494
    }
  },
  "examples": [
    {
      "sample_id": "0000000",
      "image_id": 154,
      "file_name": "COCO_train2014_000000000154.jpg",
      "target_type": "multi-target",
      "expression": "three zebras standing on the savannah.",
      "true_count_class": 3,
      "pred_count_class": 3,
      "gt_candidate_indices": [
        0,
        1,
        2,
        3
      ],
      "pred_candidate_indices": [
        0,
        1,
        2,
        3
      ],
      "num_predictions": 4,
      "num_targets": 3,
      "precision": 0.75,
      "recall": 1.0,
      "f1": 0.8571428571428571,
      "exact": 0.0
    },
    {
      "sample_id": "0000001",
      "image_id": 154,
      "file_name": "COCO_train2014_000000000154.jpg",
      "target_type": "multi-target",
      "expression": "a trio of zebras positioned on the grassland.",
      "true_count_class": 3,
      "pred_count_class": 3,
      "gt_candidate_indices": [
        0,
        1,
        2,
        3
      ],
      "pred_candidate_indices": [
        0,
        1,
        2,
        3
      ],
      "num_predictions": 4,
      "num_targets": 3,
      "precision": 0.75,
      "recall": 1.0,
      "f1": 0.8571428571428571,
      "exact": 0.0
    },
    {
      "sample_id": "0000002",
      "image_id": 154,
      "file_name": "COCO_train2014_000000000154.jpg",
      "target_type": "multi-target",
      "expression": "there are three zebras standing in the prairie.",
      "true_count_class": 3,
      "pred_count_class": 3,
      "gt_candidate_indices": [
        0,
        1,
        2,
        3
      ],
      "pred_candidate_indices": [
        0,
        1,
        3
      ],
      "num_predictions": 3,
      "num_targets": 3,
      "precision": 0.6666666666666666,
      "recall": 0.6666666666666666,
      "f1": 0.6666666666666666,
      "exact": 0.0
    },
    {
      "sample_id": "0000003",
      "image_id": 154,
      "file_name": "COCO_train2014_000000000154.jpg",
      "target_type": "multi-target",
      "expression": "three zebras, all stationary on the grassy plain.",
      "true_count_class": 3,