{
  "feature_file": "cache/features/stage5/clip_detector_testB.pt",
  "checkpoint": "checkpoints/stage5_6/clip_1pct_seed1_hierarchical/selected.pt",
  "clip_model": "ViT-B/32",
  "feature_dim": 512,
  "candidate_feature_dim": 512,
  "text_feature_dim": 512,
  "representation": {
    "name": "clip",
    "model_ids": {
      "clip": "ViT-B/32"
    },
    "candidate_feature_dim": 512,
    "text_feature_dim": 512,
    "component_normalization": {
      "clip_image": "l2",
      "clip_text": "l2"
    },
    "fusion": "none",
    "encoder_parameters": {
      "clip": {
        "total": 151277313,
        "trainable": 0
      }
    }
  },
  "device": "cuda",
  "batch_size": 128,
  "selection_policy": "cardinality-threshold",
  "membership_threshold": 0.85,
  "count_logit_bias": [
    2.0,
    0.0,
    0.0,
    6.0
  ],
  "config": {
    "match_threshold": 0.5,
    "overlap_metric": "giou",
    "prediction_score_threshold": null,
    "image_f1_threshold": 1.0
  },
  "official": {
    "F1_score": 0.2529415426757144,
    "T_acc": 0.5753292361720808,
    "N_acc": 0.8046222983094372
  },
  "diagnostics": {
    "num_samples": 16063,
    "mean_precision": 0.3535869181763457,
    "mean_recall": 0.396033131200908,
    "mean_f1": 0.3651600010275059,
    "exact_set_accuracy": 0.2529415426757144,
    "cardinality_accuracy": 0.3764552076199963,
    "count_class_accuracy": 0.4194733237875864,
    "count_class_evaluated": 16063,
    "micro_precision": 0.2516704872457689,
    "micro_recall": 0.24195817312201068,
    "micro_f1": 0.2467187836190203,
    "total_tp": 5160,
    "total_fp": 15343,
    "total_fn": 16166,
    "no_target_total": 4673,
    "no_target_accuracy": 0.8046222983094372,
    "false_grounding_rate": 0.19537770169056282,
    "single_target_total": 5646,
    "single_target_localization_accuracy": 0.12557562876372652,
    "single_target_exact_accuracy": 0.00035423308537017357,
    "multi_target_total": 5744,
    "multi_target_mean_f1": 0.3025589188436864,
    "multi_target_exact_accuracy": 0.0524025069637883
  },
  "by_target_type": {
    "no-target": {
      "num_samples": 4673,
      "mean_precision": 0.8046222983094372,
      "mean_recall": 0.8046222983094372,
      "mean_f1": 0.8046222983094372,
      "exact_set_accuracy": 0.8046222983094372,
      "cardinality_accuracy": 0.8046222983094372,
      "count_class_accuracy": 0.8046222983094372,
      "count_class_evaluated": 4673,
      "micro_precision": 0.0,
      "micro_recall": 0.0,
      "micro_f1": 0.0,
      "total_tp": 0,
      "total_fp": 2657,
      "total_fn": 0
    },
    "single-target": {
      "num_samples": 5646,
      "mean_precision": 0.0442496162474913,
      "mean_recall": 0.12557562876372652,
      "mean_f1": 0.06511984886055025,
      "exact_set_accuracy": 0.00035423308537017357,
      "cardinality_accuracy": 0.001594048884165781,
      "count_class_accuracy": 0.001594048884165781,
      "count_class_evaluated": 5646,
      "micro_precision": 0.14490087880645822,
      "micro_recall": 0.12557562876372652,
      "micro_f1": 0.13454786981687067,
      "total_tp": 709,
      "total_fp": 4184,
      "total_fn": 4937
    },
    "multi-target": {
      "num_samples": 5744,
      "mean_precision": 0.2907091457753015,
      "mean_recall": 0.3294707845543502,
      "mean_f1": 0.3025589188436864,
      "exact_set_accuracy": 0.0524025069637883,
      "cardinality_accuracy": 0.39658774373259054,
      "count_class_accuracy": 0.5168871866295265,
      "count_class_evaluated": 5744,
      "micro_precision": 0.3436269590056358,
      "micro_recall": 0.28386479591836733,
      "micro_f1": 0.31090001047742116,
      "total_tp": 4451,
      "total_fp": 8502,
      "total_fn": 11229
    }
  },
  "by_count_group": {
    "0": {
      "num_samples": 4673,
      "mean_precision": 0.8046222983094372,
      "mean_recall": 0.8046222983094372,
      "mean_f1": 0.8046222983094372,
      "exact_set_accuracy": 0.8046222983094372,
      "cardinality_accuracy": 0.8046222983094372,
      "count_class_accuracy": 0.8046222983094372,
      "count_class_evaluated": 4673,
      "micro_precision": 0.0,
      "micro_recall": 0.0,
      "micro_f1": 0.0,
      "total_tp": 0,
      "total_fp": 2657,
      "total_fn": 0
    },
    "1": {
      "num_samples": 5646,
      "mean_precision": 0.0442496162474913,
      "mean_recall": 0.12557562876372652,
      "mean_f1": 0.06511984886055025,
      "exact_set_accuracy": 0.00035423308537017357,
      "cardinality_accuracy": 0.001594048884165781,
      "count_class_accuracy": 0.001594048884165781,
      "count_class_evaluated": 5646,
      "micro_precision": 0.14490087880645822,
      "micro_recall": 0.12557562876372652,
      "micro_f1": 0.13454786981687067,
      "total_tp": 709,
      "total_fp": 4184,
      "total_fn": 4937
    },
    "2": {
      "num_samples": 3957,
      "mean_precision": 0.28965546289276345,
      "mean_recall": 0.3668182966894112,
      "mean_f1": 0.3205205964114203,
      "exact_set_accuracy": 0.060652009097801364,
      "cardinality_accuracy": 0.37225170583775585,
      "count_class_accuracy": 0.36770280515542075,
      "count_class_evaluated": 3957,
      "micro_precision": 0.35047688035735847,
      "micro_recall": 0.3668182966894112,
      "micro_f1": 0.3584614434771871,
      "total_tp": 2903,
      "total_fp": 5380,
      "total_fn": 5011
    },
    "3+": {
      "num_samples": 1787,
      "mean_precision": 0.29304234284648367,
      "mean_recall": 0.24677122914392055,
      "mean_f1": 0.26278591485066316,
      "exact_set_accuracy": 0.03413542249580302,
      "cardinality_accuracy": 0.45047565752658086,
      "count_class_accuracy": 0.8472299944040291,
      "count_class_evaluated": 1787,
      "micro_precision": 0.3314775160599572,
      "micro_recall": 0.19933041462786505,
      "micro_f1": 0.2489546477967192,
      "total_tp": 1548,
      "total_fp": 3122,
      "total_fn": 6218
    }
  },
  "examples": [
    {
      "sample_id": "0000000",
      "image_id": 154,
      "file_name": "COCO_train2014_000000000154.jpg",
      "target_type": "multi-target",
      "expression": "three zebras standing on the savannah.",
      "true_count_class": 3,
      "pred_count_class": 3,
      "gt_candidate_indices": [
        0,
        1,
        2,
        3
      ],
      "pred_candidate_indices": [
        0,
        1,
        3
      ],
      "num_predictions": 3,
      "num_targets": 3,
      "precision": 0.6666666666666666,
      "recall": 0.6666666666666666,
      "f1": 0.6666666666666666,
      "exact": 0.0
    },
    {
      "sample_id": "0000001",
      "image_id": 154,
      "file_name": "COCO_train2014_000000000154.jpg",
      "target_type": "multi-target",
      "expression": "a trio of zebras positioned on the grassland.",
      "true_count_class": 3,
      "pred_count_class": 3,
      "gt_candidate_indices": [
        0,
        1,
        2,
        3
      ],
      "pred_candidate_indices": [
        0,
        1,
        3
      ],
      "num_predictions": 3,
      "num_targets": 3,
      "precision": 0.6666666666666666,
      "recall": 0.6666666666666666,
      "f1": 0.6666666666666666,
      "exact": 0.0
    },
    {
      "sample_id": "0000002",
      "image_id": 154,
      "file_name": "COCO_train2014_000000000154.jpg",
      "target_type": "multi-target",
      "expression": "there are three zebras standing in the prairie.",
      "true_count_class": 3,
      "pred_count_class": 3,
      "gt_candidate_indices": [
        0,
        1,
        2,
        3
      ],
      "pred_candidate_indices": [
        0,
        1,
        3
      ],
      "num_predictions": 3,
      "num_targets": 3,
      "precision": 0.6666666666666666,
      "recall": 0.6666666666666666,
      "f1": 0.6666666666666666,
      "exact": 0.0
    },
    {
      "sample_id": "0000003",
      "image_id": 154,
      "file_name": "COCO_train2014_000000000154.jpg",
      "target_type": "multi-target",
      "expression": "three zebras, all stationary on the grassy plain.",