{
  "feature_file": "cache/features/stage5/clip_detector_testA.pt",
  "checkpoint": "checkpoints/stage5_6/clip_1pct_seed1_hierarchical/selected.pt",
  "clip_model": "ViT-B/32",
  "feature_dim": 512,
  "candidate_feature_dim": 512,
  "text_feature_dim": 512,
  "representation": {
    "name": "clip",
    "model_ids": {
      "clip": "ViT-B/32"
    },
    "candidate_feature_dim": 512,
    "text_feature_dim": 512,
    "component_normalization": {
      "clip_image": "l2",
      "clip_text": "l2"
    },
    "fusion": "none",
    "encoder_parameters": {
      "clip": {
        "total": 151277313,
        "trainable": 0
      }
    }
  },
  "device": "cuda",
  "batch_size": 128,
  "selection_policy": "cardinality-threshold",
  "membership_threshold": 0.85,
  "count_logit_bias": [
    2.0,
    0.0,
    0.0,
    6.0
  ],
  "config": {
    "match_threshold": 0.5,
    "overlap_metric": "giou",
    "prediction_score_threshold": null,
    "image_f1_threshold": 1.0
  },
  "official": {
    "F1_score": 0.22958333333333333,
    "T_acc": 0.6472342733188721,
    "N_acc": 0.8163219424460432
  },
  "diagnostics": {
    "num_samples": 19200,
    "mean_precision": 0.40078559027777144,
    "mean_recall": 0.4568395273707772,
    "mean_f1": 0.41575877376980236,
    "exact_set_accuracy": 0.22958333333333333,
    "cardinality_accuracy": 0.388125,
    "count_class_accuracy": 0.4379166666666667,
    "count_class_evaluated": 19200,
    "micro_precision": 0.3819627713853408,
    "micro_recall": 0.36684690773910106,
    "micro_f1": 0.37425227119929666,
    "total_tp": 10855,
    "total_fp": 17564,
    "total_fn": 18735,
    "no_target_total": 4448,
    "no_target_accuracy": 0.8163219424460432,
    "false_grounding_rate": 0.18367805755395683,
    "single_target_total": 5917,
    "single_target_localization_accuracy": 0.16275139428764576,
    "single_target_exact_accuracy": 0.0008450228156160216,
    "multi_target_total": 8835,
    "multi_target_mean_f1": 0.43626505825848416,
    "multi_target_exact_accuracy": 0.08737973967176005
  },
  "by_target_type": {
    "no-target": {
      "num_samples": 4448,
      "mean_precision": 0.8163219424460432,
      "mean_recall": 0.8163219424460432,
      "mean_f1": 0.8163219424460432,
      "exact_set_accuracy": 0.8163219424460432,
      "cardinality_accuracy": 0.8163219424460432,
      "count_class_accuracy": 0.8163219424460432,
      "count_class_evaluated": 4448,
      "micro_precision": 0.0,
      "micro_recall": 0.0,
      "micro_f1": 0.0,
      "total_tp": 0,
      "total_fp": 2316,
      "total_fn": 0
    },
    "single-target": {
      "num_samples": 5917,
      "mean_precision": 0.05703904005408119,
      "mean_recall": 0.16275139428764576,
      "mean_f1": 0.08402343529941982,
      "exact_set_accuracy": 0.0008450228156160216,
      "cardinality_accuracy": 0.0025350684468480648,
      "count_class_accuracy": 0.0025350684468480648,
      "count_class_evaluated": 5917,
      "micro_precision": 0.20265151515151514,
      "micro_recall": 0.16275139428764576,
      "micro_f1": 0.18052301059143314,
      "total_tp": 963,
      "total_fp": 3789,
      "total_fn": 4954
    },
    "multi-target": {
      "num_samples": 8835,
      "mean_precision": 0.4217977740049065,
      "mean_recall": 0.47281481896082916,
      "mean_f1": 0.43626505825848416,
      "exact_set_accuracy": 0.08737973967176005,
      "cardinality_accuracy": 0.4307866440294284,
      "count_class_accuracy": 0.5389926428975665,
      "count_class_evaluated": 8835,
      "micro_precision": 0.46330382651866425,
      "micro_recall": 0.4178600092932877,
      "micro_f1": 0.43941009239516704,
      "total_tp": 9892,
      "total_fp": 11459,
      "total_fn": 13781
    }
  },
  "by_count_group": {
    "0": {
      "num_samples": 4448,
      "mean_precision": 0.8163219424460432,
      "mean_recall": 0.8163219424460432,
      "mean_f1": 0.8163219424460432,
      "exact_set_accuracy": 0.8163219424460432,
      "cardinality_accuracy": 0.8163219424460432,
      "count_class_accuracy": 0.8163219424460432,
      "count_class_evaluated": 4448,
      "micro_precision": 0.0,
      "micro_recall": 0.0,
      "micro_f1": 0.0,
      "total_tp": 0,
      "total_fp": 2316,
      "total_fn": 0
    },
    "1": {
      "num_samples": 5917,
      "mean_precision": 0.05703904005408119,
      "mean_recall": 0.16275139428764576,
      "mean_f1": 0.08402343529941982,
      "exact_set_accuracy": 0.0008450228156160216,
      "cardinality_accuracy": 0.0025350684468480648,
      "count_class_accuracy": 0.0025350684468480648,
      "count_class_evaluated": 5917,
      "micro_precision": 0.20265151515151514,
      "micro_recall": 0.16275139428764576,
      "micro_f1": 0.18052301059143314,
      "total_tp": 963,
      "total_fp": 3789,
      "total_fn": 4954
    },
    "2": {
      "num_samples": 5940,
      "mean_precision": 0.4190937149270476,
      "mean_recall": 0.5278619528619528,
      "mean_f1": 0.4625533108866613,
      "exact_set_accuracy": 0.09898989898989899,
      "cardinality_accuracy": 0.3728956228956229,
      "count_class_accuracy": 0.3728956228956229,
      "count_class_evaluated": 5940,
      "micro_precision": 0.4675663584849389,
      "micro_recall": 0.5278619528619528,
      "micro_f1": 0.4958880278348885,
      "total_tp": 6271,
      "total_fp": 7141,
      "total_fn": 5609
    },
    "3+": {
      "num_samples": 2895,
      "mean_precision": 0.42734599884858643,
      "mean_recall": 0.35986836805489764,
      "mean_f1": 0.3823264673737096,
      "exact_set_accuracy": 0.06355785837651122,
      "cardinality_accuracy": 0.5495682210708117,
      "count_class_accuracy": 0.8797927461139896,
      "count_class_evaluated": 2895,
      "micro_precision": 0.45610278372591007,
      "micro_recall": 0.30704655303993894,
      "micro_f1": 0.36701804175957836,
      "total_tp": 3621,
      "total_fp": 4318,
      "total_fn": 8172
    }
  },
  "examples": [
    {
      "sample_id": "0000000",
      "image_id": 839,
      "file_name": "COCO_train2014_000000000839.jpg",
      "target_type": "multi-target",
      "expression": "blue shirt and a frisbee",
      "true_count_class": 2,
      "pred_count_class": 0,
      "gt_candidate_indices": [
        0,
        1
      ],
      "pred_candidate_indices": [],
      "num_predictions": 0,
      "num_targets": 2,
      "precision": 0.0,
      "recall": 0.0,
      "f1": 0.0,
      "exact": 0.0
    },
    {
      "sample_id": "0000001",
      "image_id": 839,
      "file_name": "COCO_train2014_000000000839.jpg",
      "target_type": "multi-target",
      "expression": "blue shirt and frisbee",
      "true_count_class": 2,
      "pred_count_class": 0,
      "gt_candidate_indices": [
        0,
        1
      ],
      "pred_candidate_indices": [],
      "num_predictions": 0,
      "num_targets": 2,
      "precision": 0.0,
      "recall": 0.0,
      "f1": 0.0,
      "exact": 0.0
    },
    {
      "sample_id": "0000002",
      "image_id": 839,
      "file_name": "COCO_train2014_000000000839.jpg",
      "target_type": "multi-target",
      "expression": "blue shirt and white shirt",
      "true_count_class": 2,
      "pred_count_class": 2,
      "gt_candidate_indices": [
        0,
        2
      ],
      "pred_candidate_indices": [
        0,
        2
      ],
      "num_predictions": 2,
      "num_targets": 2,
      "precision": 1.0,
      "recall": 1.0,
      "f1": 1.0,
      "exact": 1.0
    },
    {
      "sample_id": "0000003",
      "image_id": 839,
      "file_name": "COCO_train2014_000000000839.jpg",
      "target_type": "multi-target",
      "expression": "blue cshirt and falling",
      "true_count_class": 2,
      "pred_count_class": 3,
      "gt_candidate_indices": [
        0,
        2
      ],
      "pred_candidate_indices": [
        0,
        2,
        20
      ],
      "num_predictions": 3,
      "num_targets": 2,
      "precision": 0.6666666666666666,
      "recall": 1.0,
      "f1": 0.8,