{
  "feature_file": "cache/features/stage5/clip_detector_testB.pt",
  "checkpoint": "checkpoints/stage5/clip_1pct_seed1/best.pt",
  "clip_model": "ViT-B/32",
  "feature_dim": 512,
  "candidate_feature_dim": 512,
  "text_feature_dim": 512,
  "representation": {
    "name": "clip",
    "model_ids": {
      "clip": "ViT-B/32"
    },
    "candidate_feature_dim": 512,
    "text_feature_dim": 512,
    "component_normalization": {
      "clip_image": "l2",
      "clip_text": "l2"
    },
    "fusion": "none",
    "encoder_parameters": {
      "clip": {
        "total": 151277313,
        "trainable": 0
      }
    }
  },
  "device": "cuda",
  "batch_size": 64,
  "selection_policy": "cardinality-threshold",
  "membership_threshold": 0.5,
  "config": {
    "match_threshold": 0.5,
    "overlap_metric": "giou",
    "prediction_score_threshold": null,
    "image_f1_threshold": 1.0
  },
  "official": {
    "F1_score": 0.2919130921994646,
    "T_acc": 0.46988586479367866,
    "N_acc": 0.878022683500963
  },
  "diagnostics": {
    "num_samples": 16063,
    "mean_precision": 0.3715370727759447,
    "mean_recall": 0.3681021108354109,
    "mean_f1": 0.3667208572207639,
    "exact_set_accuracy": 0.2919130921994646,
    "cardinality_accuracy": 0.47867770653053604,
    "count_class_accuracy": 0.47867770653053604,
    "count_class_evaluated": 16063,
    "micro_precision": 0.3260948905109489,
    "micro_recall": 0.16758885867016787,
    "micro_f1": 0.2213962708294617,
    "total_tp": 3574,
    "total_fp": 7386,
    "total_fn": 17752,
    "no_target_total": 4673,
    "no_target_accuracy": 0.878022683500963,
    "false_grounding_rate": 0.12197731649903702,
    "single_target_total": 5646,
    "single_target_localization_accuracy": 0.05472901168969182,
    "single_target_exact_accuracy": 0.012043924902585901,
    "multi_target_total": 5744,
    "multi_target_mean_f1": 0.27140850676714184,
    "multi_target_exact_accuracy": 0.09018105849582173
  },
  "by_target_type": {
    "no-target": {
      "num_samples": 4673,
      "mean_precision": 0.878022683500963,
      "mean_recall": 0.878022683500963,
      "mean_f1": 0.878022683500963,
      "exact_set_accuracy": 0.878022683500963,
      "cardinality_accuracy": 0.878022683500963,
      "count_class_accuracy": 0.878022683500963,
      "count_class_evaluated": 4673,
      "micro_precision": 0.0,
      "micro_recall": 0.0,
      "micro_f1": 0.0,
      "total_tp": 0,
      "total_fp": 902,
      "total_fn": 0
    },
    "single-target": {
      "num_samples": 5646,
      "mean_precision": 0.03338646829613886,
      "mean_recall": 0.05472901168969182,
      "mean_f1": 0.04050064942732301,
      "exact_set_accuracy": 0.012043924902585901,
      "cardinality_accuracy": 0.06801275239107332,
      "count_class_accuracy": 0.06801275239107332,
      "count_class_evaluated": 5646,
      "micro_precision": 0.16010362694300517,
      "micro_recall": 0.05472901168969182,
      "micro_f1": 0.08157338965153114,
      "total_tp": 309,
      "total_fp": 1621,
      "total_fn": 5337
    },
    "multi-target": {
      "num_samples": 5744,
      "mean_precision": 0.2918697771587744,
      "mean_recall": 0.26128555124463915,
      "mean_f1": 0.27140850676714184,
      "exact_set_accuracy": 0.09018105849582173,
      "cardinality_accuracy": 0.5574512534818942,
      "count_class_accuracy": 0.5574512534818942,
      "count_class_evaluated": 5744,
      "micro_precision": 0.40169783464566927,
      "micro_recall": 0.20822704081632654,
      "micro_f1": 0.2742775537634409,
      "total_tp": 3265,
      "total_fp": 4863,
      "total_fn": 12415
    }
  },
  "by_count_group": {
    "0": {
      "num_samples": 4673,
      "mean_precision": 0.878022683500963,
      "mean_recall": 0.878022683500963,
      "mean_f1": 0.878022683500963,
      "exact_set_accuracy": 0.878022683500963,
      "cardinality_accuracy": 0.878022683500963,
      "count_class_accuracy": 0.878022683500963,
      "count_class_evaluated": 4673,
      "micro_precision": 0.0,
      "micro_recall": 0.0,
      "micro_f1": 0.0,
      "total_tp": 0,
      "total_fp": 902,
      "total_fn": 0
    },
    "1": {
      "num_samples": 5646,
      "mean_precision": 0.03338646829613886,
      "mean_recall": 0.05472901168969182,
      "mean_f1": 0.04050064942732301,
      "exact_set_accuracy": 0.012043924902585901,
      "cardinality_accuracy": 0.06801275239107332,
      "count_class_accuracy": 0.06801275239107332,
      "count_class_evaluated": 5646,
      "micro_precision": 0.16010362694300517,
      "micro_recall": 0.05472901168969182,
      "micro_f1": 0.08157338965153114,
      "total_tp": 309,
      "total_fp": 1621,
      "total_fn": 5337
    },
    "2": {
      "num_samples": 3957,
      "mean_precision": 0.3310588829921658,
      "mean_recall": 0.3263836239575436,
      "mean_f1": 0.3279420436357511,
      "exact_set_accuracy": 0.13090725296942127,
      "cardinality_accuracy": 0.8091988880464999,
      "count_class_accuracy": 0.8091988880464999,
      "count_class_evaluated": 3957,
      "micro_precision": 0.3973846153846154,
      "micro_recall": 0.3263836239575436,
      "micro_f1": 0.35840155404467877,
      "total_tp": 2583,
      "total_fp": 3917,
      "total_fn": 5331
    },
    "3+": {
      "num_samples": 1787,
      "mean_precision": 0.2050923335198657,
      "mean_recall": 0.11713721675948893,
      "mean_f1": 0.1462248439864564,
      "exact_set_accuracy": 0.0,
      "cardinality_accuracy": 0.0,
      "count_class_accuracy": 0.0,
      "count_class_evaluated": 1787,
      "micro_precision": 0.4189189189189189,
      "micro_recall": 0.08781869688385269,
      "micro_f1": 0.1451990632318501,
      "total_tp": 682,
      "total_fp": 946,
      "total_fn": 7084
    }
  },
  "examples": [
    {
      "sample_id": "0000000",
      "image_id": 154,
      "file_name": "COCO_train2014_000000000154.jpg",
      "target_type": "multi-target",
      "expression": "three zebras standing on the savannah.",
      "true_count_class": 3,
      "pred_count_class": 2,
      "gt_candidate_indices": [
        0,
        1,
        2,
        3
      ],
      "pred_candidate_indices": [
        0,
        1
      ],
      "num_predictions": 2,
      "num_targets": 3,
      "precision": 1.0,
      "recall": 0.6666666666666666,
      "f1": 0.8,
      "exact": 0.0
    },
    {
      "sample_id": "0000001",
      "image_id": 154,
      "file_name": "COCO_train2014_000000000154.jpg",
      "target_type": "multi-target",
      "expression": "a trio of zebras positioned on the grassland.",
      "true_count_class": 3,
      "pred_count_class": 2,
      "gt_candidate_indices": [
        0,
        1,
        2,
        3
      ],
      "pred_candidate_indices": [
        1,
        3
      ],
      "num_predictions": 2,
      "num_targets": 3,
      "precision": 0.5,
      "recall": 0.3333333333333333,
      "f1": 0.4,
      "exact": 0.0
    },
    {
      "sample_id": "0000002",
      "image_id": 154,
      "file_name": "COCO_train2014_000000000154.jpg",
      "target_type": "multi-target",
      "expression": "there are three zebras standing in the prairie.",
      "true_count_class": 3,
      "pred_count_class": 2,
      "gt_candidate_indices": [
        0,
        1,
        2,
        3
      ],
      "pred_candidate_indices": [
        0,
        1
      ],
      "num_predictions": 2,
      "num_targets": 3,
      "precision": 1.0,
      "recall": 0.6666666666666666,
      "f1": 0.8,
      "exact": 0.0
    },
    {
      "sample_id": "0000003",
      "image_id": 154,
      "file_name": "COCO_train2014_000000000154.jpg",
      "target_type": "multi-target",
      "expression": "three zebras, all stationary on the grassy plain.",
      "true_count_class": 3,
      "pred_count_class": 2,
      "gt_candidate_indices": [
        0,
        1,
        2,
        3
      ],
      "pred_candidate_indices": [
        1,
        3
      ],
      "num_predictions": 2,
      "num_targets": 3,
      "precision": 0.5,