{
  "feature_file": "cache/features/stage5/clip_detector_testB.pt",
  "checkpoint": "checkpoints/stage5/clip_1pct_seed1/last.pt",
  "clip_model": "ViT-B/32",
  "feature_dim": 512,
  "candidate_feature_dim": 512,
  "text_feature_dim": 512,
  "representation": {
    "name": "clip",
    "model_ids": {
      "clip": "ViT-B/32"
    },
    "candidate_feature_dim": 512,
    "text_feature_dim": 512,
    "component_normalization": {
      "clip_image": "l2",
      "clip_text": "l2"
    },
    "fusion": "none",
    "encoder_parameters": {
      "clip": {
        "total": 151277313,
        "trainable": 0
      }
    }
  },
  "device": "cuda",
  "batch_size": 64,
  "selection_policy": "cardinality-threshold",
  "membership_threshold": 0.5,
  "config": {
    "match_threshold": 0.5,
    "overlap_metric": "giou",
    "prediction_score_threshold": null,
    "image_f1_threshold": 1.0
  },
  "official": {
    "F1_score": 0.24522193861669675,
    "T_acc": 0.6086040386303775,
    "N_acc": 0.6655253584421142
  },
  "diagnostics": {
    "num_samples": 16063,
    "mean_precision": 0.3396625785967752,
    "mean_recall": 0.33017696038769256,
    "mean_f1": 0.3297383370190441,
    "exact_set_accuracy": 0.24522193861669675,
    "cardinality_accuracy": 0.4808566270310652,
    "count_class_accuracy": 0.4808566270310652,
    "count_class_evaluated": 16063,
    "micro_precision": 0.299333381119633,
    "micro_recall": 0.19581731220106913,
    "micro_f1": 0.23675482609065396,
    "total_tp": 4176,
    "total_fp": 9775,
    "total_fn": 17150,
    "no_target_total": 4673,
    "no_target_accuracy": 0.6655253584421142,
    "false_grounding_rate": 0.3344746415578857,
    "single_target_total": 5646,
    "single_target_localization_accuracy": 0.09741409847679773,
    "single_target_exact_accuracy": 0.048884165781083955,
    "multi_target_total": 5744,
    "multi_target_mean_f1": 0.3008217689537334,
    "multi_target_exact_accuracy": 0.09627437325905293
  },
  "by_target_type": {
    "no-target": {
      "num_samples": 4673,
      "mean_precision": 0.6655253584421142,
      "mean_recall": 0.6655253584421142,
      "mean_f1": 0.6655253584421142,
      "exact_set_accuracy": 0.6655253584421142,
      "cardinality_accuracy": 0.6655253584421142,
      "count_class_accuracy": 0.6655253584421142,
      "count_class_evaluated": 4673,
      "micro_precision": 0.0,
      "micro_recall": 0.0,
      "micro_f1": 0.0,
      "total_tp": 0,
      "total_fp": 1976,
      "total_fn": 0
    },
    "single-target": {
      "num_samples": 5646,
      "mean_precision": 0.07314913212894085,
      "mean_recall": 0.09741409847679773,
      "mean_f1": 0.08123745424489352,
      "exact_set_accuracy": 0.048884165781083955,
      "cardinality_accuracy": 0.2212185618136734,
      "count_class_accuracy": 0.2212185618136734,
      "count_class_evaluated": 5646,
      "micro_precision": 0.18230029830957906,
      "micro_recall": 0.09741409847679773,
      "micro_f1": 0.12697679787602448,
      "total_tp": 550,
      "total_fp": 2467,
      "total_fn": 5096
    },
    "multi-target": {
      "num_samples": 5744,
      "mean_precision": 0.33652506963788303,
      "mean_recall": 0.28614772191983145,
      "mean_f1": 0.3008217689537334,
      "exact_set_accuracy": 0.09627437325905293,
      "cardinality_accuracy": 0.5858286908077994,
      "count_class_accuracy": 0.5858286908077994,
      "count_class_evaluated": 5744,
      "micro_precision": 0.4047778521991516,
      "micro_recall": 0.23125,
      "micro_f1": 0.29434207322022893,
      "total_tp": 3626,
      "total_fp": 5332,
      "total_fn": 12054
    }
  },
  "by_count_group": {
    "0": {
      "num_samples": 4673,
      "mean_precision": 0.6655253584421142,
      "mean_recall": 0.6655253584421142,
      "mean_f1": 0.6655253584421142,
      "exact_set_accuracy": 0.6655253584421142,
      "cardinality_accuracy": 0.6655253584421142,
      "count_class_accuracy": 0.6655253584421142,
      "count_class_evaluated": 4673,
      "micro_precision": 0.0,
      "micro_recall": 0.0,
      "micro_f1": 0.0,
      "total_tp": 0,
      "total_fp": 1976,
      "total_fn": 0
    },
    "1": {
      "num_samples": 5646,
      "mean_precision": 0.07314913212894085,
      "mean_recall": 0.09741409847679773,
      "mean_f1": 0.08123745424489352,
      "exact_set_accuracy": 0.048884165781083955,
      "cardinality_accuracy": 0.2212185618136734,
      "count_class_accuracy": 0.2212185618136734,
      "count_class_evaluated": 5646,
      "micro_precision": 0.18230029830957906,
      "micro_recall": 0.09741409847679773,
      "micro_f1": 0.12697679787602448,
      "total_tp": 550,
      "total_fp": 2467,
      "total_fn": 5096
    },
    "2": {
      "num_samples": 3957,
      "mean_precision": 0.362143037654789,
      "mean_recall": 0.3520343694718221,
      "mean_f1": 0.355403925532811,
      "exact_set_accuracy": 0.1397523376295173,
      "cardinality_accuracy": 0.85039171089209,
      "count_class_accuracy": 0.85039171089209,
      "count_class_evaluated": 3957,
      "micro_precision": 0.40300882395486765,
      "micro_recall": 0.3520343694718221,
      "micro_f1": 0.37580090375666014,
      "total_tp": 2786,
      "total_fp": 4127,
      "total_fn": 5128
    },
    "3+": {
      "num_samples": 1787,
      "mean_precision": 0.27979854504756574,
      "mean_recall": 0.1402532259135509,
      "mean_f1": 0.17995909767034565,
      "exact_set_accuracy": 0.0,
      "cardinality_accuracy": 0.0,
      "count_class_accuracy": 0.0,
      "count_class_evaluated": 1787,
      "micro_precision": 0.41075794621026895,
      "micro_recall": 0.10816379088333762,
      "micro_f1": 0.1712363673427785,
      "total_tp": 840,
      "total_fp": 1205,
      "total_fn": 6926
    }
  },
  "examples": [
    {
      "sample_id": "0000000",
      "image_id": 154,
      "file_name": "COCO_train2014_000000000154.jpg",
      "target_type": "multi-target",
      "expression": "three zebras standing on the savannah.",
      "true_count_class": 3,
      "pred_count_class": 2,
      "gt_candidate_indices": [
        0,
        1,
        2,
        3
      ],
      "pred_candidate_indices": [
        0,
        1
      ],
      "num_predictions": 2,
      "num_targets": 3,
      "precision": 1.0,
      "recall": 0.6666666666666666,
      "f1": 0.8,
      "exact": 0.0
    },
    {
      "sample_id": "0000001",
      "image_id": 154,
      "file_name": "COCO_train2014_000000000154.jpg",
      "target_type": "multi-target",
      "expression": "a trio of zebras positioned on the grassland.",
      "true_count_class": 3,
      "pred_count_class": 2,
      "gt_candidate_indices": [
        0,
        1,
        2,
        3
      ],
      "pred_candidate_indices": [
        1,
        3
      ],
      "num_predictions": 2,
      "num_targets": 3,
      "precision": 0.5,
      "recall": 0.3333333333333333,
      "f1": 0.4,
      "exact": 0.0
    },
    {
      "sample_id": "0000002",
      "image_id": 154,
      "file_name": "COCO_train2014_000000000154.jpg",
      "target_type": "multi-target",
      "expression": "there are three zebras standing in the prairie.",
      "true_count_class": 3,
      "pred_count_class": 2,
      "gt_candidate_indices": [
        0,
        1,
        2,
        3
      ],
      "pred_candidate_indices": [
        0,
        1
      ],
      "num_predictions": 2,
      "num_targets": 3,
      "precision": 1.0,
      "recall": 0.6666666666666666,
      "f1": 0.8,
      "exact": 0.0
    },
    {
      "sample_id": "0000003",
      "image_id": 154,
      "file_name": "COCO_train2014_000000000154.jpg",
      "target_type": "multi-target",
      "expression": "three zebras, all stationary on the grassy plain.",
      "true_count_class": 3,
      "pred_count_class": 2,
      "gt_candidate_indices": [
        0,
        1,
        2,
        3
      ],
      "pred_candidate_indices": [
        1,
        3
      ],
      "num_predictions": 2,
      "num_targets": 3,
      "precision": 0.5,