{
  "feature_file": "cache/features/stage5/clip_detector_testA.pt",
  "checkpoint": "checkpoints/stage5/clip_1pct_seed1/last.pt",
  "clip_model": "ViT-B/32",
  "feature_dim": 512,
  "candidate_feature_dim": 512,
  "text_feature_dim": 512,
  "representation": {
    "name": "clip",
    "model_ids": {
      "clip": "ViT-B/32"
    },
    "candidate_feature_dim": 512,
    "text_feature_dim": 512,
    "component_normalization": {
      "clip_image": "l2",
      "clip_text": "l2"
    },
    "fusion": "none",
    "encoder_parameters": {
      "clip": {
        "total": 151277313,
        "trainable": 0
      }
    }
  },
  "device": "cuda",
  "batch_size": 64,
  "selection_policy": "cardinality-threshold",
  "membership_threshold": 0.5,
  "config": {
    "match_threshold": 0.5,
    "overlap_metric": "giou",
    "prediction_score_threshold": null,
    "image_f1_threshold": 1.0
  },
  "official": {
    "F1_score": 0.27119791666666665,
    "T_acc": 0.8464614967462039,
    "N_acc": 0.5759892086330936
  },
  "diagnostics": {
    "num_samples": 19200,
    "mean_precision": 0.44138020833333336,
    "mean_recall": 0.399611842150901,
    "mean_f1": 0.4084080112595747,
    "exact_set_accuracy": 0.27119791666666665,
    "cardinality_accuracy": 0.5902083333333333,
    "count_class_accuracy": 0.5902083333333333,
    "count_class_evaluated": 19200,
    "micro_precision": 0.4406427483030891,
    "micro_recall": 0.3225076039202433,
    "micro_f1": 0.37243155696918845,
    "total_tp": 9543,
    "total_fp": 12114,
    "total_fn": 20047,
    "no_target_total": 4448,
    "no_target_accuracy": 0.5759892086330936,
    "false_grounding_rate": 0.42401079136690645,
    "single_target_total": 5917,
    "single_target_localization_accuracy": 0.26347811390907555,
    "single_target_exact_accuracy": 0.21750887273956396,
    "multi_target_total": 8835,
    "multi_target_mean_f1": 0.4313639482569922,
    "multi_target_exact_accuracy": 0.15370684776457272
  },
  "by_target_type": {
    "no-target": {
      "num_samples": 4448,
      "mean_precision": 0.5759892086330936,
      "mean_recall": 0.5759892086330936,
      "mean_f1": 0.5759892086330936,
      "exact_set_accuracy": 0.5759892086330936,
      "cardinality_accuracy": 0.5759892086330936,
      "count_class_accuracy": 0.5759892086330936,
      "count_class_evaluated": 4448,
      "micro_precision": 0.0,
      "micro_recall": 0.0,
      "micro_f1": 0.0,
      "total_tp": 0,
      "total_fp": 2289,
      "total_fn": 0
    },
    "single-target": {
      "num_samples": 5917,
      "mean_precision": 0.24049349332431977,
      "mean_recall": 0.26347811390907555,
      "mean_f1": 0.24815503351923895,
      "exact_set_accuracy": 0.21750887273956396,
      "cardinality_accuracy": 0.6442453946256549,
      "count_class_accuracy": 0.6442453946256549,
      "count_class_evaluated": 5917,
      "micro_precision": 0.3150767987065481,
      "micro_recall": 0.26347811390907555,
      "micro_f1": 0.2869765301426599,
      "total_tp": 1559,
      "total_fp": 3389,
      "total_fn": 4358
    },
    "multi-target": {
      "num_samples": 8835,
      "mean_precision": 0.5081494057724958,
      "mean_recall": 0.40198611989783717,
      "mean_f1": 0.4313639482569922,
      "exact_set_accuracy": 0.15370684776457272,
      "cardinality_accuracy": 0.5611771363893605,
      "count_class_accuracy": 0.5611771363893605,
      "count_class_evaluated": 8835,
      "micro_precision": 0.5536754507628294,
      "micro_recall": 0.3372618595023867,
      "micro_f1": 0.41918462709684196,
      "total_tp": 7984,
      "total_fp": 6436,
      "total_fn": 15689
    }
  },
  "by_count_group": {
    "0": {
      "num_samples": 4448,
      "mean_precision": 0.5759892086330936,
      "mean_recall": 0.5759892086330936,
      "mean_f1": 0.5759892086330936,
      "exact_set_accuracy": 0.5759892086330936,
      "cardinality_accuracy": 0.5759892086330936,
      "count_class_accuracy": 0.5759892086330936,
      "count_class_evaluated": 4448,
      "micro_precision": 0.0,
      "micro_recall": 0.0,
      "micro_f1": 0.0,
      "total_tp": 0,
      "total_fp": 2289,
      "total_fn": 0
    },
    "1": {
      "num_samples": 5917,
      "mean_precision": 0.24049349332431977,
      "mean_recall": 0.26347811390907555,
      "mean_f1": 0.24815503351923895,
      "exact_set_accuracy": 0.21750887273956396,
      "cardinality_accuracy": 0.6442453946256549,
      "count_class_accuracy": 0.6442453946256549,
      "count_class_evaluated": 5917,
      "micro_precision": 0.3150767987065481,
      "micro_recall": 0.26347811390907555,
      "micro_f1": 0.2869765301426599,
      "total_tp": 1559,
      "total_fp": 3389,
      "total_fn": 4358
    },
    "2": {
      "num_samples": 5940,
      "mean_precision": 0.5172558922558923,
      "mean_recall": 0.4861111111111111,
      "mean_f1": 0.4964927048260361,
      "exact_set_accuracy": 0.2286195286195286,
      "cardinality_accuracy": 0.8346801346801347,
      "count_class_accuracy": 0.8346801346801347,
      "count_class_evaluated": 5940,
      "micro_precision": 0.5456864783142776,
      "micro_recall": 0.4861111111111111,
      "micro_f1": 0.5141788719227174,
      "total_tp": 5775,
      "total_fp": 4808,
      "total_fn": 6105
    },
    "3+": {
      "num_samples": 2895,
      "mean_precision": 0.4894645941278066,
      "mean_recall": 0.22937732963639768,
      "mean_f1": 0.2977318881463905,
      "exact_set_accuracy": 0.0,
      "cardinality_accuracy": 0.0,
      "count_class_accuracy": 0.0,
      "count_class_evaluated": 2895,
      "micro_precision": 0.5757101902528017,
      "micro_recall": 0.18731450860680066,
      "micro_f1": 0.28266154830454254,
      "total_tp": 2209,
      "total_fp": 1628,
      "total_fn": 9584
    }
  },
  "examples": [
    {
      "sample_id": "0000000",
      "image_id": 839,
      "file_name": "COCO_train2014_000000000839.jpg",
      "target_type": "multi-target",
      "expression": "blue shirt and a frisbee",
      "true_count_class": 2,
      "pred_count_class": 2,
      "gt_candidate_indices": [
        0,
        1
      ],
      "pred_candidate_indices": [
        0,
        2
      ],
      "num_predictions": 2,
      "num_targets": 2,
      "precision": 0.5,
      "recall": 0.5,
      "f1": 0.5,
      "exact": 0.0
    },
    {
      "sample_id": "0000001",
      "image_id": 839,
      "file_name": "COCO_train2014_000000000839.jpg",
      "target_type": "multi-target",
      "expression": "blue shirt and frisbee",
      "true_count_class": 2,
      "pred_count_class": 2,
      "gt_candidate_indices": [
        0,
        1
      ],
      "pred_candidate_indices": [
        0,
        2
      ],
      "num_predictions": 2,
      "num_targets": 2,
      "precision": 0.5,
      "recall": 0.5,
      "f1": 0.5,
      "exact": 0.0
    },
    {
      "sample_id": "0000002",
      "image_id": 839,
      "file_name": "COCO_train2014_000000000839.jpg",
      "target_type": "multi-target",
      "expression": "blue shirt and white shirt",
      "true_count_class": 2,
      "pred_count_class": 2,
      "gt_candidate_indices": [
        0,
        2
      ],
      "pred_candidate_indices": [
        0,
        2
      ],
      "num_predictions": 2,
      "num_targets": 2,
      "precision": 1.0,
      "recall": 1.0,
      "f1": 1.0,
      "exact": 1.0
    },
    {
      "sample_id": "0000003",
      "image_id": 839,
      "file_name": "COCO_train2014_000000000839.jpg",
      "target_type": "multi-target",
      "expression": "blue cshirt and falling",
      "true_count_class": 2,
      "pred_count_class": 1,
      "gt_candidate_indices": [
        0,
        2
      ],
      "pred_candidate_indices": [
        2
      ],
      "num_predictions": 1,
      "num_targets": 2,
      "precision": 1.0,
      "recall": 0.5,
      "f1": 0.6666666666666666,
      "exact": 0.0
    },
    {
      "sample_id": "0000004",
      "image_id": 839,
      "file_name": "COCO_train2014_000000000839.jpg",