{
  "feature_file": "cache/features/stage5/siglip2_detector_testA.pt",
  "checkpoint": "checkpoints/stage5/siglip2_1pct_seed0/last.pt",
  "clip_model": "none",
  "feature_dim": 768,
  "candidate_feature_dim": 768,
  "text_feature_dim": 768,
  "representation": {
    "name": "siglip2",
    "model_ids": {
      "siglip2": "google/siglip2-base-patch16-224"
    },
    "candidate_feature_dim": 768,
    "text_feature_dim": 768,
    "component_normalization": {
      "siglip2_image": "l2",
      "siglip2_text": "l2"
    },
    "fusion": "none",
    "similarity_source": "normalized SigLIP 2 image/text embeddings",
    "encoder_parameters": {
      "siglip2": {
        "total": 375187970,
        "trainable": 0
      }
    }
  },
  "device": "cuda",
  "batch_size": 64,
  "selection_policy": "cardinality-threshold",
  "membership_threshold": 0.5,
  "config": {
    "match_threshold": 0.5,
    "overlap_metric": "giou",
    "prediction_score_threshold": null,
    "image_f1_threshold": 1.0
  },
  "official": {
    "F1_score": 0.2892708333333333,
    "T_acc": 0.935398590021692,
    "N_acc": 0.4264838129496403
  },
  "diagnostics": {
    "num_samples": 19200,
    "mean_precision": 0.47018229166666664,
    "mean_recall": 0.42541637211168154,
    "mean_f1": 0.43485339342370644,
    "exact_set_accuracy": 0.2892708333333333,
    "cardinality_accuracy": 0.6306770833333334,
    "count_class_accuracy": 0.6306770833333334,
    "count_class_evaluated": 19200,
    "micro_precision": 0.47488813616024755,
    "micro_recall": 0.3837783034809057,
    "micro_f1": 0.4244995607722931,
    "total_tp": 11356,
    "total_fp": 12557,
    "total_fn": 18234,
    "no_target_total": 4448,
    "no_target_accuracy": 0.4264838129496403,
    "false_grounding_rate": 0.5735161870503597,
    "single_target_total": 5917,
    "single_target_localization_accuracy": 0.3713030251816799,
    "single_target_exact_accuracy": 0.32617880682778433,
    "multi_target_total": 8835,
    "multi_target_mean_f1": 0.4917017717866662,
    "multi_target_exact_accuracy": 0.19547255234861347
  },
  "by_target_type": {
    "no-target": {
      "num_samples": 4448,
      "mean_precision": 0.4264838129496403,
      "mean_recall": 0.4264838129496403,
      "mean_f1": 0.4264838129496403,
      "exact_set_accuracy": 0.4264838129496403,
      "cardinality_accuracy": 0.4264838129496403,
      "count_class_accuracy": 0.4264838129496403,
      "count_class_evaluated": 4448,
      "micro_precision": 0.0,
      "micro_recall": 0.0,
      "micro_f1": 0.0,
      "total_tp": 0,
      "total_fp": 2848,
      "total_fn": 0
    },
    "single-target": {
      "num_samples": 5917,
      "mean_precision": 0.3487409160047321,
      "mean_recall": 0.3713030251816799,
      "mean_f1": 0.3562616190637162,
      "exact_set_accuracy": 0.32617880682778433,
      "cardinality_accuracy": 0.8103768801757647,
      "count_class_accuracy": 0.8103768801757647,
      "count_class_evaluated": 5917,
      "micro_precision": 0.38754630446286825,
      "micro_recall": 0.3713030251816799,
      "micro_f1": 0.3792508199551182,
      "total_tp": 2197,
      "total_fp": 3472,
      "total_fn": 3720
    },
    "multi-target": {
      "num_samples": 8835,
      "mean_precision": 0.5735144312393888,
      "mean_recall": 0.46111990317423446,
      "mean_f1": 0.4917017717866662,
      "exact_set_accuracy": 0.19547255234861347,
      "cardinality_accuracy": 0.6131295981890209,
      "count_class_accuracy": 0.6131295981890209,
      "count_class_evaluated": 8835,
      "micro_precision": 0.5948947778643804,
      "micro_recall": 0.38689646432644786,
      "micro_f1": 0.4688627812332028,
      "total_tp": 9159,
      "total_fp": 6237,
      "total_fn": 14514
    }
  },
  "by_count_group": {
    "0": {
      "num_samples": 4448,
      "mean_precision": 0.4264838129496403,
      "mean_recall": 0.4264838129496403,
      "mean_f1": 0.4264838129496403,
      "exact_set_accuracy": 0.4264838129496403,
      "cardinality_accuracy": 0.4264838129496403,
      "count_class_accuracy": 0.4264838129496403,
      "count_class_evaluated": 4448,
      "micro_precision": 0.0,
      "micro_recall": 0.0,
      "micro_f1": 0.0,
      "total_tp": 0,
      "total_fp": 2848,
      "total_fn": 0
    },
    "1": {
      "num_samples": 5917,
      "mean_precision": 0.3487409160047321,
      "mean_recall": 0.3713030251816799,
      "mean_f1": 0.3562616190637162,
      "exact_set_accuracy": 0.32617880682778433,
      "cardinality_accuracy": 0.8103768801757647,
      "count_class_accuracy": 0.8103768801757647,
      "count_class_evaluated": 5917,
      "micro_precision": 0.38754630446286825,
      "micro_recall": 0.3713030251816799,
      "micro_f1": 0.3792508199551182,
      "total_tp": 2197,
      "total_fp": 3472,
      "total_fn": 3720
    },
    "2": {
      "num_samples": 5940,
      "mean_precision": 0.5838383838383838,
      "mean_recall": 0.5614478114478114,
      "mean_f1": 0.5689113355780006,
      "exact_set_accuracy": 0.29074074074074074,
      "cardinality_accuracy": 0.911952861952862,
      "count_class_accuracy": 0.911952861952862,
      "count_class_evaluated": 5940,
      "micro_precision": 0.593258027216935,
      "micro_recall": 0.5614478114478114,
      "micro_f1": 0.5769147601954764,
      "total_tp": 6670,
      "total_fp": 4573,
      "total_fn": 5210
    },
    "3+": {
      "num_samples": 2895,
      "mean_precision": 0.5523316062176166,
      "mean_recall": 0.2552657494108283,
      "mean_f1": 0.33328214867074474,
      "exact_set_accuracy": 0.0,
      "cardinality_accuracy": 0.0,
      "count_class_accuracy": 0.0,
      "count_class_evaluated": 2895,
      "micro_precision": 0.5993257885865639,
      "micro_recall": 0.21105740693631816,
      "micro_f1": 0.31217860278439735,
      "total_tp": 2489,
      "total_fp": 1664,
      "total_fn": 9304
    }
  },
  "examples": [
    {
      "sample_id": "0000000",
      "image_id": 839,
      "file_name": "COCO_train2014_000000000839.jpg",
      "target_type": "multi-target",
      "expression": "blue shirt and a frisbee",
      "true_count_class": 2,
      "pred_count_class": 2,
      "gt_candidate_indices": [
        0,
        1
      ],
      "pred_candidate_indices": [
        0,
        2
      ],
      "num_predictions": 2,
      "num_targets": 2,
      "precision": 0.5,
      "recall": 0.5,
      "f1": 0.5,
      "exact": 0.0
    },
    {
      "sample_id": "0000001",
      "image_id": 839,
      "file_name": "COCO_train2014_000000000839.jpg",
      "target_type": "multi-target",
      "expression": "blue shirt and frisbee",
      "true_count_class": 2,
      "pred_count_class": 2,
      "gt_candidate_indices": [
        0,
        1
      ],
      "pred_candidate_indices": [
        0,
        2
      ],
      "num_predictions": 2,
      "num_targets": 2,
      "precision": 0.5,
      "recall": 0.5,
      "f1": 0.5,
      "exact": 0.0
    },
    {
      "sample_id": "0000002",
      "image_id": 839,
      "file_name": "COCO_train2014_000000000839.jpg",
      "target_type": "multi-target",
      "expression": "blue shirt and white shirt",
      "true_count_class": 2,
      "pred_count_class": 2,
      "gt_candidate_indices": [
        0,
        2
      ],
      "pred_candidate_indices": [
        0,
        2
      ],
      "num_predictions": 2,
      "num_targets": 2,
      "precision": 1.0,
      "recall": 1.0,
      "f1": 1.0,
      "exact": 1.0
    },
    {
      "sample_id": "0000003",
      "image_id": 839,
      "file_name": "COCO_train2014_000000000839.jpg",
      "target_type": "multi-target",
      "expression": "blue cshirt and falling",
      "true_count_class": 2,
      "pred_count_class": 2,
      "gt_candidate_indices": [
        0,
        2
      ],
      "pred_candidate_indices": [
        0,
        2
      ],
      "num_predictions": 2,
      "num_targets": 2,
      "precision": 1.0,
      "recall": 1.0,
      "f1": 1.0,
      "exact": 1.0
    },
    {
      "sample_id": "0000004",