{
  "feature_file": "cache/features/stage5/siglip2_detector_testB.pt",
  "checkpoint": "checkpoints/stage5/siglip2_1pct_seed0/best.pt",
  "clip_model": "none",
  "feature_dim": 768,
  "candidate_feature_dim": 768,
  "text_feature_dim": 768,
  "representation": {
    "name": "siglip2",
    "model_ids": {
      "siglip2": "google/siglip2-base-patch16-224"
    },
    "candidate_feature_dim": 768,
    "text_feature_dim": 768,
    "component_normalization": {
      "siglip2_image": "l2",
      "siglip2_text": "l2"
    },
    "fusion": "none",
    "similarity_source": "normalized SigLIP 2 image/text embeddings",
    "encoder_parameters": {
      "siglip2": {
        "total": 375187970,
        "trainable": 0
      }
    }
  },
  "device": "cuda",
  "batch_size": 64,
  "selection_policy": "cardinality-threshold",
  "membership_threshold": 0.5,
  "config": {
    "match_threshold": 0.5,
    "overlap_metric": "giou",
    "prediction_score_threshold": null,
    "image_f1_threshold": 1.0
  },
  "official": {
    "F1_score": 0.3141380813048621,
    "T_acc": 0.4183494293239684,
    "N_acc": 0.9559169698266639
  },
  "diagnostics": {
    "num_samples": 16063,
    "mean_precision": 0.3871319180725892,
    "mean_recall": 0.38780427068418044,
    "mean_f1": 0.38554130610720294,
    "exact_set_accuracy": 0.3141380813048621,
    "cardinality_accuracy": 0.49399240490568386,
    "count_class_accuracy": 0.49399240490568386,
    "count_class_evaluated": 16063,
    "micro_precision": 0.35234359283846306,
    "micro_recall": 0.16425958923379913,
    "micro_f1": 0.2240629397467059,
    "total_tp": 3503,
    "total_fp": 6439,
    "total_fn": 17823,
    "no_target_total": 4673,
    "no_target_accuracy": 0.9559169698266639,
    "false_grounding_rate": 0.04408303017333619,
    "single_target_total": 5646,
    "single_target_localization_accuracy": 0.03914275593340418,
    "single_target_exact_accuracy": 0.0,
    "multi_target_total": 5744,
    "multi_target_mean_f1": 0.2748288068709377,
    "multi_target_exact_accuracy": 0.1008008356545961
  },
  "by_target_type": {
    "no-target": {
      "num_samples": 4673,
      "mean_precision": 0.9559169698266639,
      "mean_recall": 0.9559169698266639,
      "mean_f1": 0.9559169698266639,
      "exact_set_accuracy": 0.9559169698266639,
      "cardinality_accuracy": 0.9559169698266639,
      "count_class_accuracy": 0.9559169698266639,
      "count_class_evaluated": 4673,
      "micro_precision": 0.0,
      "micro_recall": 0.0,
      "micro_f1": 0.0,
      "total_tp": 0,
      "total_fp": 412,
      "total_fn": 0
    },
    "single-target": {
      "num_samples": 5646,
      "mean_precision": 0.01957137796670209,
      "mean_recall": 0.03914275593340418,
      "mean_f1": 0.026095170622269466,
      "exact_set_accuracy": 0.0,
      "cardinality_accuracy": 0.0,
      "count_class_accuracy": 0.0,
      "count_class_evaluated": 5646,
      "micro_precision": 0.1574074074074074,
      "micro_recall": 0.03914275593340418,
      "micro_f1": 0.0626950354609929,
      "total_tp": 221,
      "total_fp": 1183,
      "total_fn": 5425
    },
    "multi-target": {
      "num_samples": 5744,
      "mean_precision": 0.28568941504178275,
      "mean_recall": 0.2683321727019498,
      "mean_f1": 0.2748288068709377,
      "exact_set_accuracy": 0.1008008356545961,
      "cardinality_accuracy": 0.6037604456824512,
      "count_class_accuracy": 0.6037604456824512,
      "count_class_evaluated": 5744,
      "micro_precision": 0.4038887521535811,
      "micro_recall": 0.20931122448979592,
      "micro_f1": 0.2757288078635638,
      "total_tp": 3282,
      "total_fp": 4844,
      "total_fn": 12398
    }
  },
  "by_count_group": {
    "0": {
      "num_samples": 4673,
      "mean_precision": 0.9559169698266639,
      "mean_recall": 0.9559169698266639,
      "mean_f1": 0.9559169698266639,
      "exact_set_accuracy": 0.9559169698266639,
      "cardinality_accuracy": 0.9559169698266639,
      "count_class_accuracy": 0.9559169698266639,
      "count_class_evaluated": 4673,
      "micro_precision": 0.0,
      "micro_recall": 0.0,
      "micro_f1": 0.0,
      "total_tp": 0,
      "total_fp": 412,
      "total_fn": 0
    },
    "1": {
      "num_samples": 5646,
      "mean_precision": 0.01957137796670209,
      "mean_recall": 0.03914275593340418,
      "mean_f1": 0.026095170622269466,
      "exact_set_accuracy": 0.0,
      "cardinality_accuracy": 0.0,
      "count_class_accuracy": 0.0,
      "count_class_evaluated": 5646,
      "micro_precision": 0.1574074074074074,
      "micro_recall": 0.03914275593340418,
      "micro_f1": 0.0626950354609929,
      "total_tp": 221,
      "total_fp": 1183,
      "total_fn": 5425
    },
    "2": {
      "num_samples": 3957,
      "mean_precision": 0.3482436189032095,
      "mean_recall": 0.3482436189032095,
      "mean_f1": 0.3482436189032095,
      "exact_set_accuracy": 0.1463229719484458,
      "cardinality_accuracy": 0.8764215314632298,
      "count_class_accuracy": 0.8764215314632298,
      "count_class_evaluated": 3957,
      "micro_precision": 0.3973471741637832,
      "micro_recall": 0.3482436189032095,
      "micro_f1": 0.37117845117845116,
      "total_tp": 2756,
      "total_fp": 4180,
      "total_fn": 5158
    },
    "3+": {
      "num_samples": 1787,
      "mean_precision": 0.14717403469501958,
      "mean_recall": 0.09138220481253503,
      "mean_f1": 0.11226450289125217,
      "exact_set_accuracy": 0.0,
      "cardinality_accuracy": 0.0,
      "count_class_accuracy": 0.0,
      "count_class_evaluated": 1787,
      "micro_precision": 0.44201680672268906,
      "micro_recall": 0.06773113571980427,
      "micro_f1": 0.1174631531933899,
      "total_tp": 526,
      "total_fp": 664,
      "total_fn": 7240
    }
  },
  "examples": [
    {
      "sample_id": "0000000",
      "image_id": 154,
      "file_name": "COCO_train2014_000000000154.jpg",
      "target_type": "multi-target",
      "expression": "three zebras standing on the savannah.",
      "true_count_class": 3,
      "pred_count_class": 2,
      "gt_candidate_indices": [
        0,
        1,
        2,
        3
      ],
      "pred_candidate_indices": [
        1,
        3
      ],
      "num_predictions": 2,
      "num_targets": 3,
      "precision": 0.5,
      "recall": 0.3333333333333333,
      "f1": 0.4,
      "exact": 0.0
    },
    {
      "sample_id": "0000001",
      "image_id": 154,
      "file_name": "COCO_train2014_000000000154.jpg",
      "target_type": "multi-target",
      "expression": "a trio of zebras positioned on the grassland.",
      "true_count_class": 3,
      "pred_count_class": 2,
      "gt_candidate_indices": [
        0,
        1,
        2,
        3
      ],
      "pred_candidate_indices": [
        1,
        3
      ],
      "num_predictions": 2,
      "num_targets": 3,
      "precision": 0.5,
      "recall": 0.3333333333333333,
      "f1": 0.4,
      "exact": 0.0
    },
    {
      "sample_id": "0000002",
      "image_id": 154,
      "file_name": "COCO_train2014_000000000154.jpg",
      "target_type": "multi-target",
      "expression": "there are three zebras standing in the prairie.",
      "true_count_class": 3,
      "pred_count_class": 2,
      "gt_candidate_indices": [
        0,
        1,
        2,
        3
      ],
      "pred_candidate_indices": [
        1,
        3
      ],
      "num_predictions": 2,
      "num_targets": 3,
      "precision": 0.5,
      "recall": 0.3333333333333333,
      "f1": 0.4,
      "exact": 0.0
    },
    {
      "sample_id": "0000003",
      "image_id": 154,
      "file_name": "COCO_train2014_000000000154.jpg",
      "target_type": "multi-target",
      "expression": "three zebras, all stationary on the grassy plain.",
      "true_count_class": 3,
      "pred_count_class": 2,
      "gt_candidate_indices": [
        0,
        1,
        2,
        3
      ],
      "pred_candidate_indices": [
        1,
        3
      ],
      "num_predictions": 2,
      "num_targets": 3,