{
  "feature_file": "cache/features/stage5/siglip2_detector_testB.pt",
  "checkpoint": "checkpoints/stage5/siglip2_1pct_seed0/last.pt",
  "clip_model": "none",
  "feature_dim": 768,
  "candidate_feature_dim": 768,
  "text_feature_dim": 768,
  "representation": {
    "name": "siglip2",
    "model_ids": {
      "siglip2": "google/siglip2-base-patch16-224"
    },
    "candidate_feature_dim": 768,
    "text_feature_dim": 768,
    "component_normalization": {
      "siglip2_image": "l2",
      "siglip2_text": "l2"
    },
    "fusion": "none",
    "similarity_source": "normalized SigLIP 2 image/text embeddings",
    "encoder_parameters": {
      "siglip2": {
        "total": 375187970,
        "trainable": 0
      }
    }
  },
  "device": "cuda",
  "batch_size": 64,
  "selection_policy": "cardinality-threshold",
  "membership_threshold": 0.5,
  "config": {
    "match_threshold": 0.5,
    "overlap_metric": "giou",
    "prediction_score_threshold": null,
    "image_f1_threshold": 1.0
  },
  "official": {
    "F1_score": 0.21589989416671854,
    "T_acc": 0.8515364354697103,
    "N_acc": 0.3931093515942649
  },
  "diagnostics": {
    "num_samples": 16063,
    "mean_precision": 0.3332814542737969,
    "mean_recall": 0.3122989107705533,
    "mean_f1": 0.3148080683488157,
    "exact_set_accuracy": 0.21589989416671854,
    "cardinality_accuracy": 0.5570565896781423,
    "count_class_accuracy": 0.5570565896781423,
    "count_class_evaluated": 16063,
    "micro_precision": 0.31307713574785734,
    "micro_recall": 0.26549751477070244,
    "micro_f1": 0.287330948212428,
    "total_tp": 5662,
    "total_fp": 12423,
    "total_fn": 15664,
    "no_target_total": 4673,
    "no_target_accuracy": 0.3931093515942649,
    "false_grounding_rate": 0.606890648405735,
    "single_target_total": 5646,
    "single_target_localization_accuracy": 0.20952886999645767,
    "single_target_exact_accuracy": 0.16702089975203685,
    "multi_target_total": 5744,
    "multi_target_mean_f1": 0.3685170616098551,
    "multi_target_exact_accuracy": 0.11977715877437325
  },
  "by_target_type": {
    "no-target": {
      "num_samples": 4673,
      "mean_precision": 0.3931093515942649,
      "mean_recall": 0.3931093515942649,
      "mean_f1": 0.3931093515942649,
      "exact_set_accuracy": 0.3931093515942649,
      "cardinality_accuracy": 0.3931093515942649,
      "count_class_accuracy": 0.3931093515942649,
      "count_class_evaluated": 4673,
      "micro_precision": 0.0,
      "micro_recall": 0.0,
      "micro_f1": 0.0,
      "total_tp": 0,
      "total_fp": 3086,
      "total_fn": 0
    },
    "single-target": {
      "num_samples": 5646,
      "mean_precision": 0.18827488487424726,
      "mean_recall": 0.20952886999645767,
      "mean_f1": 0.19535954658165053,
      "exact_set_accuracy": 0.16702089975203685,
      "cardinality_accuracy": 0.6002479631597591,
      "count_class_accuracy": 0.6002479631597591,
      "count_class_evaluated": 5646,
      "micro_precision": 0.2420708000818498,
      "micro_recall": 0.20952886999645767,
      "micro_f1": 0.2246273616253679,
      "total_tp": 1183,
      "total_fp": 3704,
      "total_fn": 4463
    },
    "multi-target": {
      "num_samples": 5744,
      "mean_precision": 0.427141364902507,
      "mean_recall": 0.347572667776358,
      "mean_f1": 0.3685170616098551,
      "exact_set_accuracy": 0.11977715877437325,
      "cardinality_accuracy": 0.6479805013927576,
      "count_class_accuracy": 0.6479805013927576,
      "count_class_evaluated": 5744,
      "micro_precision": 0.442939082278481,
      "micro_recall": 0.2856505102040816,
      "micro_f1": 0.34731699751861045,
      "total_tp": 4479,
      "total_fp": 5633,
      "total_fn": 11201
    }
  },
  "by_count_group": {
    "0": {
      "num_samples": 4673,
      "mean_precision": 0.3931093515942649,
      "mean_recall": 0.3931093515942649,
      "mean_f1": 0.3931093515942649,
      "exact_set_accuracy": 0.3931093515942649,
      "cardinality_accuracy": 0.3931093515942649,
      "count_class_accuracy": 0.3931093515942649,
      "count_class_evaluated": 4673,
      "micro_precision": 0.0,
      "micro_recall": 0.0,
      "micro_f1": 0.0,
      "total_tp": 0,
      "total_fp": 3086,
      "total_fn": 0
    },
    "1": {
      "num_samples": 5646,
      "mean_precision": 0.18827488487424726,
      "mean_recall": 0.20952886999645767,
      "mean_f1": 0.19535954658165053,
      "exact_set_accuracy": 0.16702089975203685,
      "cardinality_accuracy": 0.6002479631597591,
      "count_class_accuracy": 0.6002479631597591,
      "count_class_evaluated": 5646,
      "micro_precision": 0.2420708000818498,
      "micro_recall": 0.20952886999645767,
      "micro_f1": 0.2246273616253679,
      "total_tp": 1183,
      "total_fp": 3704,
      "total_fn": 4463
    },
    "2": {
      "num_samples": 3957,
      "mean_precision": 0.4323982815264089,
      "mean_recall": 0.4217841799342937,
      "mean_f1": 0.4253222137983325,
      "exact_set_accuracy": 0.17386909274703058,
      "cardinality_accuracy": 0.9406115744250695,
      "count_class_accuracy": 0.9406115744250695,
      "count_class_evaluated": 3957,
      "micro_precision": 0.439615435269327,
      "micro_recall": 0.4217841799342937,
      "micro_f1": 0.4305152511768879,
      "total_tp": 3338,
      "total_fp": 4255,
      "total_fn": 4576
    },
    "3+": {
      "num_samples": 1787,
      "mean_precision": 0.41550083939563515,
      "mean_recall": 0.18324421024476945,
      "mean_f1": 0.24273195404980438,
      "exact_set_accuracy": 0.0,
      "cardinality_accuracy": 0.0,
      "count_class_accuracy": 0.0,
      "count_class_evaluated": 1787,
      "micro_precision": 0.45295752282651847,
      "micro_recall": 0.1469224826165336,
      "micro_f1": 0.22187651920272242,
      "total_tp": 1141,
      "total_fp": 1378,
      "total_fn": 6625
    }
  },
  "examples": [
    {
      "sample_id": "0000000",
      "image_id": 154,
      "file_name": "COCO_train2014_000000000154.jpg",
      "target_type": "multi-target",
      "expression": "three zebras standing on the savannah.",
      "true_count_class": 3,
      "pred_count_class": 2,
      "gt_candidate_indices": [
        0,
        1,
        2,
        3
      ],
      "pred_candidate_indices": [
        1,
        3
      ],
      "num_predictions": 2,
      "num_targets": 3,
      "precision": 0.5,
      "recall": 0.3333333333333333,
      "f1": 0.4,
      "exact": 0.0
    },
    {
      "sample_id": "0000001",
      "image_id": 154,
      "file_name": "COCO_train2014_000000000154.jpg",
      "target_type": "multi-target",
      "expression": "a trio of zebras positioned on the grassland.",
      "true_count_class": 3,
      "pred_count_class": 2,
      "gt_candidate_indices": [
        0,
        1,
        2,
        3
      ],
      "pred_candidate_indices": [
        1,
        3
      ],
      "num_predictions": 2,
      "num_targets": 3,
      "precision": 0.5,
      "recall": 0.3333333333333333,
      "f1": 0.4,
      "exact": 0.0
    },
    {
      "sample_id": "0000002",
      "image_id": 154,
      "file_name": "COCO_train2014_000000000154.jpg",
      "target_type": "multi-target",
      "expression": "there are three zebras standing in the prairie.",
      "true_count_class": 3,
      "pred_count_class": 2,
      "gt_candidate_indices": [
        0,
        1,
        2,
        3
      ],
      "pred_candidate_indices": [
        1,
        3
      ],
      "num_predictions": 2,
      "num_targets": 3,
      "precision": 0.5,
      "recall": 0.3333333333333333,
      "f1": 0.4,
      "exact": 0.0
    },
    {
      "sample_id": "0000003",
      "image_id": 154,
      "file_name": "COCO_train2014_000000000154.jpg",
      "target_type": "multi-target",
      "expression": "three zebras, all stationary on the grassy plain.",
      "true_count_class": 3,
      "pred_count_class": 2,
      "gt_candidate_indices": [
        0,
        1,
        2,
        3
      ],