{
  "feature_file": "cache/features/stage5/clip_detector_testA.pt",
  "checkpoint": "checkpoints/stage5/clip_1pct_seed0/best.pt",
  "clip_model": "ViT-B/32",
  "feature_dim": 512,
  "candidate_feature_dim": 512,
  "text_feature_dim": 512,
  "representation": {
    "name": "clip",
    "model_ids": {
      "clip": "ViT-B/32"
    },
    "candidate_feature_dim": 512,
    "text_feature_dim": 512,
    "component_normalization": {
      "clip_image": "l2",
      "clip_text": "l2"
    },
    "fusion": "none",
    "encoder_parameters": {
      "clip": {
        "total": 151277313,
        "trainable": 0
      }
    }
  },
  "device": "cuda",
  "batch_size": 64,
  "selection_policy": "cardinality-threshold",
  "membership_threshold": 0.5,
  "config": {
    "match_threshold": 0.5,
    "overlap_metric": "giou",
    "prediction_score_threshold": null,
    "image_f1_threshold": 1.0
  },
  "official": {
    "F1_score": 0.2719270833333333,
    "T_acc": 0.33947939262472887,
    "N_acc": 0.9597571942446043
  },
  "diagnostics": {
    "num_samples": 19200,
    "mean_precision": 0.35854166666666665,
    "mean_recall": 0.3526119791666649,
    "mean_f1": 0.35383705357142753,
    "exact_set_accuracy": 0.2719270833333333,
    "cardinality_accuracy": 0.42182291666666666,
    "count_class_accuracy": 0.42182291666666666,
    "count_class_evaluated": 19200,
    "micro_precision": 0.5041449778291883,
    "micro_recall": 0.17674890165596485,
    "micro_f1": 0.2617355620058052,
    "total_tp": 5230,
    "total_fp": 5144,
    "total_fn": 24360,
    "no_target_total": 4448,
    "no_target_accuracy": 0.9597571942446043,
    "false_grounding_rate": 0.04024280575539568,
    "single_target_total": 5917,
    "single_target_localization_accuracy": 0.024674666215987833,
    "single_target_exact_accuracy": 0.0,
    "multi_target_total": 8835,
    "multi_target_mean_f1": 0.27474115396017157,
    "multi_target_exact_accuracy": 0.10775325410299944
  },
  "by_target_type": {
    "no-target": {
      "num_samples": 4448,
      "mean_precision": 0.9597571942446043,
      "mean_recall": 0.9597571942446043,
      "mean_f1": 0.9597571942446043,
      "exact_set_accuracy": 0.9597571942446043,
      "cardinality_accuracy": 0.9597571942446043,
      "count_class_accuracy": 0.9597571942446043,
      "count_class_evaluated": 4448,
      "micro_precision": 0.0,
      "micro_recall": 0.0,
      "micro_f1": 0.0,
      "total_tp": 0,
      "total_fp": 358,
      "total_fn": 0
    },
    "single-target": {
      "num_samples": 5917,
      "mean_precision": 0.012337333107993917,
      "mean_recall": 0.024674666215987833,
      "mean_f1": 0.016449777477325244,
      "exact_set_accuracy": 0.0,
      "cardinality_accuracy": 0.0,
      "count_class_accuracy": 0.0,
      "count_class_evaluated": 5917,
      "micro_precision": 0.2644927536231884,
      "micro_recall": 0.024674666215987833,
      "micro_f1": 0.04513835214098006,
      "total_tp": 146,
      "total_fp": 406,
      "total_fn": 5771
    },
    "multi-target": {
      "num_samples": 8835,
      "mean_precision": 0.28771929824561404,
      "mean_recall": 0.26657045840407423,
      "mean_f1": 0.27474115396017157,
      "exact_set_accuracy": 0.10775325410299944,
      "cardinality_accuracy": 0.4335031126202603,
      "count_class_accuracy": 0.4335031126202603,
      "count_class_evaluated": 8835,
      "micro_precision": 0.5371935756551142,
      "micro_recall": 0.21475943057491656,
      "micro_f1": 0.3068473307782841,
      "total_tp": 5084,
      "total_fp": 4380,
      "total_fn": 18589
    }
  },
  "by_count_group": {
    "0": {
      "num_samples": 4448,
      "mean_precision": 0.9597571942446043,
      "mean_recall": 0.9597571942446043,
      "mean_f1": 0.9597571942446043,
      "exact_set_accuracy": 0.9597571942446043,
      "cardinality_accuracy": 0.9597571942446043,
      "count_class_accuracy": 0.9597571942446043,
      "count_class_evaluated": 4448,
      "micro_precision": 0.0,
      "micro_recall": 0.0,
      "micro_f1": 0.0,
      "total_tp": 0,
      "total_fp": 358,
      "total_fn": 0
    },
    "1": {
      "num_samples": 5917,
      "mean_precision": 0.012337333107993917,
      "mean_recall": 0.024674666215987833,
      "mean_f1": 0.016449777477325244,
      "exact_set_accuracy": 0.0,
      "cardinality_accuracy": 0.0,
      "count_class_accuracy": 0.0,
      "count_class_evaluated": 5917,
      "micro_precision": 0.2644927536231884,
      "micro_recall": 0.024674666215987833,
      "micro_f1": 0.04513835214098006,
      "total_tp": 146,
      "total_fp": 406,
      "total_fn": 5771
    },
    "2": {
      "num_samples": 5940,
      "mean_precision": 0.3397306397306397,
      "mean_recall": 0.3397306397306397,
      "mean_f1": 0.3397306397306397,
      "exact_set_accuracy": 0.16026936026936026,
      "cardinality_accuracy": 0.6447811447811448,
      "count_class_accuracy": 0.6447811447811448,
      "count_class_evaluated": 5940,
      "micro_precision": 0.5268929503916449,
      "micro_recall": 0.3397306397306397,
      "micro_f1": 0.4131013306038895,
      "total_tp": 4036,
      "total_fp": 3624,
      "total_fn": 7844
    },
    "3+": {
      "num_samples": 2895,
      "mean_precision": 0.18100172711571674,
      "mean_recall": 0.11645941278065597,
      "mean_f1": 0.14139485155029155,
      "exact_set_accuracy": 0.0,
      "cardinality_accuracy": 0.0,
      "count_class_accuracy": 0.0,
      "count_class_evaluated": 2895,
      "micro_precision": 0.5809312638580931,
      "micro_recall": 0.08886627660476554,
      "micro_f1": 0.15415165109950724,
      "total_tp": 1048,
      "total_fp": 756,
      "total_fn": 10745
    }
  },
  "examples": [
    {
      "sample_id": "0000000",
      "image_id": 839,
      "file_name": "COCO_train2014_000000000839.jpg",
      "target_type": "multi-target",
      "expression": "blue shirt and a frisbee",
      "true_count_class": 2,
      "pred_count_class": 0,
      "gt_candidate_indices": [
        0,
        1
      ],
      "pred_candidate_indices": [],
      "num_predictions": 0,
      "num_targets": 2,
      "precision": 0.0,
      "recall": 0.0,
      "f1": 0.0,
      "exact": 0.0
    },
    {
      "sample_id": "0000001",
      "image_id": 839,
      "file_name": "COCO_train2014_000000000839.jpg",
      "target_type": "multi-target",
      "expression": "blue shirt and frisbee",
      "true_count_class": 2,
      "pred_count_class": 0,
      "gt_candidate_indices": [
        0,
        1
      ],
      "pred_candidate_indices": [],
      "num_predictions": 0,
      "num_targets": 2,
      "precision": 0.0,
      "recall": 0.0,
      "f1": 0.0,
      "exact": 0.0
    },
    {
      "sample_id": "0000002",
      "image_id": 839,
      "file_name": "COCO_train2014_000000000839.jpg",
      "target_type": "multi-target",
      "expression": "blue shirt and white shirt",
      "true_count_class": 2,
      "pred_count_class": 2,
      "gt_candidate_indices": [
        0,
        2
      ],
      "pred_candidate_indices": [
        0,
        2
      ],
      "num_predictions": 2,
      "num_targets": 2,
      "precision": 1.0,
      "recall": 1.0,
      "f1": 1.0,
      "exact": 1.0
    },
    {
      "sample_id": "0000003",
      "image_id": 839,
      "file_name": "COCO_train2014_000000000839.jpg",
      "target_type": "multi-target",
      "expression": "blue cshirt and falling",
      "true_count_class": 2,
      "pred_count_class": 0,
      "gt_candidate_indices": [
        0,
        2
      ],
      "pred_candidate_indices": [],
      "num_predictions": 0,
      "num_targets": 2,
      "precision": 0.0,
      "recall": 0.0,
      "f1": 0.0,
      "exact": 0.0
    },
    {
      "sample_id": "0000004",
      "image_id": 839,
      "file_name": "COCO_train2014_000000000839.jpg",
      "target_type": "multi-target",
      "expression": "guy flopping around on the right and person on left",
      "true_count_class": 2,
      "pred_count_class": 2,