{
  "feature_file": "cache/features/stage5/clip_detector_testB.pt",
  "checkpoint": "checkpoints/stage5/clip_1pct_seed0/best.pt",
  "clip_model": "ViT-B/32",
  "feature_dim": 512,
  "candidate_feature_dim": 512,
  "text_feature_dim": 512,
  "representation": {
    "name": "clip",
    "model_ids": {
      "clip": "ViT-B/32"
    },
    "candidate_feature_dim": 512,
    "text_feature_dim": 512,
    "component_normalization": {
      "clip_image": "l2",
      "clip_text": "l2"
    },
    "fusion": "none",
    "encoder_parameters": {
      "clip": {
        "total": 151277313,
        "trainable": 0
      }
    }
  },
  "device": "cuda",
  "batch_size": 64,
  "selection_policy": "cardinality-threshold",
  "membership_threshold": 0.5,
  "config": {
    "match_threshold": 0.5,
    "overlap_metric": "giou",
    "prediction_score_threshold": null,
    "image_f1_threshold": 1.0
  },
  "official": {
    "F1_score": 0.30361700803087843,
    "T_acc": 0.29464442493415277,
    "N_acc": 0.9659747485555318
  },
  "diagnostics": {
    "num_samples": 16063,
    "mean_precision": 0.3563780115794061,
    "mean_recall": 0.356085932474216,
    "mean_f1": 0.3550362708739097,
    "exact_set_accuracy": 0.30361700803087843,
    "cardinality_accuracy": 0.43348066986241673,
    "count_class_accuracy": 0.43348066986241673,
    "count_class_evaluated": 16063,
    "micro_precision": 0.3443812233285917,
    "micro_recall": 0.11352339866829222,
    "micro_f1": 0.17075751163774863,
    "total_tp": 2421,
    "total_fp": 4609,
    "total_fn": 18905,
    "no_target_total": 4673,
    "no_target_accuracy": 0.9659747485555318,
    "false_grounding_rate": 0.03402525144446822,
    "single_target_total": 5646,
    "single_target_localization_accuracy": 0.023025150549061284,
    "single_target_exact_accuracy": 0.0,
    "multi_target_total": 5744,
    "multi_target_mean_f1": 0.19190128001061085,
    "multi_target_exact_accuracy": 0.06319637883008357
  },
  "by_target_type": {
    "no-target": {
      "num_samples": 4673,
      "mean_precision": 0.9659747485555318,
      "mean_recall": 0.9659747485555318,
      "mean_f1": 0.9659747485555318,
      "exact_set_accuracy": 0.9659747485555318,
      "cardinality_accuracy": 0.9659747485555318,
      "count_class_accuracy": 0.9659747485555318,
      "count_class_evaluated": 4673,
      "micro_precision": 0.0,
      "micro_recall": 0.0,
      "micro_f1": 0.0,
      "total_tp": 0,
      "total_fp": 318,
      "total_fn": 0
    },
    "single-target": {
      "num_samples": 5646,
      "mean_precision": 0.011512575274530642,
      "mean_recall": 0.023025150549061284,
      "mean_f1": 0.015350100366040866,
      "exact_set_accuracy": 0.0,
      "cardinality_accuracy": 0.0,
      "count_class_accuracy": 0.0,
      "count_class_evaluated": 5646,
      "micro_precision": 0.1447661469933185,
      "micro_recall": 0.023025150549061284,
      "micro_f1": 0.03973105134474328,
      "total_tp": 130,
      "total_fp": 768,
      "total_fn": 5516
    },
    "multi-target": {
      "num_samples": 5744,
      "mean_precision": 0.19942548746518104,
      "mean_recall": 0.18729253714020452,
      "mean_f1": 0.19190128001061085,
      "exact_set_accuracy": 0.06319637883008357,
      "cardinality_accuracy": 0.42635793871866295,
      "count_class_accuracy": 0.42635793871866295,
      "count_class_evaluated": 5744,
      "micro_precision": 0.3940488476092191,
      "micro_recall": 0.14610969387755102,
      "micro_f1": 0.21317576998232066,
      "total_tp": 2291,
      "total_fp": 3523,
      "total_fn": 13389
    }
  },
  "by_count_group": {
    "0": {
      "num_samples": 4673,
      "mean_precision": 0.9659747485555318,
      "mean_recall": 0.9659747485555318,
      "mean_f1": 0.9659747485555318,
      "exact_set_accuracy": 0.9659747485555318,
      "cardinality_accuracy": 0.9659747485555318,
      "count_class_accuracy": 0.9659747485555318,
      "count_class_evaluated": 4673,
      "micro_precision": 0.0,
      "micro_recall": 0.0,
      "micro_f1": 0.0,
      "total_tp": 0,
      "total_fp": 318,
      "total_fn": 0
    },
    "1": {
      "num_samples": 5646,
      "mean_precision": 0.011512575274530642,
      "mean_recall": 0.023025150549061284,
      "mean_f1": 0.015350100366040866,
      "exact_set_accuracy": 0.0,
      "cardinality_accuracy": 0.0,
      "count_class_accuracy": 0.0,
      "count_class_evaluated": 5646,
      "micro_precision": 0.1447661469933185,
      "micro_recall": 0.023025150549061284,
      "micro_f1": 0.03973105134474328,
      "total_tp": 130,
      "total_fp": 768,
      "total_fn": 5516
    },
    "2": {
      "num_samples": 3957,
      "mean_precision": 0.2414708112206217,
      "mean_recall": 0.2414708112206217,
      "mean_f1": 0.2414708112206217,
      "exact_set_accuracy": 0.09173616376042457,
      "cardinality_accuracy": 0.618903209502148,
      "count_class_accuracy": 0.618903209502148,
      "count_class_evaluated": 3957,
      "micro_precision": 0.3901592486729277,
      "micro_recall": 0.2414708112206217,
      "micro_f1": 0.2983140805494849,
      "total_tp": 1911,
      "total_fp": 2987,
      "total_fn": 6003
    },
    "3+": {
      "num_samples": 1787,
      "mean_precision": 0.10632344711807498,
      "mean_recall": 0.0673241932475284,
      "mean_f1": 0.08213819383377327,
      "exact_set_accuracy": 0.0,
      "cardinality_accuracy": 0.0,
      "count_class_accuracy": 0.0,
      "count_class_evaluated": 1787,
      "micro_precision": 0.4148471615720524,
      "micro_recall": 0.04893123873293845,
      "micro_f1": 0.0875374337710205,
      "total_tp": 380,
      "total_fp": 536,
      "total_fn": 7386
    }
  },
  "examples": [
    {
      "sample_id": "0000000",
      "image_id": 154,
      "file_name": "COCO_train2014_000000000154.jpg",
      "target_type": "multi-target",
      "expression": "three zebras standing on the savannah.",
      "true_count_class": 3,
      "pred_count_class": 2,
      "gt_candidate_indices": [
        0,
        1,
        2,
        3
      ],
      "pred_candidate_indices": [
        1,
        3
      ],
      "num_predictions": 2,
      "num_targets": 3,
      "precision": 0.5,
      "recall": 0.3333333333333333,
      "f1": 0.4,
      "exact": 0.0
    },
    {
      "sample_id": "0000001",
      "image_id": 154,
      "file_name": "COCO_train2014_000000000154.jpg",
      "target_type": "multi-target",
      "expression": "a trio of zebras positioned on the grassland.",
      "true_count_class": 3,
      "pred_count_class": 2,
      "gt_candidate_indices": [
        0,
        1,
        2,
        3
      ],
      "pred_candidate_indices": [
        1,
        3
      ],
      "num_predictions": 2,
      "num_targets": 3,
      "precision": 0.5,
      "recall": 0.3333333333333333,
      "f1": 0.4,
      "exact": 0.0
    },
    {
      "sample_id": "0000002",
      "image_id": 154,
      "file_name": "COCO_train2014_000000000154.jpg",
      "target_type": "multi-target",
      "expression": "there are three zebras standing in the prairie.",
      "true_count_class": 3,
      "pred_count_class": 2,
      "gt_candidate_indices": [
        0,
        1,
        2,
        3
      ],
      "pred_candidate_indices": [
        0,
        1
      ],
      "num_predictions": 2,
      "num_targets": 3,
      "precision": 1.0,
      "recall": 0.6666666666666666,
      "f1": 0.8,
      "exact": 0.0
    },
    {
      "sample_id": "0000003",
      "image_id": 154,
      "file_name": "COCO_train2014_000000000154.jpg",
      "target_type": "multi-target",
      "expression": "three zebras, all stationary on the grassy plain.",
      "true_count_class": 3,
      "pred_count_class": 2,
      "gt_candidate_indices": [
        0,
        1,
        2,
        3
      ],
      "pred_candidate_indices": [
        1,
        3
      ],
      "num_predictions": 2,
      "num_targets": 3,
      "precision": 0.5,
      "recall": 0.3333333333333333,
      "f1": 0.4,