{
  "feature_file": "cache/features/stage5/clip_detector_testA.pt",
  "checkpoint": "checkpoints/stage5/clip_1pct_seed0/last.pt",
  "clip_model": "ViT-B/32",
  "feature_dim": 512,
  "candidate_feature_dim": 512,
  "text_feature_dim": 512,
  "representation": {
    "name": "clip",
    "model_ids": {
      "clip": "ViT-B/32"
    },
    "candidate_feature_dim": 512,
    "text_feature_dim": 512,
    "component_normalization": {
      "clip_image": "l2",
      "clip_text": "l2"
    },
    "fusion": "none",
    "encoder_parameters": {
      "clip": {
        "total": 151277313,
        "trainable": 0
      }
    }
  },
  "device": "cuda",
  "batch_size": 64,
  "selection_policy": "cardinality-threshold",
  "membership_threshold": 0.5,
  "config": {
    "match_threshold": 0.5,
    "overlap_metric": "giou",
    "prediction_score_threshold": null,
    "image_f1_threshold": 1.0
  },
  "official": {
    "F1_score": 0.22510416666666666,
    "T_acc": 0.9459734273318872,
    "N_acc": 0.34217625899280574
  },
  "diagnostics": {
    "num_samples": 19200,
    "mean_precision": 0.40888020833333333,
    "mean_recall": 0.3589964834066364,
    "mean_f1": 0.37023512251637525,
    "exact_set_accuracy": 0.22510416666666666,
    "cardinality_accuracy": 0.58484375,
    "count_class_accuracy": 0.58484375,
    "count_class_evaluated": 19200,
    "micro_precision": 0.40871754653898545,
    "micro_recall": 0.3346400811084826,
    "micro_f1": 0.36798781054313695,
    "total_tp": 9902,
    "total_fp": 14325,
    "total_fn": 19688,
    "no_target_total": 4448,
    "no_target_accuracy": 0.34217625899280574,
    "false_grounding_rate": 0.6578237410071942,
    "single_target_total": 5917,
    "single_target_localization_accuracy": 0.3004901132330573,
    "single_target_exact_accuracy": 0.2579009633260098,
    "multi_target_total": 8835,
    "multi_target_mean_f1": 0.4405788740593533,
    "multi_target_exact_accuracy": 0.144199207696661
  },
  "by_target_type": {
    "no-target": {
      "num_samples": 4448,
      "mean_precision": 0.34217625899280574,
      "mean_recall": 0.34217625899280574,
      "mean_f1": 0.34217625899280574,
      "exact_set_accuracy": 0.34217625899280574,
      "cardinality_accuracy": 0.34217625899280574,
      "count_class_accuracy": 0.34217625899280574,
      "count_class_evaluated": 4448,
      "micro_precision": 0.0,
      "micro_recall": 0.0,
      "micro_f1": 0.0,
      "total_tp": 0,
      "total_fp": 3359,
      "total_fn": 0
    },
    "single-target": {
      "num_samples": 5917,
      "mean_precision": 0.27919553827953353,
      "mean_recall": 0.3004901132330573,
      "mean_f1": 0.28629372993070923,
      "exact_set_accuracy": 0.2579009633260098,
      "cardinality_accuracy": 0.8137569714382288,
      "count_class_accuracy": 0.8137569714382288,
      "count_class_evaluated": 5917,
      "micro_precision": 0.30253530712948784,
      "micro_recall": 0.3004901132330573,
      "micro_f1": 0.30150924198745127,
      "total_tp": 1778,
      "total_fp": 4099,
      "total_fn": 4139
    },
    "multi-target": {
      "num_samples": 8835,
      "mean_precision": 0.5293152235427278,
      "mean_recall": 0.4066477058752122,
      "mean_f1": 0.4405788740593533,
      "exact_set_accuracy": 0.144199207696661,
      "cardinality_accuracy": 0.5537068477645727,
      "count_class_accuracy": 0.5537068477645727,
      "count_class_evaluated": 8835,
      "micro_precision": 0.5419251550930558,
      "micro_recall": 0.34317576986440246,
      "micro_f1": 0.420235878336437,
      "total_tp": 8124,
      "total_fp": 6867,
      "total_fn": 15549
    }
  },
  "by_count_group": {
    "0": {
      "num_samples": 4448,
      "mean_precision": 0.34217625899280574,
      "mean_recall": 0.34217625899280574,
      "mean_f1": 0.34217625899280574,
      "exact_set_accuracy": 0.34217625899280574,
      "cardinality_accuracy": 0.34217625899280574,
      "count_class_accuracy": 0.34217625899280574,
      "count_class_evaluated": 4448,
      "micro_precision": 0.0,
      "micro_recall": 0.0,
      "micro_f1": 0.0,
      "total_tp": 0,
      "total_fp": 3359,
      "total_fn": 0
    },
    "1": {
      "num_samples": 5917,
      "mean_precision": 0.27919553827953353,
      "mean_recall": 0.3004901132330573,
      "mean_f1": 0.28629372993070923,
      "exact_set_accuracy": 0.2579009633260098,
      "cardinality_accuracy": 0.8137569714382288,
      "count_class_accuracy": 0.8137569714382288,
      "count_class_evaluated": 5917,
      "micro_precision": 0.30253530712948784,
      "micro_recall": 0.3004901132330573,
      "micro_f1": 0.30150924198745127,
      "total_tp": 1778,
      "total_fp": 4099,
      "total_fn": 4139
    },
    "2": {
      "num_samples": 5940,
      "mean_precision": 0.5315656565656566,
      "mean_recall": 0.4882996632996633,
      "mean_f1": 0.5027216610549908,
      "exact_set_accuracy": 0.2144781144781145,
      "cardinality_accuracy": 0.8235690235690236,
      "count_class_accuracy": 0.8235690235690236,
      "count_class_evaluated": 5940,
      "micro_precision": 0.5426059302216818,
      "micro_recall": 0.4882996632996633,
      "micro_f1": 0.51402241814718,
      "total_tp": 5801,
      "total_fp": 4890,
      "total_fn": 6079
    },
    "3+": {
      "num_samples": 2895,
      "mean_precision": 0.5246977547495683,
      "mean_recall": 0.23911311965716195,
      "mean_f1": 0.3130734665449639,
      "exact_set_accuracy": 0.0,
      "cardinality_accuracy": 0.0,
      "count_class_accuracy": 0.0,
      "count_class_evaluated": 2895,
      "micro_precision": 0.5402325581395349,
      "micro_recall": 0.1969812600695328,
      "micro_f1": 0.2886969489840303,
      "total_tp": 2323,
      "total_fp": 1977,
      "total_fn": 9470
    }
  },
  "examples": [
    {
      "sample_id": "0000000",
      "image_id": 839,
      "file_name": "COCO_train2014_000000000839.jpg",
      "target_type": "multi-target",
      "expression": "blue shirt and a frisbee",
      "true_count_class": 2,
      "pred_count_class": 0,
      "gt_candidate_indices": [
        0,
        1
      ],
      "pred_candidate_indices": [],
      "num_predictions": 0,
      "num_targets": 2,
      "precision": 0.0,
      "recall": 0.0,
      "f1": 0.0,
      "exact": 0.0
    },
    {
      "sample_id": "0000001",
      "image_id": 839,
      "file_name": "COCO_train2014_000000000839.jpg",
      "target_type": "multi-target",
      "expression": "blue shirt and frisbee",
      "true_count_class": 2,
      "pred_count_class": 0,
      "gt_candidate_indices": [
        0,
        1
      ],
      "pred_candidate_indices": [],
      "num_predictions": 0,
      "num_targets": 2,
      "precision": 0.0,
      "recall": 0.0,
      "f1": 0.0,
      "exact": 0.0
    },
    {
      "sample_id": "0000002",
      "image_id": 839,
      "file_name": "COCO_train2014_000000000839.jpg",
      "target_type": "multi-target",
      "expression": "blue shirt and white shirt",
      "true_count_class": 2,
      "pred_count_class": 2,
      "gt_candidate_indices": [
        0,
        2
      ],
      "pred_candidate_indices": [
        0,
        2
      ],
      "num_predictions": 2,
      "num_targets": 2,
      "precision": 1.0,
      "recall": 1.0,
      "f1": 1.0,
      "exact": 1.0
    },
    {
      "sample_id": "0000003",
      "image_id": 839,
      "file_name": "COCO_train2014_000000000839.jpg",
      "target_type": "multi-target",
      "expression": "blue cshirt and falling",
      "true_count_class": 2,
      "pred_count_class": 1,
      "gt_candidate_indices": [
        0,
        2
      ],
      "pred_candidate_indices": [
        2
      ],
      "num_predictions": 1,
      "num_targets": 2,
      "precision": 1.0,
      "recall": 0.5,
      "f1": 0.6666666666666666,
      "exact": 0.0
    },
    {
      "sample_id": "0000004",
      "image_id": 839,
      "file_name": "COCO_train2014_000000000839.jpg",
      "target_type": "multi-target",