{
  "feature_file": "cache/features/stage5/clip_detector_testB.pt",
  "checkpoint": "checkpoints/stage5_6/clip_5pct_seed2_hierarchical/selected.pt",
  "clip_model": "ViT-B/32",
  "feature_dim": 512,
  "candidate_feature_dim": 512,
  "text_feature_dim": 512,
  "representation": {
    "name": "clip",
    "model_ids": {
      "clip": "ViT-B/32"
    },
    "candidate_feature_dim": 512,
    "text_feature_dim": 512,
    "component_normalization": {
      "clip_image": "l2",
      "clip_text": "l2"
    },
    "fusion": "none",
    "encoder_parameters": {
      "clip": {
        "total": 151277313,
        "trainable": 0
      }
    }
  },
  "device": "cuda",
  "batch_size": 128,
  "selection_policy": "cardinality-threshold",
  "membership_threshold": 0.8,
  "count_logit_bias": [
    2.5,
    0.0,
    0.0,
    9.5
  ],
  "config": {
    "match_threshold": 0.5,
    "overlap_metric": "giou",
    "prediction_score_threshold": null,
    "image_f1_threshold": 1.0
  },
  "official": {
    "F1_score": 0.2957106393575297,
    "T_acc": 0.8656716417910447,
    "N_acc": 0.6310721164134389
  },
  "diagnostics": {
    "num_samples": 16063,
    "mean_precision": 0.4142024113386862,
    "mean_recall": 0.4186352729495343,
    "mean_f1": 0.4106748664701542,
    "exact_set_accuracy": 0.2957106393575297,
    "cardinality_accuracy": 0.6474506630143809,
    "count_class_accuracy": 0.6968810309406711,
    "count_class_evaluated": 16063,
    "micro_precision": 0.3387874360847334,
    "micro_recall": 0.3262215136453156,
    "micro_f1": 0.3323857528487136,
    "total_tp": 6957,
    "total_fp": 13578,
    "total_fn": 14369,
    "no_target_total": 4673,
    "no_target_accuracy": 0.6310721164134389,
    "false_grounding_rate": 0.3689278835865611,
    "single_target_total": 5646,
    "single_target_localization_accuracy": 0.26496634785688983,
    "single_target_exact_accuracy": 0.19376549769748494,
    "multi_target_total": 5744,
    "multi_target_mean_f1": 0.4040744626468349,
    "multi_target_exact_accuracy": 0.1230849582172702
  },
  "by_target_type": {
    "no-target": {
      "num_samples": 4673,
      "mean_precision": 0.6310721164134389,
      "mean_recall": 0.6310721164134389,
      "mean_f1": 0.6310721164134389,
      "exact_set_accuracy": 0.6310721164134389,
      "cardinality_accuracy": 0.6310721164134389,
      "count_class_accuracy": 0.6310721164134389,
      "count_class_evaluated": 4673,
      "micro_precision": 0.0,
      "micro_recall": 0.0,
      "micro_f1": 0.0,
      "total_tp": 0,
      "total_fp": 2375,
      "total_fn": 0
    },
    "single-target": {
      "num_samples": 5646,
      "mean_precision": 0.2231078049356478,
      "mean_recall": 0.26496634785688983,
      "mean_f1": 0.23497461329554828,
      "exact_set_accuracy": 0.19376549769748494,
      "cardinality_accuracy": 0.6131774707757705,
      "count_class_accuracy": 0.6131774707757705,
      "count_class_evaluated": 5646,
      "micro_precision": 0.27309236947791166,
      "micro_recall": 0.26496634785688983,
      "micro_f1": 0.2689679971233369,
      "total_tp": 1496,
      "total_fp": 3982,
      "total_fn": 4150
    },
    "multi-target": {
      "num_samples": 5744,
      "mean_precision": 0.4256035283194066,
      "mean_recall": 0.39685556918321535,
      "mean_f1": 0.4040744626468349,
      "exact_set_accuracy": 0.1230849582172702,
      "cardinality_accuracy": 0.6944637883008357,
      "count_class_accuracy": 0.8326949860724234,
      "count_class_evaluated": 5744,
      "micro_precision": 0.4306103138306261,
      "micro_recall": 0.3482780612244898,
      "micro_f1": 0.38509272970876524,
      "total_tp": 5461,
      "total_fp": 7221,
      "total_fn": 10219
    }
  },
  "by_count_group": {
    "0": {
      "num_samples": 4673,
      "mean_precision": 0.6310721164134389,
      "mean_recall": 0.6310721164134389,
      "mean_f1": 0.6310721164134389,
      "exact_set_accuracy": 0.6310721164134389,
      "cardinality_accuracy": 0.6310721164134389,
      "count_class_accuracy": 0.6310721164134389,
      "count_class_evaluated": 4673,
      "micro_precision": 0.0,
      "micro_recall": 0.0,
      "micro_f1": 0.0,
      "total_tp": 0,
      "total_fp": 2375,
      "total_fn": 0
    },
    "1": {
      "num_samples": 5646,
      "mean_precision": 0.2231078049356478,
      "mean_recall": 0.26496634785688983,
      "mean_f1": 0.23497461329554828,
      "exact_set_accuracy": 0.19376549769748494,
      "cardinality_accuracy": 0.6131774707757705,
      "count_class_accuracy": 0.6131774707757705,
      "count_class_evaluated": 5646,
      "micro_precision": 0.27309236947791166,
      "micro_recall": 0.26496634785688983,
      "micro_f1": 0.2689679971233369,
      "total_tp": 1496,
      "total_fp": 3982,
      "total_fn": 4150
    },
    "2": {
      "num_samples": 3957,
      "mean_precision": 0.43585207648892255,
      "mean_recall": 0.43353550669699265,
      "mean_f1": 0.4307135034959154,
      "exact_set_accuracy": 0.15567349001769018,
      "cardinality_accuracy": 0.8261309072529694,
      "count_class_accuracy": 0.8258781905483953,
      "count_class_evaluated": 3957,
      "micro_precision": 0.4489074970561298,
      "micro_recall": 0.43353550669699265,
      "micro_f1": 0.44108761329305135,
      "total_tp": 3431,
      "total_fp": 4212,
      "total_fn": 4483
    },
    "3+": {
      "num_samples": 1787,
      "mean_precision": 0.4029099048684956,
      "mean_recall": 0.3156342414036864,
      "mean_f1": 0.3450869502574619,
      "exact_set_accuracy": 0.050923335198656966,
      "cardinality_accuracy": 0.4029099048684947,
      "count_class_accuracy": 0.8477895914941243,
      "count_class_evaluated": 1787,
      "micro_precision": 0.40285770986306807,
      "micro_recall": 0.26139582796806593,
      "micro_f1": 0.3170636470128856,
      "total_tp": 2030,
      "total_fp": 3009,
      "total_fn": 5736
    }
  },
  "examples": [
    {
      "sample_id": "0000000",
      "image_id": 154,
      "file_name": "COCO_train2014_000000000154.jpg",
      "target_type": "multi-target",
      "expression": "three zebras standing on the savannah.",
      "true_count_class": 3,
      "pred_count_class": 3,
      "gt_candidate_indices": [
        0,
        1,
        2,
        3
      ],
      "pred_candidate_indices": [
        0,
        1,
        3
      ],
      "num_predictions": 3,
      "num_targets": 3,
      "precision": 0.6666666666666666,
      "recall": 0.6666666666666666,
      "f1": 0.6666666666666666,
      "exact": 0.0
    },
    {
      "sample_id": "0000001",
      "image_id": 154,
      "file_name": "COCO_train2014_000000000154.jpg",
      "target_type": "multi-target",
      "expression": "a trio of zebras positioned on the grassland.",
      "true_count_class": 3,
      "pred_count_class": 3,
      "gt_candidate_indices": [
        0,
        1,
        2,
        3
      ],
      "pred_candidate_indices": [
        0,
        1,
        3
      ],
      "num_predictions": 3,
      "num_targets": 3,
      "precision": 0.6666666666666666,
      "recall": 0.6666666666666666,
      "f1": 0.6666666666666666,
      "exact": 0.0
    },
    {
      "sample_id": "0000002",
      "image_id": 154,
      "file_name": "COCO_train2014_000000000154.jpg",
      "target_type": "multi-target",
      "expression": "there are three zebras standing in the prairie.",
      "true_count_class": 3,
      "pred_count_class": 3,
      "gt_candidate_indices": [
        0,
        1,
        2,
        3
      ],
      "pred_candidate_indices": [
        0,
        1,
        3
      ],
      "num_predictions": 3,
      "num_targets": 3,
      "precision": 0.6666666666666666,
      "recall": 0.6666666666666666,
      "f1": 0.6666666666666666,
      "exact": 0.0
    },
    {
      "sample_id": "0000003",
      "image_id": 154,
      "file_name": "COCO_train2014_000000000154.jpg",
      "target_type": "multi-target",
      "expression": "three zebras, all stationary on the grassy plain.",
      "true_count_class": 3,