{
  "feature_file": "cache/features/stage5/clip_detector_testA.pt",
  "checkpoint": "checkpoints/stage5_6/clip_5pct_seed2_hierarchical/selected.pt",
  "clip_model": "ViT-B/32",
  "feature_dim": 512,
  "candidate_feature_dim": 512,
  "text_feature_dim": 512,
  "representation": {
    "name": "clip",
    "model_ids": {
      "clip": "ViT-B/32"
    },
    "candidate_feature_dim": 512,
    "text_feature_dim": 512,
    "component_normalization": {
      "clip_image": "l2",
      "clip_text": "l2"
    },
    "fusion": "none",
    "encoder_parameters": {
      "clip": {
        "total": 151277313,
        "trainable": 0
      }
    }
  },
  "device": "cuda",
  "batch_size": 128,
  "selection_policy": "cardinality-threshold",
  "membership_threshold": 0.8,
  "count_logit_bias": [
    2.5,
    0.0,
    0.0,
    9.5
  ],
  "config": {
    "match_threshold": 0.5,
    "overlap_metric": "giou",
    "prediction_score_threshold": null,
    "image_f1_threshold": 1.0
  },
  "official": {
    "F1_score": 0.32140625,
    "T_acc": 0.9040130151843818,
    "N_acc": 0.6214028776978417
  },
  "diagnostics": {
    "num_samples": 19200,
    "mean_precision": 0.4885416666666679,
    "mean_recall": 0.48187727810384123,
    "mean_f1": 0.478612393257613,
    "exact_set_accuracy": 0.32140625,
    "cardinality_accuracy": 0.6869791666666667,
    "count_class_accuracy": 0.7356770833333334,
    "count_class_evaluated": 19200,
    "micro_precision": 0.4600727272727273,
    "micro_recall": 0.4275768840824603,
    "micro_f1": 0.44322998773865824,
    "total_tp": 12652,
    "total_fp": 14848,
    "total_fn": 16938,
    "no_target_total": 4448,
    "no_target_accuracy": 0.6214028776978417,
    "false_grounding_rate": 0.37859712230215825,
    "single_target_total": 5917,
    "single_target_localization_accuracy": 0.344093290518844,
    "single_target_exact_accuracy": 0.2830826432313672,
    "multi_target_total": 8835,
    "multi_target_mean_f1": 0.5140567384130764,
    "multi_target_exact_accuracy": 0.1960384833050368
  },
  "by_target_type": {
    "no-target": {
      "num_samples": 4448,
      "mean_precision": 0.6214028776978417,
      "mean_recall": 0.6214028776978417,
      "mean_f1": 0.6214028776978417,
      "exact_set_accuracy": 0.6214028776978417,
      "cardinality_accuracy": 0.6214028776978417,
      "count_class_accuracy": 0.6214028776978417,
      "count_class_evaluated": 4448,
      "micro_precision": 0.0,
      "micro_recall": 0.0,
      "micro_f1": 0.0,
      "total_tp": 0,
      "total_fp": 2331,
      "total_fn": 0
    },
    "single-target": {
      "num_samples": 5917,
      "mean_precision": 0.308179820855162,
      "mean_recall": 0.344093290518844,
      "mean_f1": 0.3183482620697434,
      "exact_set_accuracy": 0.2830826432313672,
      "cardinality_accuracy": 0.7081291194862261,
      "count_class_accuracy": 0.7081291194862261,
      "count_class_evaluated": 5917,
      "micro_precision": 0.35775786329291864,
      "micro_recall": 0.344093290518844,
      "micro_f1": 0.3507925568573398,
      "total_tp": 2036,
      "total_fp": 3655,
      "total_fn": 3881
    },
    "multi-target": {
      "num_samples": 8835,
      "mean_precision": 0.5424448217317468,
      "mean_recall": 0.5039098743173428,
      "mean_f1": 0.5140567384130764,
      "exact_set_accuracy": 0.1960384833050368,
      "cardinality_accuracy": 0.7058290888511601,
      "count_class_accuracy": 0.8116581777023203,
      "count_class_evaluated": 8835,
      "micro_precision": 0.5450251565869185,
      "micro_recall": 0.4484433743082837,
      "micro_f1": 0.4920395819332113,
      "total_tp": 10616,
      "total_fp": 8862,
      "total_fn": 13057
    }
  },
  "by_count_group": {
    "0": {
      "num_samples": 4448,
      "mean_precision": 0.6214028776978417,
      "mean_recall": 0.6214028776978417,
      "mean_f1": 0.6214028776978417,
      "exact_set_accuracy": 0.6214028776978417,
      "cardinality_accuracy": 0.6214028776978417,
      "count_class_accuracy": 0.6214028776978417,
      "count_class_evaluated": 4448,
      "micro_precision": 0.0,
      "micro_recall": 0.0,
      "micro_f1": 0.0,
      "total_tp": 0,
      "total_fp": 2331,
      "total_fn": 0
    },
    "1": {
      "num_samples": 5917,
      "mean_precision": 0.308179820855162,
      "mean_recall": 0.344093290518844,
      "mean_f1": 0.3183482620697434,
      "exact_set_accuracy": 0.2830826432313672,
      "cardinality_accuracy": 0.7081291194862261,
      "count_class_accuracy": 0.7081291194862261,
      "count_class_evaluated": 5917,
      "micro_precision": 0.35775786329291864,
      "micro_recall": 0.344093290518844,
      "micro_f1": 0.3507925568573398,
      "total_tp": 2036,
      "total_fp": 3655,
      "total_fn": 3881
    },
    "2": {
      "num_samples": 5940,
      "mean_precision": 0.5578002244668919,
      "mean_recall": 0.5574915824915825,
      "mean_f1": 0.5534792368125726,
      "exact_set_accuracy": 0.2569023569023569,
      "cardinality_accuracy": 0.8353535353535354,
      "count_class_accuracy": 0.8353535353535354,
      "count_class_evaluated": 5940,
      "micro_precision": 0.570014631207505,
      "micro_recall": 0.5574915824915825,
      "micro_f1": 0.5636835610025959,
      "total_tp": 6623,
      "total_fp": 4996,
      "total_fn": 5257
    },
    "3+": {
      "num_samples": 2895,
      "mean_precision": 0.5109383995394348,
      "mean_recall": 0.39397020365932234,
      "mean_f1": 0.4331691251166996,
      "exact_set_accuracy": 0.07115716753022452,
      "cardinality_accuracy": 0.4400690846286701,
      "count_class_accuracy": 0.7630397236614853,
      "count_class_evaluated": 2895,
      "micro_precision": 0.5080799083852907,
      "micro_recall": 0.3385906893920122,
      "micro_f1": 0.40637085283940566,
      "total_tp": 3993,
      "total_fp": 3866,
      "total_fn": 7800
    }
  },
  "examples": [
    {
      "sample_id": "0000000",
      "image_id": 839,
      "file_name": "COCO_train2014_000000000839.jpg",
      "target_type": "multi-target",
      "expression": "blue shirt and a frisbee",
      "true_count_class": 2,
      "pred_count_class": 2,
      "gt_candidate_indices": [
        0,
        1
      ],
      "pred_candidate_indices": [
        0,
        2
      ],
      "num_predictions": 2,
      "num_targets": 2,
      "precision": 0.5,
      "recall": 0.5,
      "f1": 0.5,
      "exact": 0.0
    },
    {
      "sample_id": "0000001",
      "image_id": 839,
      "file_name": "COCO_train2014_000000000839.jpg",
      "target_type": "multi-target",
      "expression": "blue shirt and frisbee",
      "true_count_class": 2,
      "pred_count_class": 2,
      "gt_candidate_indices": [
        0,
        1
      ],
      "pred_candidate_indices": [
        0,
        2
      ],
      "num_predictions": 2,
      "num_targets": 2,
      "precision": 0.5,
      "recall": 0.5,
      "f1": 0.5,
      "exact": 0.0
    },
    {
      "sample_id": "0000002",
      "image_id": 839,
      "file_name": "COCO_train2014_000000000839.jpg",
      "target_type": "multi-target",
      "expression": "blue shirt and white shirt",
      "true_count_class": 2,
      "pred_count_class": 2,
      "gt_candidate_indices": [
        0,
        2
      ],
      "pred_candidate_indices": [
        0,
        2
      ],
      "num_predictions": 2,
      "num_targets": 2,
      "precision": 1.0,
      "recall": 1.0,
      "f1": 1.0,
      "exact": 1.0
    },
    {
      "sample_id": "0000003",
      "image_id": 839,
      "file_name": "COCO_train2014_000000000839.jpg",
      "target_type": "multi-target",
      "expression": "blue cshirt and falling",
      "true_count_class": 2,
      "pred_count_class": 3,
      "gt_candidate_indices": [
        0,
        2
      ],
      "pred_candidate_indices": [
        0,
        1,
        2
      ],
      "num_predictions": 3,
      "num_targets": 2,
      "precision": 0.6666666666666666,
      "recall": 1.0,
      "f1": 0.8,
      "exact": 0.0
    },
    {
      "sample_id": "0000004",