{
  "feature_file": "cache/features/stage5/clip_detector_testB.pt",
  "checkpoint": "checkpoints/stage5_6/clip_5pct_seed2_hierarchical/selected.pt",
  "clip_model": "ViT-B/32",
  "feature_dim": 512,
  "candidate_feature_dim": 512,
  "text_feature_dim": 512,
  "representation": {
    "name": "clip",
    "model_ids": {
      "clip": "ViT-B/32"
    },
    "candidate_feature_dim": 512,
    "text_feature_dim": 512,
    "component_normalization": {
      "clip_image": "l2",
      "clip_text": "l2"
    },
    "fusion": "none",
    "encoder_parameters": {
      "clip": {
        "total": 151277313,
        "trainable": 0
      }
    }
  },
  "device": "cuda",
  "batch_size": 128,
  "selection_policy": "cardinality-threshold",
  "membership_threshold": 0.7,
  "count_logit_bias": [
    1.0,
    0.0,
    0.0,
    2.0
  ],
  "config": {
    "match_threshold": 0.5,
    "overlap_metric": "giou",
    "prediction_score_threshold": null,
    "image_f1_threshold": 1.0
  },
  "official": {
    "F1_score": 0.2906679947705908,
    "T_acc": 0.9119402985074627,
    "N_acc": 0.5589557029745346
  },
  "diagnostics": {
    "num_samples": 16063,
    "mean_precision": 0.41017110729648815,
    "mean_recall": 0.39957737690726386,
    "mean_f1": 0.3997050743602924,
    "exact_set_accuracy": 0.2906679947705908,
    "cardinality_accuracy": 0.6744070223494989,
    "count_class_accuracy": 0.7080246529290917,
    "count_class_evaluated": 16063,
    "micro_precision": 0.3473786110969583,
    "micro_recall": 0.31970364812904434,
    "micro_f1": 0.3329670598002588,
    "total_tp": 6818,
    "total_fp": 12809,
    "total_fn": 14508,
    "no_target_total": 4673,
    "no_target_accuracy": 0.5589557029745346,
    "false_grounding_rate": 0.44104429702546544,
    "single_target_total": 5646,
    "single_target_localization_accuracy": 0.28072972015586256,
    "single_target_exact_accuracy": 0.23786751682607155,
    "multi_target_total": 5744,
    "multi_target_mean_f1": 0.4015429333999611,
    "multi_target_exact_accuracy": 0.12430362116991643
  },
  "by_target_type": {
    "no-target": {
      "num_samples": 4673,
      "mean_precision": 0.5589557029745346,
      "mean_recall": 0.5589557029745346,
      "mean_f1": 0.5589557029745346,
      "exact_set_accuracy": 0.5589557029745346,
      "cardinality_accuracy": 0.5589557029745346,
      "count_class_accuracy": 0.5589557029745346,
      "count_class_evaluated": 4673,
      "micro_precision": 0.0,
      "micro_recall": 0.0,
      "micro_f1": 0.0,
      "total_tp": 0,
      "total_fp": 2393,
      "total_fn": 0
    },
    "single-target": {
      "num_samples": 5646,
      "mean_precision": 0.2588853465580352,
      "mean_recall": 0.28072972015586256,
      "mean_f1": 0.26602904711300024,
      "exact_set_accuracy": 0.23786751682607155,
      "cardinality_accuracy": 0.740701381509033,
      "count_class_accuracy": 0.740701381509033,
      "count_class_evaluated": 5646,
      "micro_precision": 0.2944454765000929,
      "micro_recall": 0.28072972015586256,
      "micro_f1": 0.28742406383171637,
      "total_tp": 1585,
      "total_fp": 3798,
      "total_fn": 4061
    },
    "multi-target": {
      "num_samples": 5744,
      "mean_precision": 0.4378328394562731,
      "mean_recall": 0.3867359688825562,
      "mean_f1": 0.4015429333999611,
      "exact_set_accuracy": 0.12430362116991643,
      "cardinality_accuracy": 0.7031685236768802,
      "count_class_accuracy": 0.7971796657381616,
      "count_class_evaluated": 5744,
      "micro_precision": 0.4415661125643406,
      "micro_recall": 0.3337372448979592,
      "micro_f1": 0.3801532817551124,
      "total_tp": 5233,
      "total_fp": 6618,
      "total_fn": 10447
    }
  },
  "by_count_group": {
    "0": {
      "num_samples": 4673,
      "mean_precision": 0.5589557029745346,
      "mean_recall": 0.5589557029745346,
      "mean_f1": 0.5589557029745346,
      "exact_set_accuracy": 0.5589557029745346,
      "cardinality_accuracy": 0.5589557029745346,
      "count_class_accuracy": 0.5589557029745346,
      "count_class_evaluated": 4673,
      "micro_precision": 0.0,
      "micro_recall": 0.0,
      "micro_f1": 0.0,
      "total_tp": 0,
      "total_fp": 2393,
      "total_fn": 0
    },
    "1": {
      "num_samples": 5646,
      "mean_precision": 0.2588853465580352,
      "mean_recall": 0.28072972015586256,
      "mean_f1": 0.26602904711300024,
      "exact_set_accuracy": 0.23786751682607155,
      "cardinality_accuracy": 0.740701381509033,
      "count_class_accuracy": 0.740701381509033,
      "count_class_evaluated": 5646,
      "micro_precision": 0.2944454765000929,
      "micro_recall": 0.28072972015586256,
      "micro_f1": 0.28742406383171637,
      "total_tp": 1585,
      "total_fp": 3798,
      "total_fn": 4061
    },
    "2": {
      "num_samples": 3957,
      "mean_precision": 0.4503411675511751,
      "mean_recall": 0.4323982815264089,
      "mean_f1": 0.4377390278830775,
      "exact_set_accuracy": 0.16325499115491535,
      "cardinality_accuracy": 0.8920899671468284,
      "count_class_accuracy": 0.8918372504422543,
      "count_class_evaluated": 3957,
      "micro_precision": 0.45638837023206186,
      "micro_recall": 0.4323982815264089,
      "micro_f1": 0.44406955618998184,
      "total_tp": 3422,
      "total_fp": 4076,
      "total_fn": 4492
    },
    "3+": {
      "num_samples": 1787,
      "mean_precision": 0.4101353272729889,
      "mean_recall": 0.2856247371356479,
      "mean_f1": 0.3213929916709779,
      "exact_set_accuracy": 0.038052602126468944,
      "cardinality_accuracy": 0.28483491885842194,
      "count_class_accuracy": 0.5875769445998881,
      "count_class_evaluated": 1787,
      "micro_precision": 0.416034918447048,
      "micro_recall": 0.23319598248776718,
      "micro_f1": 0.29886954369172375,
      "total_tp": 1811,
      "total_fp": 2542,
      "total_fn": 5955
    }
  },
  "examples": [
    {
      "sample_id": "0000000",
      "image_id": 154,
      "file_name": "COCO_train2014_000000000154.jpg",
      "target_type": "multi-target",
      "expression": "three zebras standing on the savannah.",
      "true_count_class": 3,
      "pred_count_class": 3,
      "gt_candidate_indices": [
        0,
        1,
        2,
        3
      ],
      "pred_candidate_indices": [
        0,
        1,
        3
      ],
      "num_predictions": 3,
      "num_targets": 3,
      "precision": 0.6666666666666666,
      "recall": 0.6666666666666666,
      "f1": 0.6666666666666666,
      "exact": 0.0
    },
    {
      "sample_id": "0000001",
      "image_id": 154,
      "file_name": "COCO_train2014_000000000154.jpg",
      "target_type": "multi-target",
      "expression": "a trio of zebras positioned on the grassland.",
      "true_count_class": 3,
      "pred_count_class": 3,
      "gt_candidate_indices": [
        0,
        1,
        2,
        3
      ],
      "pred_candidate_indices": [
        0,
        1,
        3
      ],
      "num_predictions": 3,
      "num_targets": 3,
      "precision": 0.6666666666666666,
      "recall": 0.6666666666666666,
      "f1": 0.6666666666666666,
      "exact": 0.0
    },
    {
      "sample_id": "0000002",
      "image_id": 154,
      "file_name": "COCO_train2014_000000000154.jpg",
      "target_type": "multi-target",
      "expression": "there are three zebras standing in the prairie.",
      "true_count_class": 3,
      "pred_count_class": 3,
      "gt_candidate_indices": [
        0,
        1,
        2,
        3
      ],
      "pred_candidate_indices": [
        0,
        1,
        3
      ],
      "num_predictions": 3,
      "num_targets": 3,
      "precision": 0.6666666666666666,
      "recall": 0.6666666666666666,
      "f1": 0.6666666666666666,
      "exact": 0.0
    },
    {
      "sample_id": "0000003",
      "image_id": 154,
      "file_name": "COCO_train2014_000000000154.jpg",
      "target_type": "multi-target",
      "expression": "three zebras, all stationary on the grassy plain.",
      "true_count_class": 3,