{
  "feature_file": "cache/features/stage5/clip_detector_testA.pt",
  "checkpoint": "checkpoints/stage5_6/clip_5pct_seed1_hierarchical/selected.pt",
  "clip_model": "ViT-B/32",
  "feature_dim": 512,
  "candidate_feature_dim": 512,
  "text_feature_dim": 512,
  "representation": {
    "name": "clip",
    "model_ids": {
      "clip": "ViT-B/32"
    },
    "candidate_feature_dim": 512,
    "text_feature_dim": 512,
    "component_normalization": {
      "clip_image": "l2",
      "clip_text": "l2"
    },
    "fusion": "none",
    "encoder_parameters": {
      "clip": {
        "total": 151277313,
        "trainable": 0
      }
    }
  },
  "device": "cuda",
  "batch_size": 128,
  "selection_policy": "cardinality-threshold",
  "membership_threshold": 0.7,
  "count_logit_bias": [
    1.0,
    0.0,
    0.0,
    1.5
  ],
  "config": {
    "match_threshold": 0.5,
    "overlap_metric": "giou",
    "prediction_score_threshold": null,
    "image_f1_threshold": 1.0
  },
  "official": {
    "F1_score": 0.32734375,
    "T_acc": 0.9183839479392625,
    "N_acc": 0.5926258992805755
  },
  "diagnostics": {
    "num_samples": 19200,
    "mean_precision": 0.49797222222222426,
    "mean_recall": 0.47497401715761073,
    "mean_f1": 0.47931359818354147,
    "exact_set_accuracy": 0.32734375,
    "cardinality_accuracy": 0.6990625,
    "count_class_accuracy": 0.7283333333333334,
    "count_class_evaluated": 19200,
    "micro_precision": 0.480423569865583,
    "micro_recall": 0.41551199729638394,
    "micro_f1": 0.4456163241636766,
    "total_tp": 12295,
    "total_fp": 13297,
    "total_fn": 17295,
    "no_target_total": 4448,
    "no_target_accuracy": 0.5926258992805755,
    "false_grounding_rate": 0.4073741007194245,
    "single_target_total": 5917,
    "single_target_localization_accuracy": 0.3699509886766943,
    "single_target_exact_accuracy": 0.3211086699340882,
    "multi_target_total": 8835,
    "multi_target_mean_f1": 0.5065822771315643,
    "multi_target_exact_accuracy": 0.19796264855687606
  },
  "by_target_type": {
    "no-target": {
      "num_samples": 4448,
      "mean_precision": 0.5926258992805755,
      "mean_recall": 0.5926258992805755,
      "mean_f1": 0.5926258992805755,
      "exact_set_accuracy": 0.5926258992805755,
      "cardinality_accuracy": 0.5926258992805755,
      "count_class_accuracy": 0.5926258992805755,
      "count_class_evaluated": 4448,
      "micro_precision": 0.0,
      "micro_recall": 0.0,
      "micro_f1": 0.0,
      "total_tp": 0,
      "total_fp": 2239,
      "total_fn": 0
    },
    "single-target": {
      "num_samples": 5917,
      "mean_precision": 0.3452763224607064,
      "mean_recall": 0.3699509886766943,
      "mean_f1": 0.35341670891780896,
      "exact_set_accuracy": 0.3211086699340882,
      "cardinality_accuracy": 0.7730268717255366,
      "count_class_accuracy": 0.7730268717255366,
      "count_class_evaluated": 5917,
      "micro_precision": 0.39138208474879316,
      "micro_recall": 0.3699509886766943,
      "micro_f1": 0.38036490008688095,
      "total_tp": 2189,
      "total_fp": 3404,
      "total_fn": 3728
    },
    "multi-target": {
      "num_samples": 8835,
      "mean_precision": 0.55258253159781,
      "mean_recall": 0.4860782263074295,
      "mean_f1": 0.5065822771315643,
      "exact_set_accuracy": 0.19796264855687606,
      "cardinality_accuracy": 0.7031126202603283,
      "count_class_accuracy": 0.766723259762309,
      "count_class_evaluated": 8835,
      "micro_precision": 0.5690315315315315,
      "micro_recall": 0.4268998437037976,
      "micro_f1": 0.48782371539594044,
      "total_tp": 10106,
      "total_fp": 7654,
      "total_fn": 13567
    }
  },
  "by_count_group": {
    "0": {
      "num_samples": 4448,
      "mean_precision": 0.5926258992805755,
      "mean_recall": 0.5926258992805755,
      "mean_f1": 0.5926258992805755,
      "exact_set_accuracy": 0.5926258992805755,
      "cardinality_accuracy": 0.5926258992805755,
      "count_class_accuracy": 0.5926258992805755,
      "count_class_evaluated": 4448,
      "micro_precision": 0.0,
      "micro_recall": 0.0,
      "micro_f1": 0.0,
      "total_tp": 0,
      "total_fp": 2239,
      "total_fn": 0
    },
    "1": {
      "num_samples": 5917,
      "mean_precision": 0.3452763224607064,
      "mean_recall": 0.3699509886766943,
      "mean_f1": 0.35341670891780896,
      "exact_set_accuracy": 0.3211086699340882,
      "cardinality_accuracy": 0.7730268717255366,
      "count_class_accuracy": 0.7730268717255366,
      "count_class_evaluated": 5917,
      "micro_precision": 0.39138208474879316,
      "micro_recall": 0.3699509886766943,
      "micro_f1": 0.38036490008688095,
      "total_tp": 2189,
      "total_fp": 3404,
      "total_fn": 3728
    },
    "2": {
      "num_samples": 5940,
      "mean_precision": 0.5663019079685748,
      "mean_recall": 0.5510101010101011,
      "mean_f1": 0.5557631874298528,
      "exact_set_accuracy": 0.26986531986531986,
      "cardinality_accuracy": 0.9094276094276095,
      "count_class_accuracy": 0.9094276094276095,
      "count_class_evaluated": 5940,
      "micro_precision": 0.5834744629646136,
      "micro_recall": 0.5510101010101011,
      "micro_f1": 0.5667777825879908,
      "total_tp": 6546,
      "total_fp": 4673,
      "total_fn": 5334
    },
    "3+": {
      "num_samples": 2895,
      "mean_precision": 0.5244329303396668,
      "mean_recall": 0.3528501310625678,
      "mean_f1": 0.4056722228407655,
      "exact_set_accuracy": 0.05043177892918826,
      "cardinality_accuracy": 0.27979274611398963,
      "count_class_accuracy": 0.47392055267702937,
      "count_class_evaluated": 2895,
      "micro_precision": 0.5442592875707079,
      "micro_recall": 0.30187399304672263,
      "micro_f1": 0.3883495145631068,
      "total_tp": 3560,
      "total_fp": 2981,
      "total_fn": 8233
    }
  },
  "examples": [
    {
      "sample_id": "0000000",
      "image_id": 839,
      "file_name": "COCO_train2014_000000000839.jpg",
      "target_type": "multi-target",
      "expression": "blue shirt and a frisbee",
      "true_count_class": 2,
      "pred_count_class": 2,
      "gt_candidate_indices": [
        0,
        1
      ],
      "pred_candidate_indices": [
        0,
        2
      ],
      "num_predictions": 2,
      "num_targets": 2,
      "precision": 0.5,
      "recall": 0.5,
      "f1": 0.5,
      "exact": 0.0
    },
    {
      "sample_id": "0000001",
      "image_id": 839,
      "file_name": "COCO_train2014_000000000839.jpg",
      "target_type": "multi-target",
      "expression": "blue shirt and frisbee",
      "true_count_class": 2,
      "pred_count_class": 2,
      "gt_candidate_indices": [
        0,
        1
      ],
      "pred_candidate_indices": [
        0,
        2
      ],
      "num_predictions": 2,
      "num_targets": 2,
      "precision": 0.5,
      "recall": 0.5,
      "f1": 0.5,
      "exact": 0.0
    },
    {
      "sample_id": "0000002",
      "image_id": 839,
      "file_name": "COCO_train2014_000000000839.jpg",
      "target_type": "multi-target",
      "expression": "blue shirt and white shirt",
      "true_count_class": 2,
      "pred_count_class": 2,
      "gt_candidate_indices": [
        0,
        2
      ],
      "pred_candidate_indices": [
        0,
        2
      ],
      "num_predictions": 2,
      "num_targets": 2,
      "precision": 1.0,
      "recall": 1.0,
      "f1": 1.0,
      "exact": 1.0
    },
    {
      "sample_id": "0000003",
      "image_id": 839,
      "file_name": "COCO_train2014_000000000839.jpg",
      "target_type": "multi-target",
      "expression": "blue cshirt and falling",
      "true_count_class": 2,
      "pred_count_class": 2,
      "gt_candidate_indices": [
        0,
        2
      ],
      "pred_candidate_indices": [
        0,
        2
      ],
      "num_predictions": 2,
      "num_targets": 2,
      "precision": 1.0,
      "recall": 1.0,
      "f1": 1.0,
      "exact": 1.0
    },
    {
      "sample_id": "0000004",