{
  "feature_file": "cache/features/stage5/clip_detector_testB.pt",
  "checkpoint": "checkpoints/stage5_6/clip_5pct_seed1_hierarchical/selected.pt",
  "clip_model": "ViT-B/32",
  "feature_dim": 512,
  "candidate_feature_dim": 512,
  "text_feature_dim": 512,
  "representation": {
    "name": "clip",
    "model_ids": {
      "clip": "ViT-B/32"
    },
    "candidate_feature_dim": 512,
    "text_feature_dim": 512,
    "component_normalization": {
      "clip_image": "l2",
      "clip_text": "l2"
    },
    "fusion": "none",
    "encoder_parameters": {
      "clip": {
        "total": 151277313,
        "trainable": 0
      }
    }
  },
  "device": "cuda",
  "batch_size": 128,
  "selection_policy": "cardinality-threshold",
  "membership_threshold": 0.7,
  "count_logit_bias": [
    1.0,
    0.0,
    0.0,
    1.5
  ],
  "config": {
    "match_threshold": 0.5,
    "overlap_metric": "giou",
    "prediction_score_threshold": null,
    "image_f1_threshold": 1.0
  },
  "official": {
    "F1_score": 0.2984498537010521,
    "T_acc": 0.8556628621597893,
    "N_acc": 0.6145944789214637
  },
  "diagnostics": {
    "num_samples": 16063,
    "mean_precision": 0.4156074444968176,
    "mean_recall": 0.4020826825128628,
    "mean_f1": 0.40341038167647447,
    "exact_set_accuracy": 0.2984498537010521,
    "cardinality_accuracy": 0.6588433044885762,
    "count_class_accuracy": 0.6861109381809126,
    "count_class_evaluated": 16063,
    "micro_precision": 0.35805374637403536,
    "micro_recall": 0.3067616993341461,
    "micro_f1": 0.33042907290956386,
    "total_tp": 6542,
    "total_fp": 11729,
    "total_fn": 14784,
    "no_target_total": 4673,
    "no_target_accuracy": 0.6145944789214637,
    "false_grounding_rate": 0.38540552107853626,
    "single_target_total": 5646,
    "single_target_localization_accuracy": 0.24566064470421536,
    "single_target_exact_accuracy": 0.21076868579525326,
    "multi_target_total": 5744,
    "multi_target_mean_f1": 0.39844143933423903,
    "multi_target_exact_accuracy": 0.12743732590529247
  },
  "by_target_type": {
    "no-target": {
      "num_samples": 4673,
      "mean_precision": 0.6145944789214637,
      "mean_recall": 0.6145944789214637,
      "mean_f1": 0.6145944789214637,
      "exact_set_accuracy": 0.6145944789214637,
      "cardinality_accuracy": 0.6145944789214637,
      "count_class_accuracy": 0.6145944789214637,
      "count_class_evaluated": 4673,
      "micro_precision": 0.0,
      "micro_recall": 0.0,
      "micro_f1": 0.0,
      "total_tp": 0,
      "total_fp": 2105,
      "total_fn": 0
    },
    "single-target": {
      "num_samples": 5646,
      "mean_precision": 0.22786043216436416,
      "mean_recall": 0.24566064470421536,
      "mean_f1": 0.23367575864919096,
      "exact_set_accuracy": 0.21076868579525326,
      "cardinality_accuracy": 0.6629472192702799,
      "count_class_accuracy": 0.6629472192702799,
      "count_class_evaluated": 5646,
      "micro_precision": 0.2908976510067114,
      "micro_recall": 0.24566064470421536,
      "micro_f1": 0.26637219128096795,
      "total_tp": 1387,
      "total_fp": 3381,
      "total_fn": 4259
    },
    "multi-target": {
      "num_samples": 5744,
      "mean_precision": 0.4382664312243001,
      "mean_recall": 0.3829481422709137,
      "mean_f1": 0.39844143933423903,
      "exact_set_accuracy": 0.12743732590529247,
      "cardinality_accuracy": 0.6908077994428969,
      "count_class_accuracy": 0.7670612813370473,
      "count_class_evaluated": 5744,
      "micro_precision": 0.4522723284786805,
      "micro_recall": 0.32876275510204084,
      "micro_f1": 0.3807519019129921,
      "total_tp": 5155,
      "total_fp": 6243,
      "total_fn": 10525
    }
  },
  "by_count_group": {
    "0": {
      "num_samples": 4673,
      "mean_precision": 0.6145944789214637,
      "mean_recall": 0.6145944789214637,
      "mean_f1": 0.6145944789214637,
      "exact_set_accuracy": 0.6145944789214637,
      "cardinality_accuracy": 0.6145944789214637,
      "count_class_accuracy": 0.6145944789214637,
      "count_class_evaluated": 4673,
      "micro_precision": 0.0,
      "micro_recall": 0.0,
      "micro_f1": 0.0,
      "total_tp": 0,
      "total_fp": 2105,
      "total_fn": 0
    },
    "1": {
      "num_samples": 5646,
      "mean_precision": 0.22786043216436416,
      "mean_recall": 0.24566064470421536,
      "mean_f1": 0.23367575864919096,
      "exact_set_accuracy": 0.21076868579525326,
      "cardinality_accuracy": 0.6629472192702799,
      "count_class_accuracy": 0.6629472192702799,
      "count_class_evaluated": 5646,
      "micro_precision": 0.2908976510067114,
      "micro_recall": 0.24566064470421536,
      "micro_f1": 0.26637219128096795,
      "total_tp": 1387,
      "total_fp": 3381,
      "total_fn": 4259
    },
    "2": {
      "num_samples": 3957,
      "mean_precision": 0.4476455227023841,
      "mean_recall": 0.43340914834470556,
      "mean_f1": 0.4376042456406377,
      "exact_set_accuracy": 0.16906747536012132,
      "cardinality_accuracy": 0.8905736669193833,
      "count_class_accuracy": 0.8903209502148092,
      "count_class_evaluated": 3957,
      "micro_precision": 0.46420354581134116,
      "micro_recall": 0.43340914834470556,
      "micro_f1": 0.44827811540220874,
      "total_tp": 3430,
      "total_fp": 3959,
      "total_fn": 4484
    },
    "3+": {
      "num_samples": 1787,
      "mean_precision": 0.41749806805766465,
      "mean_recall": 0.27121104040521976,
      "mean_f1": 0.31172223141346384,
      "exact_set_accuracy": 0.035254616675993285,
      "cardinality_accuracy": 0.2484611080022384,
      "count_class_accuracy": 0.4941242305540011,
      "count_class_evaluated": 1787,
      "micro_precision": 0.4302818658019456,
      "micro_recall": 0.2221220705639969,
      "micro_f1": 0.2929936305732484,
      "total_tp": 1725,
      "total_fp": 2284,
      "total_fn": 6041
    }
  },
  "examples": [
    {
      "sample_id": "0000000",
      "image_id": 154,
      "file_name": "COCO_train2014_000000000154.jpg",
      "target_type": "multi-target",
      "expression": "three zebras standing on the savannah.",
      "true_count_class": 3,
      "pred_count_class": 3,
      "gt_candidate_indices": [
        0,
        1,
        2,
        3
      ],
      "pred_candidate_indices": [
        0,
        1,
        3
      ],
      "num_predictions": 3,
      "num_targets": 3,
      "precision": 0.6666666666666666,
      "recall": 0.6666666666666666,
      "f1": 0.6666666666666666,
      "exact": 0.0
    },
    {
      "sample_id": "0000001",
      "image_id": 154,
      "file_name": "COCO_train2014_000000000154.jpg",
      "target_type": "multi-target",
      "expression": "a trio of zebras positioned on the grassland.",
      "true_count_class": 3,
      "pred_count_class": 3,
      "gt_candidate_indices": [
        0,
        1,
        2,
        3
      ],
      "pred_candidate_indices": [
        0,
        1,
        3
      ],
      "num_predictions": 3,
      "num_targets": 3,
      "precision": 0.6666666666666666,
      "recall": 0.6666666666666666,
      "f1": 0.6666666666666666,
      "exact": 0.0
    },
    {
      "sample_id": "0000002",
      "image_id": 154,
      "file_name": "COCO_train2014_000000000154.jpg",
      "target_type": "multi-target",
      "expression": "there are three zebras standing in the prairie.",
      "true_count_class": 3,
      "pred_count_class": 3,
      "gt_candidate_indices": [
        0,
        1,
        2,
        3
      ],
      "pred_candidate_indices": [
        0,
        1,
        3
      ],
      "num_predictions": 3,
      "num_targets": 3,
      "precision": 0.6666666666666666,
      "recall": 0.6666666666666666,
      "f1": 0.6666666666666666,
      "exact": 0.0
    },
    {
      "sample_id": "0000003",
      "image_id": 154,
      "file_name": "COCO_train2014_000000000154.jpg",
      "target_type": "multi-target",
      "expression": "three zebras, all stationary on the grassy plain.",