{
  "feature_file": "cache/features/stage5/clip_detector_testA.pt",
  "checkpoint": "checkpoints/stage5_6/clip_5pct_seed1_hierarchical/selected.pt",
  "clip_model": "ViT-B/32",
  "feature_dim": 512,
  "candidate_feature_dim": 512,
  "text_feature_dim": 512,
  "representation": {
    "name": "clip",
    "model_ids": {
      "clip": "ViT-B/32"
    },
    "candidate_feature_dim": 512,
    "text_feature_dim": 512,
    "component_normalization": {
      "clip_image": "l2",
      "clip_text": "l2"
    },
    "fusion": "none",
    "encoder_parameters": {
      "clip": {
        "total": 151277313,
        "trainable": 0
      }
    }
  },
  "device": "cuda",
  "batch_size": 128,
  "selection_policy": "cardinality-threshold",
  "membership_threshold": 0.9,
  "count_logit_bias": [
    2.0,
    0.0,
    0.0,
    7.5
  ],
  "config": {
    "match_threshold": 0.5,
    "overlap_metric": "giou",
    "prediction_score_threshold": null,
    "image_f1_threshold": 1.0
  },
  "official": {
    "F1_score": 0.3283333333333333,
    "T_acc": 0.8895065075921909,
    "N_acc": 0.6447841726618705
  },
  "diagnostics": {
    "num_samples": 19200,
    "mean_precision": 0.4954166666666692,
    "mean_recall": 0.48522050258769117,
    "mean_f1": 0.48413129475882094,
    "exact_set_accuracy": 0.3283333333333333,
    "cardinality_accuracy": 0.6936979166666667,
    "count_class_accuracy": 0.7378125,
    "count_class_evaluated": 19200,
    "micro_precision": 0.4758141125508227,
    "micro_recall": 0.42318350794187226,
    "micro_f1": 0.44795821632353733,
    "total_tp": 12522,
    "total_fp": 13795,
    "total_fn": 17068,
    "no_target_total": 4448,
    "no_target_accuracy": 0.6447841726618705,
    "false_grounding_rate": 0.3552158273381295,
    "single_target_total": 5917,
    "single_target_localization_accuracy": 0.3467973635288153,
    "single_target_exact_accuracy": 0.29068784857191143,
    "multi_target_total": 8835,
    "multi_target_mean_f1": 0.5091666696135881,
    "multi_target_exact_accuracy": 0.19422750424448218
  },
  "by_target_type": {
    "no-target": {
      "num_samples": 4448,
      "mean_precision": 0.6447841726618705,
      "mean_recall": 0.6447841726618705,
      "mean_f1": 0.6447841726618705,
      "exact_set_accuracy": 0.6447841726618705,
      "cardinality_accuracy": 0.6447841726618705,
      "count_class_accuracy": 0.6447841726618705,
      "count_class_evaluated": 4448,
      "micro_precision": 0.0,
      "micro_recall": 0.0,
      "micro_f1": 0.0,
      "total_tp": 0,
      "total_fp": 2076,
      "total_fn": 0
    },
    "single-target": {
      "num_samples": 5917,
      "mean_precision": 0.31663004901132275,
      "mean_recall": 0.3467973635288153,
      "mean_f1": 0.3259816348374752,
      "exact_set_accuracy": 0.29068784857191143,
      "cardinality_accuracy": 0.7005239141456819,
      "count_class_accuracy": 0.7005239141456819,
      "count_class_evaluated": 5917,
      "micro_precision": 0.38391019644527596,
      "micro_recall": 0.3467973635288153,
      "micro_f1": 0.364411294619073,
      "total_tp": 2052,
      "total_fp": 3293,
      "total_fn": 3865
    },
    "multi-target": {
      "num_samples": 8835,
      "mean_precision": 0.5399547255234834,
      "mean_recall": 0.4975929428051651,
      "mean_f1": 0.5091666696135881,
      "exact_set_accuracy": 0.19422750424448218,
      "cardinality_accuracy": 0.7137521222410866,
      "count_class_accuracy": 0.8096208262591964,
      "count_class_evaluated": 8835,
      "micro_precision": 0.5540855207451313,
      "micro_recall": 0.44227601064503863,
      "micro_f1": 0.4919072564542273,
      "total_tp": 10470,
      "total_fp": 8426,
      "total_fn": 13203
    }
  },
  "by_count_group": {
    "0": {
      "num_samples": 4448,
      "mean_precision": 0.6447841726618705,
      "mean_recall": 0.6447841726618705,
      "mean_f1": 0.6447841726618705,
      "exact_set_accuracy": 0.6447841726618705,
      "cardinality_accuracy": 0.6447841726618705,
      "count_class_accuracy": 0.6447841726618705,
      "count_class_evaluated": 4448,
      "micro_precision": 0.0,
      "micro_recall": 0.0,
      "micro_f1": 0.0,
      "total_tp": 0,
      "total_fp": 2076,
      "total_fn": 0
    },
    "1": {
      "num_samples": 5917,
      "mean_precision": 0.31663004901132275,
      "mean_recall": 0.3467973635288153,
      "mean_f1": 0.3259816348374752,
      "exact_set_accuracy": 0.29068784857191143,
      "cardinality_accuracy": 0.7005239141456819,
      "count_class_accuracy": 0.7005239141456819,
      "count_class_evaluated": 5917,
      "micro_precision": 0.38391019644527596,
      "micro_recall": 0.3467973635288153,
      "micro_f1": 0.364411294619073,
      "total_tp": 2052,
      "total_fp": 3293,
      "total_fn": 3865
    },
    "2": {
      "num_samples": 5940,
      "mean_precision": 0.5548540965207632,
      "mean_recall": 0.5521043771043771,
      "mean_f1": 0.5499158249158262,
      "exact_set_accuracy": 0.2563973063973064,
      "cardinality_accuracy": 0.8570707070707071,
      "count_class_accuracy": 0.8570707070707071,
      "count_class_evaluated": 5940,
      "micro_precision": 0.5750986409469531,
      "micro_recall": 0.5521043771043771,
      "micro_f1": 0.563366974447069,
      "total_tp": 6559,
      "total_fp": 4846,
      "total_fn": 5321
    },
    "3+": {
      "num_samples": 2895,
      "mean_precision": 0.509383995394358,
      "mean_recall": 0.3857456475591185,
      "mean_f1": 0.4255570038121067,
      "exact_set_accuracy": 0.06666666666666667,
      "cardinality_accuracy": 0.41968911917098445,
      "count_class_accuracy": 0.7122625215889464,
      "count_class_evaluated": 2895,
      "micro_precision": 0.5220931784808437,
      "micro_recall": 0.3316374120240821,
      "micro_f1": 0.4056212404065547,
      "total_tp": 3911,
      "total_fp": 3580,
      "total_fn": 7882
    }
  },
  "examples": [
    {
      "sample_id": "0000000",
      "image_id": 839,
      "file_name": "COCO_train2014_000000000839.jpg",
      "target_type": "multi-target",
      "expression": "blue shirt and a frisbee",
      "true_count_class": 2,
      "pred_count_class": 2,
      "gt_candidate_indices": [
        0,
        1
      ],
      "pred_candidate_indices": [
        0,
        2
      ],
      "num_predictions": 2,
      "num_targets": 2,
      "precision": 0.5,
      "recall": 0.5,
      "f1": 0.5,
      "exact": 0.0
    },
    {
      "sample_id": "0000001",
      "image_id": 839,
      "file_name": "COCO_train2014_000000000839.jpg",
      "target_type": "multi-target",
      "expression": "blue shirt and frisbee",
      "true_count_class": 2,
      "pred_count_class": 2,
      "gt_candidate_indices": [
        0,
        1
      ],
      "pred_candidate_indices": [
        0,
        2
      ],
      "num_predictions": 2,
      "num_targets": 2,
      "precision": 0.5,
      "recall": 0.5,
      "f1": 0.5,
      "exact": 0.0
    },
    {
      "sample_id": "0000002",
      "image_id": 839,
      "file_name": "COCO_train2014_000000000839.jpg",
      "target_type": "multi-target",
      "expression": "blue shirt and white shirt",
      "true_count_class": 2,
      "pred_count_class": 2,
      "gt_candidate_indices": [
        0,
        2
      ],
      "pred_candidate_indices": [
        0,
        2
      ],
      "num_predictions": 2,
      "num_targets": 2,
      "precision": 1.0,
      "recall": 1.0,
      "f1": 1.0,
      "exact": 1.0
    },
    {
      "sample_id": "0000003",
      "image_id": 839,
      "file_name": "COCO_train2014_000000000839.jpg",
      "target_type": "multi-target",
      "expression": "blue cshirt and falling",
      "true_count_class": 2,
      "pred_count_class": 2,
      "gt_candidate_indices": [
        0,
        2
      ],
      "pred_candidate_indices": [
        0,
        2
      ],
      "num_predictions": 2,
      "num_targets": 2,
      "precision": 1.0,
      "recall": 1.0,
      "f1": 1.0,
      "exact": 1.0
    },
    {
      "sample_id": "0000004",