{
  "feature_file": "cache/features/stage5/clip_detector_testB.pt",
  "checkpoint": "checkpoints/stage5_6/clip_5pct_seed1_hierarchical/selected.pt",
  "clip_model": "ViT-B/32",
  "feature_dim": 512,
  "candidate_feature_dim": 512,
  "text_feature_dim": 512,
  "representation": {
    "name": "clip",
    "model_ids": {
      "clip": "ViT-B/32"
    },
    "candidate_feature_dim": 512,
    "text_feature_dim": 512,
    "component_normalization": {
      "clip_image": "l2",
      "clip_text": "l2"
    },
    "fusion": "none",
    "encoder_parameters": {
      "clip": {
        "total": 151277313,
        "trainable": 0
      }
    }
  },
  "device": "cuda",
  "batch_size": 128,
  "selection_policy": "cardinality-threshold",
  "membership_threshold": 0.9,
  "count_logit_bias": [
    2.0,
    0.0,
    0.0,
    7.5
  ],
  "config": {
    "match_threshold": 0.5,
    "overlap_metric": "giou",
    "prediction_score_threshold": null,
    "image_f1_threshold": 1.0
  },
  "official": {
    "F1_score": 0.30710328083172506,
    "T_acc": 0.8134328358208955,
    "N_acc": 0.6770811042157072
  },
  "diagnostics": {
    "num_samples": 16063,
    "mean_precision": 0.42040714685924147,
    "mean_recall": 0.4165882328881139,
    "mean_f1": 0.4141211958909563,
    "exact_set_accuracy": 0.30710328083172506,
    "cardinality_accuracy": 0.6473884081429372,
    "count_class_accuracy": 0.6902820145676399,
    "count_class_evaluated": 16063,
    "micro_precision": 0.35730820995962315,
    "micro_recall": 0.31121635562224514,
    "micro_f1": 0.3326733665822912,
    "total_tp": 6637,
    "total_fp": 11938,
    "total_fn": 14689,
    "no_target_total": 4673,
    "no_target_accuracy": 0.6770811042157072,
    "false_grounding_rate": 0.3229188957842927,
    "single_target_total": 5646,
    "single_target_localization_accuracy": 0.22600070846617074,
    "single_target_exact_accuracy": 0.18473255402054553,
    "multi_target_total": 5744,
    "multi_target_mean_f1": 0.40050988328628495,
    "multi_target_exact_accuracy": 0.12639275766016714
  },
  "by_target_type": {
    "no-target": {
      "num_samples": 4673,
      "mean_precision": 0.6770811042157072,
      "mean_recall": 0.6770811042157072,
      "mean_f1": 0.6770811042157072,
      "exact_set_accuracy": 0.6770811042157072,
      "cardinality_accuracy": 0.6770811042157072,
      "count_class_accuracy": 0.6770811042157072,
      "count_class_evaluated": 4673,
      "micro_precision": 0.0,
      "micro_recall": 0.0,
      "micro_f1": 0.0,
      "total_tp": 0,
      "total_fp": 1900,
      "total_fn": 0
    },
    "single-target": {
      "num_samples": 5646,
      "mean_precision": 0.20344786869760323,
      "mean_recall": 0.22600070846617074,
      "mean_f1": 0.2103258944385404,
      "exact_set_accuracy": 0.18473255402054553,
      "cardinality_accuracy": 0.575628763726532,
      "count_class_accuracy": 0.575628763726532,
      "count_class_evaluated": 5646,
      "micro_precision": 0.28292682926829266,
      "micro_recall": 0.22600070846617074,
      "micro_f1": 0.2512800315084679,
      "total_tp": 1276,
      "total_fp": 3234,
      "total_fn": 4370
    },
    "multi-target": {
      "num_samples": 5744,
      "mean_precision": 0.42484911792014857,
      "mean_recall": 0.39200152940142413,
      "mean_f1": 0.40050988328628495,
      "exact_set_accuracy": 0.12639275766016714,
      "cardinality_accuracy": 0.6937674094707521,
      "count_class_accuracy": 0.8137186629526463,
      "count_class_evaluated": 5744,
      "micro_precision": 0.4406905055487053,
      "micro_recall": 0.34190051020408163,
      "micro_f1": 0.3850601544262884,
      "total_tp": 5361,
      "total_fp": 6804,
      "total_fn": 10319
    }
  },
  "by_count_group": {
    "0": {
      "num_samples": 4673,
      "mean_precision": 0.6770811042157072,
      "mean_recall": 0.6770811042157072,
      "mean_f1": 0.6770811042157072,
      "exact_set_accuracy": 0.6770811042157072,
      "cardinality_accuracy": 0.6770811042157072,
      "count_class_accuracy": 0.6770811042157072,
      "count_class_evaluated": 4673,
      "micro_precision": 0.0,
      "micro_recall": 0.0,
      "micro_f1": 0.0,
      "total_tp": 0,
      "total_fp": 1900,
      "total_fn": 0
    },
    "1": {
      "num_samples": 5646,
      "mean_precision": 0.20344786869760323,
      "mean_recall": 0.22600070846617074,
      "mean_f1": 0.2103258944385404,
      "exact_set_accuracy": 0.18473255402054553,
      "cardinality_accuracy": 0.575628763726532,
      "count_class_accuracy": 0.575628763726532,
      "count_class_evaluated": 5646,
      "micro_precision": 0.28292682926829266,
      "micro_recall": 0.22600070846617074,
      "micro_f1": 0.2512800315084679,
      "total_tp": 1276,
      "total_fp": 3234,
      "total_fn": 4370
    },
    "2": {
      "num_samples": 3957,
      "mean_precision": 0.43694718220874407,
      "mean_recall": 0.4342936568107152,
      "mean_f1": 0.43244882486732433,
      "exact_set_accuracy": 0.162749557745767,
      "cardinality_accuracy": 0.8430629264594389,
      "count_class_accuracy": 0.8425574930502906,
      "count_class_evaluated": 3957,
      "micro_precision": 0.45979933110367893,
      "micro_recall": 0.4342936568107152,
      "micro_f1": 0.44668269543180195,
      "total_tp": 3437,
      "total_fp": 4038,
      "total_fn": 4477
    },
    "3+": {
      "num_samples": 1787,
      "mean_precision": 0.3980600634210032,
      "mean_recall": 0.29835298538432165,
      "mean_f1": 0.3297866645754977,
      "exact_set_accuracy": 0.04588696138780078,
      "cardinality_accuracy": 0.36317851147174035,
      "count_class_accuracy": 0.7498601007274762,
      "count_class_evaluated": 1787,
      "micro_precision": 0.4102345415778252,
      "micro_recall": 0.24774658768993046,
      "micro_f1": 0.30892742453436095,
      "total_tp": 1924,
      "total_fp": 2766,
      "total_fn": 5842
    }
  },
  "examples": [
    {
      "sample_id": "0000000",
      "image_id": 154,
      "file_name": "COCO_train2014_000000000154.jpg",
      "target_type": "multi-target",
      "expression": "three zebras standing on the savannah.",
      "true_count_class": 3,
      "pred_count_class": 3,
      "gt_candidate_indices": [
        0,
        1,
        2,
        3
      ],
      "pred_candidate_indices": [
        0,
        1,
        3
      ],
      "num_predictions": 3,
      "num_targets": 3,
      "precision": 0.6666666666666666,
      "recall": 0.6666666666666666,
      "f1": 0.6666666666666666,
      "exact": 0.0
    },
    {
      "sample_id": "0000001",
      "image_id": 154,
      "file_name": "COCO_train2014_000000000154.jpg",
      "target_type": "multi-target",
      "expression": "a trio of zebras positioned on the grassland.",
      "true_count_class": 3,
      "pred_count_class": 3,
      "gt_candidate_indices": [
        0,
        1,
        2,
        3
      ],
      "pred_candidate_indices": [
        0,
        1,
        3
      ],
      "num_predictions": 3,
      "num_targets": 3,
      "precision": 0.6666666666666666,
      "recall": 0.6666666666666666,
      "f1": 0.6666666666666666,
      "exact": 0.0
    },
    {
      "sample_id": "0000002",
      "image_id": 154,
      "file_name": "COCO_train2014_000000000154.jpg",
      "target_type": "multi-target",
      "expression": "there are three zebras standing in the prairie.",
      "true_count_class": 3,
      "pred_count_class": 3,
      "gt_candidate_indices": [
        0,
        1,
        2,
        3
      ],
      "pred_candidate_indices": [
        0,
        1,
        3
      ],
      "num_predictions": 3,
      "num_targets": 3,
      "precision": 0.6666666666666666,
      "recall": 0.6666666666666666,
      "f1": 0.6666666666666666,
      "exact": 0.0
    },
    {
      "sample_id": "0000003",
      "image_id": 154,
      "file_name": "COCO_train2014_000000000154.jpg",
      "target_type": "multi-target",
      "expression": "three zebras, all stationary on the grassy plain.",