{
  "feature_file": "cache/features/stage5/clip_detector_testB.pt",
  "checkpoint": "checkpoints/stage5_6/clip_1pct_seed0_hierarchical/selected.pt",
  "clip_model": "ViT-B/32",
  "feature_dim": 512,
  "candidate_feature_dim": 512,
  "text_feature_dim": 512,
  "representation": {
    "name": "clip",
    "model_ids": {
      "clip": "ViT-B/32"
    },
    "candidate_feature_dim": 512,
    "text_feature_dim": 512,
    "component_normalization": {
      "clip_image": "l2",
      "clip_text": "l2"
    },
    "fusion": "none",
    "encoder_parameters": {
      "clip": {
        "total": 151277313,
        "trainable": 0
      }
    }
  },
  "device": "cuda",
  "batch_size": 128,
  "selection_policy": "cardinality-threshold",
  "membership_threshold": 0.8,
  "count_logit_bias": [
    2.5,
    0.0,
    0.0,
    6.0
  ],
  "config": {
    "match_threshold": 0.5,
    "overlap_metric": "giou",
    "prediction_score_threshold": null,
    "image_f1_threshold": 1.0
  },
  "official": {
    "F1_score": 0.27790574612463426,
    "T_acc": 0.5382791922739245,
    "N_acc": 0.8478493473143591
  },
  "diagnostics": {
    "num_samples": 16063,
    "mean_precision": 0.3709352756853206,
    "mean_recall": 0.38752479250673844,
    "mean_f1": 0.3734223703701423,
    "exact_set_accuracy": 0.27790574612463426,
    "cardinality_accuracy": 0.4501027205378821,
    "count_class_accuracy": 0.49523750233455766,
    "count_class_evaluated": 16063,
    "micro_precision": 0.2799643811219947,
    "micro_recall": 0.22113851636500048,
    "micro_f1": 0.24709858269366797,
    "total_tp": 4716,
    "total_fp": 12129,
    "total_fn": 16610,
    "no_target_total": 4673,
    "no_target_accuracy": 0.8478493473143591,
    "false_grounding_rate": 0.1521506526856409,
    "single_target_total": 5646,
    "single_target_localization_accuracy": 0.09032943676939426,
    "single_target_exact_accuracy": 0.0038965639390719092,
    "multi_target_total": 5744,
    "multi_target_mean_f1": 0.3027420267970514,
    "multi_target_exact_accuracy": 0.08356545961002786
  },
  "by_target_type": {
    "no-target": {
      "num_samples": 4673,
      "mean_precision": 0.8478493473143591,
      "mean_recall": 0.8478493473143591,
      "mean_f1": 0.8478493473143591,
      "exact_set_accuracy": 0.8478493473143591,
      "cardinality_accuracy": 0.8478493473143591,
      "count_class_accuracy": 0.8478493473143591,
      "count_class_evaluated": 4673,
      "micro_precision": 0.0,
      "micro_recall": 0.0,
      "micro_f1": 0.0,
      "total_tp": 0,
      "total_fp": 1841,
      "total_fn": 0
    },
    "single-target": {
      "num_samples": 5646,
      "mean_precision": 0.03825717321997896,
      "mean_recall": 0.09032943676939426,
      "mean_f1": 0.05266265202503244,
      "exact_set_accuracy": 0.0038965639390719092,
      "cardinality_accuracy": 0.012929507616011335,
      "count_class_accuracy": 0.012929507616011335,
      "count_class_evaluated": 5646,
      "micro_precision": 0.14973576042278333,
      "micro_recall": 0.09032943676939426,
      "micro_f1": 0.11268228015908087,
      "total_tp": 510,
      "total_fp": 2896,
      "total_fn": 5136
    },
    "multi-target": {
      "num_samples": 5744,
      "mean_precision": 0.3099466109563594,
      "mean_recall": 0.305155073474189,
      "mean_f1": 0.3027420267970514,
      "exact_set_accuracy": 0.08356545961002786,
      "cardinality_accuracy": 0.5562325905292479,
      "count_class_accuracy": 0.6824512534818942,
      "count_class_evaluated": 5744,
      "micro_precision": 0.3626487325400931,
      "micro_recall": 0.26823979591836733,
      "micro_f1": 0.30838037979323996,
      "total_tp": 4206,
      "total_fp": 7392,
      "total_fn": 11474
    }
  },
  "by_count_group": {
    "0": {
      "num_samples": 4673,
      "mean_precision": 0.8478493473143591,
      "mean_recall": 0.8478493473143591,
      "mean_f1": 0.8478493473143591,
      "exact_set_accuracy": 0.8478493473143591,
      "cardinality_accuracy": 0.8478493473143591,
      "count_class_accuracy": 0.8478493473143591,
      "count_class_evaluated": 4673,
      "micro_precision": 0.0,
      "micro_recall": 0.0,
      "micro_f1": 0.0,
      "total_tp": 0,
      "total_fp": 1841,
      "total_fn": 0
    },
    "1": {
      "num_samples": 5646,
      "mean_precision": 0.03825717321997896,
      "mean_recall": 0.09032943676939426,
      "mean_f1": 0.05266265202503244,
      "exact_set_accuracy": 0.0038965639390719092,
      "cardinality_accuracy": 0.012929507616011335,
      "count_class_accuracy": 0.012929507616011335,
      "count_class_evaluated": 5646,
      "micro_precision": 0.14973576042278333,
      "micro_recall": 0.09032943676939426,
      "micro_f1": 0.11268228015908087,
      "total_tp": 510,
      "total_fp": 2896,
      "total_fn": 5136
    },
    "2": {
      "num_samples": 3957,
      "mean_precision": 0.3060820486900851,
      "mean_recall": 0.32954258276472076,
      "mean_f1": 0.31546626231993885,
      "exact_set_accuracy": 0.10841546626231995,
      "cardinality_accuracy": 0.6330553449583017,
      "count_class_accuracy": 0.6328026282537276,
      "count_class_evaluated": 3957,
      "micro_precision": 0.37775202780996525,
      "micro_recall": 0.32954258276472076,
      "micro_f1": 0.3520043190713997,
      "total_tp": 2608,
      "total_fp": 4296,
      "total_fn": 5306
    },
    "3+": {
      "num_samples": 1787,
      "mean_precision": 0.318504010445812,
      "mean_recall": 0.2511531852466375,
      "mean_f1": 0.2745664252502851,
      "exact_set_accuracy": 0.028539451594851706,
      "cardinality_accuracy": 0.38612199216564075,
      "count_class_accuracy": 0.7923894795747062,
      "count_class_evaluated": 1787,
      "micro_precision": 0.34043459735832976,
      "micro_recall": 0.205768735513778,
      "micro_f1": 0.2565008025682183,
      "total_tp": 1598,
      "total_fp": 3096,
      "total_fn": 6168
    }
  },
  "examples": [
    {
      "sample_id": "0000000",
      "image_id": 154,
      "file_name": "COCO_train2014_000000000154.jpg",
      "target_type": "multi-target",
      "expression": "three zebras standing on the savannah.",
      "true_count_class": 3,
      "pred_count_class": 2,
      "gt_candidate_indices": [
        0,
        1,
        2,
        3
      ],
      "pred_candidate_indices": [
        0,
        1
      ],
      "num_predictions": 2,
      "num_targets": 3,
      "precision": 1.0,
      "recall": 0.6666666666666666,
      "f1": 0.8,
      "exact": 0.0
    },
    {
      "sample_id": "0000001",
      "image_id": 154,
      "file_name": "COCO_train2014_000000000154.jpg",
      "target_type": "multi-target",
      "expression": "a trio of zebras positioned on the grassland.",
      "true_count_class": 3,
      "pred_count_class": 2,
      "gt_candidate_indices": [
        0,
        1,
        2,
        3
      ],
      "pred_candidate_indices": [
        1,
        3
      ],
      "num_predictions": 2,
      "num_targets": 3,
      "precision": 0.5,
      "recall": 0.3333333333333333,
      "f1": 0.4,
      "exact": 0.0
    },
    {
      "sample_id": "0000002",
      "image_id": 154,
      "file_name": "COCO_train2014_000000000154.jpg",
      "target_type": "multi-target",
      "expression": "there are three zebras standing in the prairie.",
      "true_count_class": 3,
      "pred_count_class": 3,
      "gt_candidate_indices": [
        0,
        1,
        2,
        3
      ],
      "pred_candidate_indices": [
        0,
        1,
        3
      ],
      "num_predictions": 3,
      "num_targets": 3,
      "precision": 0.6666666666666666,
      "recall": 0.6666666666666666,
      "f1": 0.6666666666666666,
      "exact": 0.0
    },
    {
      "sample_id": "0000003",
      "image_id": 154,
      "file_name": "COCO_train2014_000000000154.jpg",
      "target_type": "multi-target",
      "expression": "three zebras, all stationary on the grassy plain.",
      "true_count_class": 3,
      "pred_count_class": 2,