{
  "feature_file": "cache/features/stage5/clip_detector_testA.pt",
  "checkpoint": "checkpoints/stage5_6/clip_1pct_seed0_hierarchical/selected.pt",
  "clip_model": "ViT-B/32",
  "feature_dim": 512,
  "candidate_feature_dim": 512,
  "text_feature_dim": 512,
  "representation": {
    "name": "clip",
    "model_ids": {
      "clip": "ViT-B/32"
    },
    "candidate_feature_dim": 512,
    "text_feature_dim": 512,
    "component_normalization": {
      "clip_image": "l2",
      "clip_text": "l2"
    },
    "fusion": "none",
    "encoder_parameters": {
      "clip": {
        "total": 151277313,
        "trainable": 0
      }
    }
  },
  "device": "cuda",
  "batch_size": 128,
  "selection_policy": "cardinality-threshold",
  "membership_threshold": 0.4,
  "count_logit_bias": [
    1.0,
    0.0,
    0.0,
    2.0
  ],
  "config": {
    "match_threshold": 0.5,
    "overlap_metric": "giou",
    "prediction_score_threshold": null,
    "image_f1_threshold": 1.0
  },
  "official": {
    "F1_score": 0.2721354166666667,
    "T_acc": 0.7911469631236443,
    "N_acc": 0.6555755395683454
  },
  "diagnostics": {
    "num_samples": 19200,
    "mean_precision": 0.43677986548387027,
    "mean_recall": 0.41776334834147116,
    "mean_f1": 0.4185494952320239,
    "exact_set_accuracy": 0.2721354166666667,
    "cardinality_accuracy": 0.5744270833333334,
    "count_class_accuracy": 0.6239583333333333,
    "count_class_evaluated": 19200,
    "micro_precision": 0.4178370229310482,
    "micro_recall": 0.35593105778979384,
    "micro_f1": 0.38440762099423315,
    "total_tp": 10532,
    "total_fp": 14674,
    "total_fn": 19058,
    "no_target_total": 4448,
    "no_target_accuracy": 0.6555755395683454,
    "false_grounding_rate": 0.3444244604316547,
    "single_target_total": 5917,
    "single_target_localization_accuracy": 0.20128443467973636,
    "single_target_exact_accuracy": 0.15734324826770324,
    "multi_target_total": 8835,
    "multi_target_mean_f1": 0.4549632494006572,
    "multi_target_exact_accuracy": 0.15597057159026598
  },
  "by_target_type": {
    "no-target": {
      "num_samples": 4448,
      "mean_precision": 0.6555755395683454,
      "mean_recall": 0.6555755395683454,
      "mean_f1": 0.6555755395683454,
      "exact_set_accuracy": 0.6555755395683454,
      "cardinality_accuracy": 0.6555755395683454,
      "count_class_accuracy": 0.6555755395683454,
      "count_class_evaluated": 4448,
      "micro_precision": 0.0,
      "micro_recall": 0.0,
      "micro_f1": 0.0,
      "total_tp": 0,
      "total_fp": 2030,
      "total_fn": 0
    },
    "single-target": {
      "num_samples": 5917,
      "mean_precision": 0.1786901341574318,
      "mean_recall": 0.20128443467973636,
      "mean_f1": 0.18599797194524192,
      "exact_set_accuracy": 0.15734324826770324,
      "cardinality_accuracy": 0.4556363021801589,
      "count_class_accuracy": 0.4556363021801589,
      "count_class_evaluated": 5917,
      "micro_precision": 0.31683958499600956,
      "micro_recall": 0.20128443467973636,
      "micro_f1": 0.2461761058288549,
      "total_tp": 1191,
      "total_fp": 2568,
      "total_fn": 4726
    },
    "multi-target": {
      "num_samples": 8835,
      "mean_precision": 0.49947525676069787,
      "mean_recall": 0.4430171237301981,
      "mean_f1": 0.4549632494006572,
      "exact_set_accuracy": 0.15597057159026598,
      "cardinality_accuracy": 0.6131295981890209,
      "count_class_accuracy": 0.7207696661007357,
      "count_class_evaluated": 8835,
      "micro_precision": 0.4810732862955142,
      "micro_recall": 0.39458454779706836,
      "micro_f1": 0.43355766999303785,
      "total_tp": 9341,
      "total_fp": 10076,
      "total_fn": 14332
    }
  },
  "by_count_group": {
    "0": {
      "num_samples": 4448,
      "mean_precision": 0.6555755395683454,
      "mean_recall": 0.6555755395683454,
      "mean_f1": 0.6555755395683454,
      "exact_set_accuracy": 0.6555755395683454,
      "cardinality_accuracy": 0.6555755395683454,
      "count_class_accuracy": 0.6555755395683454,
      "count_class_evaluated": 4448,
      "micro_precision": 0.0,
      "micro_recall": 0.0,
      "micro_f1": 0.0,
      "total_tp": 0,
      "total_fp": 2030,
      "total_fn": 0
    },
    "1": {
      "num_samples": 5917,
      "mean_precision": 0.1786901341574318,
      "mean_recall": 0.20128443467973636,
      "mean_f1": 0.18599797194524192,
      "exact_set_accuracy": 0.15734324826770324,
      "cardinality_accuracy": 0.4556363021801589,
      "count_class_accuracy": 0.4556363021801589,
      "count_class_evaluated": 5917,
      "micro_precision": 0.31683958499600956,
      "micro_recall": 0.20128443467973636,
      "micro_f1": 0.2461761058288549,
      "total_tp": 1191,
      "total_fp": 2568,
      "total_fn": 4726
    },
    "2": {
      "num_samples": 5940,
      "mean_precision": 0.5159358921101344,
      "mean_recall": 0.4855218855218855,
      "mean_f1": 0.4943900652771955,
      "exact_set_accuracy": 0.2132996632996633,
      "cardinality_accuracy": 0.8245791245791246,
      "count_class_accuracy": 0.8245791245791246,
      "count_class_evaluated": 5940,
      "micro_precision": 0.5333826521176253,
      "micro_recall": 0.4855218855218855,
      "micro_f1": 0.5083281924737816,
      "total_tp": 5768,
      "total_fp": 5046,
      "total_fn": 6112
    },
    "3+": {
      "num_samples": 2895,
      "mean_precision": 0.4657011034012345,
      "mean_recall": 0.3558052808830027,
      "mean_f1": 0.37406677744671635,
      "exact_set_accuracy": 0.0383419689119171,
      "cardinality_accuracy": 0.17927461139896372,
      "count_class_accuracy": 0.5077720207253886,
      "count_class_evaluated": 2895,
      "micro_precision": 0.4153202371265837,
      "micro_recall": 0.3029763418977359,
      "micro_f1": 0.35036281623847815,
      "total_tp": 3573,
      "total_fp": 5030,
      "total_fn": 8220
    }
  },
  "examples": [
    {
      "sample_id": "0000000",
      "image_id": 839,
      "file_name": "COCO_train2014_000000000839.jpg",
      "target_type": "multi-target",
      "expression": "blue shirt and a frisbee",
      "true_count_class": 2,
      "pred_count_class": 2,
      "gt_candidate_indices": [
        0,
        1
      ],
      "pred_candidate_indices": [
        0,
        2
      ],
      "num_predictions": 2,
      "num_targets": 2,
      "precision": 0.5,
      "recall": 0.5,
      "f1": 0.5,
      "exact": 0.0
    },
    {
      "sample_id": "0000001",
      "image_id": 839,
      "file_name": "COCO_train2014_000000000839.jpg",
      "target_type": "multi-target",
      "expression": "blue shirt and frisbee",
      "true_count_class": 2,
      "pred_count_class": 2,
      "gt_candidate_indices": [
        0,
        1
      ],
      "pred_candidate_indices": [
        0,
        2
      ],
      "num_predictions": 2,
      "num_targets": 2,
      "precision": 0.5,
      "recall": 0.5,
      "f1": 0.5,
      "exact": 0.0
    },
    {
      "sample_id": "0000002",
      "image_id": 839,
      "file_name": "COCO_train2014_000000000839.jpg",
      "target_type": "multi-target",
      "expression": "blue shirt and white shirt",
      "true_count_class": 2,
      "pred_count_class": 2,
      "gt_candidate_indices": [
        0,
        2
      ],
      "pred_candidate_indices": [
        0,
        2
      ],
      "num_predictions": 2,
      "num_targets": 2,
      "precision": 1.0,
      "recall": 1.0,
      "f1": 1.0,
      "exact": 1.0
    },
    {
      "sample_id": "0000003",
      "image_id": 839,
      "file_name": "COCO_train2014_000000000839.jpg",
      "target_type": "multi-target",
      "expression": "blue cshirt and falling",
      "true_count_class": 2,
      "pred_count_class": 2,
      "gt_candidate_indices": [
        0,
        2
      ],
      "pred_candidate_indices": [
        0,
        2
      ],
      "num_predictions": 2,
      "num_targets": 2,
      "precision": 1.0,
      "recall": 1.0,
      "f1": 1.0,