{
  "feature_file": "cache/features/stage5/clip_detector_testA.pt",
  "checkpoint": "checkpoints/stage5_6/clip_1pct_seed0_hierarchical/selected.pt",
  "clip_model": "ViT-B/32",
  "feature_dim": 512,
  "candidate_feature_dim": 512,
  "text_feature_dim": 512,
  "representation": {
    "name": "clip",
    "model_ids": {
      "clip": "ViT-B/32"
    },
    "candidate_feature_dim": 512,
    "text_feature_dim": 512,
    "component_normalization": {
      "clip_image": "l2",
      "clip_text": "l2"
    },
    "fusion": "none",
    "encoder_parameters": {
      "clip": {
        "total": 151277313,
        "trainable": 0
      }
    }
  },
  "device": "cuda",
  "batch_size": 128,
  "selection_policy": "cardinality-threshold",
  "membership_threshold": 0.8,
  "count_logit_bias": [
    2.5,
    0.0,
    0.0,
    6.0
  ],
  "config": {
    "match_threshold": 0.5,
    "overlap_metric": "giou",
    "prediction_score_threshold": null,
    "image_f1_threshold": 1.0
  },
  "official": {
    "F1_score": 0.25333333333333335,
    "T_acc": 0.6528606290672451,
    "N_acc": 0.7897931654676259
  },
  "diagnostics": {
    "num_samples": 19200,
    "mean_precision": 0.414635416666662,
    "mean_recall": 0.4419460783718587,
    "mean_f1": 0.41739360122448455,
    "exact_set_accuracy": 0.25333333333333335,
    "cardinality_accuracy": 0.4724479166666667,
    "count_class_accuracy": 0.52328125,
    "count_class_evaluated": 19200,
    "micro_precision": 0.4063681976071015,
    "micro_recall": 0.3558296721865495,
    "micro_f1": 0.37942342342342344,
    "total_tp": 10529,
    "total_fp": 15381,
    "total_fn": 19061,
    "no_target_total": 4448,
    "no_target_accuracy": 0.7897931654676259,
    "false_grounding_rate": 0.2102068345323741,
    "single_target_total": 5917,
    "single_target_localization_accuracy": 0.16714551292884908,
    "single_target_exact_accuracy": 0.012675342234240324,
    "multi_target_total": 8835,
    "multi_target_mean_f1": 0.44632603020299677,
    "multi_target_exact_accuracy": 0.14442558007923034
  },
  "by_target_type": {
    "no-target": {
      "num_samples": 4448,
      "mean_precision": 0.7897931654676259,
      "mean_recall": 0.7897931654676259,
      "mean_f1": 0.7897931654676259,
      "exact_set_accuracy": 0.7897931654676259,
      "cardinality_accuracy": 0.7897931654676259,
      "count_class_accuracy": 0.7897931654676259,
      "count_class_evaluated": 4448,
      "micro_precision": 0.0,
      "micro_recall": 0.0,
      "micro_f1": 0.0,
      "total_tp": 0,
      "total_fp": 2369,
      "total_fn": 0
    },
    "single-target": {
      "num_samples": 5917,
      "mean_precision": 0.06850318291927157,
      "mean_recall": 0.16714551292884908,
      "mean_f1": 0.09424821136837382,
      "exact_set_accuracy": 0.012675342234240324,
      "cardinality_accuracy": 0.03481494000338009,
      "count_class_accuracy": 0.03481494000338009,
      "count_class_evaluated": 5917,
      "micro_precision": 0.23643318192684676,
      "micro_recall": 0.16714551292884908,
      "micro_f1": 0.19584158415841585,
      "total_tp": 989,
      "total_fp": 3194,
      "total_fn": 4928
    },
    "multi-target": {
      "num_samples": 8835,
      "mean_precision": 0.4575740426334656,
      "mean_recall": 0.4508618794272451,
      "mean_f1": 0.44632603020299677,
      "exact_set_accuracy": 0.14442558007923034,
      "cardinality_accuracy": 0.6057724957555178,
      "count_class_accuracy": 0.7162422184493492,
      "count_class_evaluated": 8835,
      "micro_precision": 0.4928195061473293,
      "micro_recall": 0.40299074895450515,
      "micro_f1": 0.4434012688526876,
      "total_tp": 9540,
      "total_fp": 9818,
      "total_fn": 14133
    }
  },
  "by_count_group": {
    "0": {
      "num_samples": 4448,
      "mean_precision": 0.7897931654676259,
      "mean_recall": 0.7897931654676259,
      "mean_f1": 0.7897931654676259,
      "exact_set_accuracy": 0.7897931654676259,
      "cardinality_accuracy": 0.7897931654676259,
      "count_class_accuracy": 0.7897931654676259,
      "count_class_evaluated": 4448,
      "micro_precision": 0.0,
      "micro_recall": 0.0,
      "micro_f1": 0.0,
      "total_tp": 0,
      "total_fp": 2369,
      "total_fn": 0
    },
    "1": {
      "num_samples": 5917,
      "mean_precision": 0.06850318291927157,
      "mean_recall": 0.16714551292884908,
      "mean_f1": 0.09424821136837382,
      "exact_set_accuracy": 0.012675342234240324,
      "cardinality_accuracy": 0.03481494000338009,
      "count_class_accuracy": 0.03481494000338009,
      "count_class_evaluated": 5917,
      "micro_precision": 0.23643318192684676,
      "micro_recall": 0.16714551292884908,
      "micro_f1": 0.19584158415841585,
      "total_tp": 989,
      "total_fp": 3194,
      "total_fn": 4928
    },
    "2": {
      "num_samples": 5940,
      "mean_precision": 0.45493827160493827,
      "mean_recall": 0.49234006734006736,
      "mean_f1": 0.4692704826038227,
      "exact_set_accuracy": 0.1797979797979798,
      "cardinality_accuracy": 0.6792929292929293,
      "count_class_accuracy": 0.6792929292929293,
      "count_class_evaluated": 5940,
      "micro_precision": 0.5097167755991285,
      "micro_recall": 0.49234006734006736,
      "micro_f1": 0.5008777563690858,
      "total_tp": 5849,
      "total_fp": 5626,
      "total_fn": 6031
    },
    "3+": {
      "num_samples": 2895,
      "mean_precision": 0.4629821531375946,
      "mean_recall": 0.36575637469420014,
      "mean_f1": 0.39924829367072456,
      "exact_set_accuracy": 0.07184801381692574,
      "cardinality_accuracy": 0.45492227979274613,
      "count_class_accuracy": 0.7920552677029361,
      "count_class_evaluated": 2895,
      "micro_precision": 0.4682227578333122,
      "micro_recall": 0.31298227762231834,
      "micro_f1": 0.37517788168326893,
      "total_tp": 3691,
      "total_fp": 4192,
      "total_fn": 8102
    }
  },
  "examples": [
    {
      "sample_id": "0000000",
      "image_id": 839,
      "file_name": "COCO_train2014_000000000839.jpg",
      "target_type": "multi-target",
      "expression": "blue shirt and a frisbee",
      "true_count_class": 2,
      "pred_count_class": 0,
      "gt_candidate_indices": [
        0,
        1
      ],
      "pred_candidate_indices": [],
      "num_predictions": 0,
      "num_targets": 2,
      "precision": 0.0,
      "recall": 0.0,
      "f1": 0.0,
      "exact": 0.0
    },
    {
      "sample_id": "0000001",
      "image_id": 839,
      "file_name": "COCO_train2014_000000000839.jpg",
      "target_type": "multi-target",
      "expression": "blue shirt and frisbee",
      "true_count_class": 2,
      "pred_count_class": 0,
      "gt_candidate_indices": [
        0,
        1
      ],
      "pred_candidate_indices": [],
      "num_predictions": 0,
      "num_targets": 2,
      "precision": 0.0,
      "recall": 0.0,
      "f1": 0.0,
      "exact": 0.0
    },
    {
      "sample_id": "0000002",
      "image_id": 839,
      "file_name": "COCO_train2014_000000000839.jpg",
      "target_type": "multi-target",
      "expression": "blue shirt and white shirt",
      "true_count_class": 2,
      "pred_count_class": 2,
      "gt_candidate_indices": [
        0,
        2
      ],
      "pred_candidate_indices": [
        0,
        2
      ],
      "num_predictions": 2,
      "num_targets": 2,
      "precision": 1.0,
      "recall": 1.0,
      "f1": 1.0,
      "exact": 1.0
    },
    {
      "sample_id": "0000003",
      "image_id": 839,
      "file_name": "COCO_train2014_000000000839.jpg",
      "target_type": "multi-target",
      "expression": "blue cshirt and falling",
      "true_count_class": 2,
      "pred_count_class": 2,
      "gt_candidate_indices": [
        0,
        2
      ],
      "pred_candidate_indices": [
        0,
        2
      ],
      "num_predictions": 2,
      "num_targets": 2,
      "precision": 1.0,
      "recall": 1.0,
      "f1": 1.0,
      "exact": 1.0
    },
    {
      "sample_id": "0000004",
      "image_id": 839,