{
  "feature_file": "cache/features/stage5/clip_detector_testB.pt",
  "checkpoint": "checkpoints/stage5_6/clip_1pct_seed0_hierarchical/selected.pt",
  "clip_model": "ViT-B/32",
  "feature_dim": 512,
  "candidate_feature_dim": 512,
  "text_feature_dim": 512,
  "representation": {
    "name": "clip",
    "model_ids": {
      "clip": "ViT-B/32"
    },
    "candidate_feature_dim": 512,
    "text_feature_dim": 512,
    "component_normalization": {
      "clip_image": "l2",
      "clip_text": "l2"
    },
    "fusion": "none",
    "encoder_parameters": {
      "clip": {
        "total": 151277313,
        "trainable": 0
      }
    }
  },
  "device": "cuda",
  "batch_size": 128,
  "selection_policy": "cardinality-threshold",
  "membership_threshold": 0.4,
  "count_logit_bias": [
    1.0,
    0.0,
    0.0,
    2.0
  ],
  "config": {
    "match_threshold": 0.5,
    "overlap_metric": "giou",
    "prediction_score_threshold": null,
    "image_f1_threshold": 1.0
  },
  "official": {
    "F1_score": 0.2631513415924796,
    "T_acc": 0.6522388059701493,
    "N_acc": 0.725872030815322
  },
  "diagnostics": {
    "num_samples": 16063,
    "mean_precision": 0.3609736053376888,
    "mean_recall": 0.3580541301857364,
    "mean_f1": 0.3540906986271431,
    "exact_set_accuracy": 0.2631513415924796,
    "cardinality_accuracy": 0.5182718047687231,
    "count_class_accuracy": 0.552698748677084,
    "count_class_evaluated": 16063,
    "micro_precision": 0.29260469619946744,
    "micro_recall": 0.22671855950482978,
    "micro_f1": 0.25548216644649935,
    "total_tp": 4835,
    "total_fp": 11689,
    "total_fn": 16491,
    "no_target_total": 4673,
    "no_target_accuracy": 0.725872030815322,
    "false_grounding_rate": 0.2741279691846779,
    "single_target_total": 5646,
    "single_target_localization_accuracy": 0.0991852639036486,
    "single_target_exact_accuracy": 0.052780729720155864,
    "multi_target_total": 5744,
    "multi_target_mean_f1": 0.31778532243172125,
    "multi_target_exact_accuracy": 0.09348885793871867
  },
  "by_target_type": {
    "no-target": {
      "num_samples": 4673,
      "mean_precision": 0.725872030815322,
      "mean_recall": 0.725872030815322,
      "mean_f1": 0.725872030815322,
      "exact_set_accuracy": 0.725872030815322,
      "cardinality_accuracy": 0.725872030815322,
      "count_class_accuracy": 0.725872030815322,
      "count_class_evaluated": 4673,
      "micro_precision": 0.0,
      "micro_recall": 0.0,
      "micro_f1": 0.0,
      "total_tp": 0,
      "total_fp": 1662,
      "total_fn": 0
    },
    "single-target": {
      "num_samples": 5646,
      "mean_precision": 0.07558448459086077,
      "mean_recall": 0.0991852639036486,
      "mean_f1": 0.08331562167906506,
      "exact_set_accuracy": 0.052780729720155864,
      "cardinality_accuracy": 0.2479631597591215,
      "count_class_accuracy": 0.2479631597591215,
      "count_class_evaluated": 5646,
      "micro_precision": 0.18610834164174145,
      "micro_recall": 0.0991852639036486,
      "micro_f1": 0.1294049682264587,
      "total_tp": 560,
      "total_fp": 2449,
      "total_fn": 5086
    },
    "multi-target": {
      "num_samples": 5744,
      "mean_precision": 0.34463248999639506,
      "mean_recall": 0.3132701067502596,
      "mean_f1": 0.31778532243172125,
      "exact_set_accuracy": 0.09348885793871867,
      "cardinality_accuracy": 0.6150766016713092,
      "count_class_accuracy": 0.7113509749303621,
      "count_class_evaluated": 5744,
      "micro_precision": 0.360668185269552,
      "micro_recall": 0.272640306122449,
      "micro_f1": 0.3105364471724839,
      "total_tp": 4275,
      "total_fp": 7578,
      "total_fn": 11405
    }
  },
  "by_count_group": {
    "0": {
      "num_samples": 4673,
      "mean_precision": 0.725872030815322,
      "mean_recall": 0.725872030815322,
      "mean_f1": 0.725872030815322,
      "exact_set_accuracy": 0.725872030815322,
      "cardinality_accuracy": 0.725872030815322,
      "count_class_accuracy": 0.725872030815322,
      "count_class_evaluated": 4673,
      "micro_precision": 0.0,
      "micro_recall": 0.0,
      "micro_f1": 0.0,
      "total_tp": 0,
      "total_fp": 1662,
      "total_fn": 0
    },
    "1": {
      "num_samples": 5646,
      "mean_precision": 0.07558448459086077,
      "mean_recall": 0.0991852639036486,
      "mean_f1": 0.08331562167906506,
      "exact_set_accuracy": 0.052780729720155864,
      "cardinality_accuracy": 0.2479631597591215,
      "count_class_accuracy": 0.2479631597591215,
      "count_class_evaluated": 5646,
      "micro_precision": 0.18610834164174145,
      "micro_recall": 0.0991852639036486,
      "micro_f1": 0.1294049682264587,
      "total_tp": 560,
      "total_fp": 2449,
      "total_fn": 5086
    },
    "2": {
      "num_samples": 3957,
      "mean_precision": 0.3546694607725693,
      "mean_recall": 0.34445286833459693,
      "mean_f1": 0.34706742166939325,
      "exact_set_accuracy": 0.13090725296942127,
      "cardinality_accuracy": 0.8289107910032854,
      "count_class_accuracy": 0.8289107910032854,
      "count_class_evaluated": 3957,
      "micro_precision": 0.39273879844402826,
      "micro_recall": 0.34445286833459693,
      "micro_f1": 0.3670144732413329,
      "total_tp": 2726,
      "total_fp": 4215,
      "total_fn": 5188
    },
    "3+": {
      "num_samples": 1787,
      "mean_precision": 0.3224073678020373,
      "mean_recall": 0.24422131682903855,
      "mean_f1": 0.2529452179641951,
      "exact_set_accuracy": 0.010632344711807499,
      "cardinality_accuracy": 0.14157806379406826,
      "count_class_accuracy": 0.451035254616676,
      "count_class_evaluated": 1787,
      "micro_precision": 0.3153501628664495,
      "micro_recall": 0.1994591810455833,
      "micro_f1": 0.24436030919703422,
      "total_tp": 1549,
      "total_fp": 3363,
      "total_fn": 6217
    }
  },
  "examples": [
    {
      "sample_id": "0000000",
      "image_id": 154,
      "file_name": "COCO_train2014_000000000154.jpg",
      "target_type": "multi-target",
      "expression": "three zebras standing on the savannah.",
      "true_count_class": 3,
      "pred_count_class": 2,
      "gt_candidate_indices": [
        0,
        1,
        2,
        3
      ],
      "pred_candidate_indices": [
        0,
        1
      ],
      "num_predictions": 2,
      "num_targets": 3,
      "precision": 1.0,
      "recall": 0.6666666666666666,
      "f1": 0.8,
      "exact": 0.0
    },
    {
      "sample_id": "0000001",
      "image_id": 154,
      "file_name": "COCO_train2014_000000000154.jpg",
      "target_type": "multi-target",
      "expression": "a trio of zebras positioned on the grassland.",
      "true_count_class": 3,
      "pred_count_class": 2,
      "gt_candidate_indices": [
        0,
        1,
        2,
        3
      ],
      "pred_candidate_indices": [
        1,
        3
      ],
      "num_predictions": 2,
      "num_targets": 3,
      "precision": 0.5,
      "recall": 0.3333333333333333,
      "f1": 0.4,
      "exact": 0.0
    },
    {
      "sample_id": "0000002",
      "image_id": 154,
      "file_name": "COCO_train2014_000000000154.jpg",
      "target_type": "multi-target",
      "expression": "there are three zebras standing in the prairie.",
      "true_count_class": 3,
      "pred_count_class": 1,
      "gt_candidate_indices": [
        0,
        1,
        2,
        3
      ],
      "pred_candidate_indices": [
        1
      ],
      "num_predictions": 1,
      "num_targets": 3,
      "precision": 1.0,
      "recall": 0.3333333333333333,
      "f1": 0.5,
      "exact": 0.0
    },
    {
      "sample_id": "0000003",
      "image_id": 154,
      "file_name": "COCO_train2014_000000000154.jpg",
      "target_type": "multi-target",
      "expression": "three zebras, all stationary on the grassy plain.",
      "true_count_class": 3,
      "pred_count_class": 2,
      "gt_candidate_indices": [
        0,
        1,
        2,
        3
      ],