family,split,F1_mean,F1_sample_sd,mean_set_F1_mean,mean_set_F1_sample_sd,T_acc_mean,T_acc_sample_sd,N_acc_mean,N_acc_sample_sd
membership_only,testA,0.3022222222222222,0.002193897721100065,0.5603543906034417,0.0020310706245093213,0.8648318872017353,0.006058162780885662,0.7544964028776978,0.007533991043217639
membership_only,testB,0.28917387785594223,0.005675445816189921,0.4846295118845197,0.003812040688870306,0.7916593503072871,0.011983794659229436,0.7362151366003281,0.011999648062975925
flat_lambda1,testA,0.4598611111111111,0.00801818363520506,0.6120724963011998,0.0056864597361652525,0.9470354302241504,0.008033404969494874,0.6804556354916067,0.014838697213178357
flat_lambda1,testB,0.4172321484156135,0.003451076773089756,0.5348241566951182,0.005173000311263123,0.9208662569505414,0.004519876051156318,0.6931307511234753,0.01818204548508675
hierarchical_lambda1_stage5_6_baseline,testA,0.4625,0.01072954590753701,0.616207371560421,0.007852722913267766,0.9410249457700651,0.02409087037636067,0.6884742206235012,0.04344345098645847
hierarchical_lambda1_stage5_6_baseline,testB,0.41799995849675237,0.0043513141744650815,0.5360723026559945,0.0031761152752085337,0.9040093649400058,0.020228684494022146,0.7035451886725158,0.03748910062425903
hierarchical_lambda010,testA,0.5389583333333333,0.003632415786283915,0.6759597027110105,0.0025386547146994745,0.946086406362979,0.007852912307423448,0.6867505995203838,0.020924383314248174
hierarchical_lambda010,testB,0.49210400713855856,0.003302639021698944,0.5965110960935079,0.0035704015152774526,0.9030436055019022,0.012204108523294736,0.692132106426992,0.02222393739518216
