{
  "feature_file": "cache/features/stage5/siglip2_detector_testB.pt",
  "checkpoint": "checkpoints/stage6/confirmation/membership_only_seed2/selected.pt",
  "clip_model": "none",
  "feature_dim": 768,
  "candidate_feature_dim": 768,
  "text_feature_dim": 768,
  "representation": {
    "name": "siglip2",
    "model_ids": {
      "siglip2": "google/siglip2-base-patch16-224"
    },
    "candidate_feature_dim": 768,
    "text_feature_dim": 768,
    "component_normalization": {
      "siglip2_image": "l2",
      "siglip2_text": "l2"
    },
    "fusion": "none",
    "similarity_source": "normalized SigLIP 2 image/text embeddings",
    "encoder_parameters": {
      "siglip2": {
        "total": 375187970,
        "trainable": 0
      }
    }
  },
  "device": "cuda",
  "batch_size": 128,
  "selection_policy": "membership-only",
  "pre_nms_threshold": null,
  "membership_threshold": 0.4,
  "count_logit_bias": [
    0.0,
    0.0,
    0.0,
    0.0
  ],
  "config": {
    "match_threshold": 0.5,
    "overlap_metric": "giou",
    "prediction_score_threshold": null,
    "image_f1_threshold": 1.0
  },
  "official": {
    "F1_score": 0.28631015376953245,
    "T_acc": 0.789025460930641,
    "N_acc": 0.7355018189599829
  },
  "diagnostics": {
    "num_samples": 16063,
    "mean_precision": 0.44637369554920836,
    "mean_recall": 0.6466421937784708,
    "mean_f1": 0.48023077513995427,
    "exact_set_accuracy": 0.28631015376953245,
    "cardinality_accuracy": 0.330448857623109,
    "count_class_accuracy": 0.3871007906368673,
    "count_class_evaluated": 16063,
    "micro_precision": 0.25236357604909604,
    "micro_recall": 0.5707586983025414,
    "micro_f1": 0.3499813105609707,
    "total_tp": 12172,
    "total_fp": 36060,
    "total_fn": 9154,
    "no_target_total": 4673,
    "no_target_accuracy": 0.7355018189599829,
    "false_grounding_rate": 0.2644981810400171,
    "single_target_total": 5646,
    "single_target_localization_accuracy": 0.5828905419766206,
    "single_target_exact_accuracy": 0.15161176053843428,
    "multi_target_total": 5744,
    "multi_target_mean_f1": 0.41185867838303286,
    "multi_target_exact_accuracy": 0.05327298050139276
  },
  "by_target_type": {
    "no-target": {
      "num_samples": 4673,
      "mean_precision": 0.7355018189599829,
      "mean_recall": 0.7355018189599829,
      "mean_f1": 0.7355018189599829,
      "exact_set_accuracy": 0.7355018189599829,
      "cardinality_accuracy": 0.7355018189599829,
      "count_class_accuracy": 0.7355018189599829,
      "count_class_evaluated": 4673,
      "micro_precision": 0.0,
      "micro_recall": 0.0,
      "micro_f1": 0.0,
      "total_tp": 0,
      "total_fp": 3842,
      "total_fn": 0
    },
    "single-target": {
      "num_samples": 5646,
      "mean_precision": 0.2780252036075894,
      "mean_recall": 0.5828905419766206,
      "mean_f1": 0.33851057251876016,
      "exact_set_accuracy": 0.15161176053843428,
      "cardinality_accuracy": 0.2051009564293305,
      "count_class_accuracy": 0.2051009564293305,
      "count_class_evaluated": 5646,
      "micro_precision": 0.23347048808172532,
      "micro_recall": 0.5828905419766206,
      "micro_f1": 0.3334008712389829,
      "total_tp": 3291,
      "total_fp": 10805,
      "total_fn": 2355
    },
    "multi-target": {
      "num_samples": 5744,
      "mean_precision": 0.37663133217942185,
      "mean_recall": 0.6370148953105075,
      "mean_f1": 0.41185867838303286,
      "exact_set_accuracy": 0.05327298050139276,
      "cardinality_accuracy": 0.12412952646239554,
      "count_class_accuracy": 0.2825557103064067,
      "count_class_evaluated": 5744,
      "micro_precision": 0.2931603617878128,
      "micro_recall": 0.566390306122449,
      "micro_f1": 0.38634880584678294,
      "total_tp": 8881,
      "total_fp": 21413,
      "total_fn": 6799
    }
  },
  "by_count_group": {
    "0": {
      "num_samples": 4673,
      "mean_precision": 0.7355018189599829,
      "mean_recall": 0.7355018189599829,
      "mean_f1": 0.7355018189599829,
      "exact_set_accuracy": 0.7355018189599829,
      "cardinality_accuracy": 0.7355018189599829,
      "count_class_accuracy": 0.7355018189599829,
      "count_class_evaluated": 4673,
      "micro_precision": 0.0,
      "micro_recall": 0.0,
      "micro_f1": 0.0,
      "total_tp": 0,
      "total_fp": 3842,
      "total_fn": 0
    },
    "1": {
      "num_samples": 5646,
      "mean_precision": 0.2780252036075894,
      "mean_recall": 0.5828905419766206,
      "mean_f1": 0.33851057251876016,
      "exact_set_accuracy": 0.15161176053843428,
      "cardinality_accuracy": 0.2051009564293305,
      "count_class_accuracy": 0.2051009564293305,
      "count_class_evaluated": 5646,
      "micro_precision": 0.23347048808172532,
      "micro_recall": 0.5828905419766206,
      "micro_f1": 0.3334008712389829,
      "total_tp": 3291,
      "total_fp": 10805,
      "total_fn": 2355
    },
    "2": {
      "num_samples": 3957,
      "mean_precision": 0.36119383637288,
      "mean_recall": 0.7062168309325246,
      "mean_f1": 0.42711590349933665,
      "exact_set_accuracy": 0.06595905989385899,
      "cardinality_accuracy": 0.13217083649229214,
      "count_class_accuracy": 0.13217083649229214,
      "count_class_evaluated": 3957,
      "micro_precision": 0.2697263645576951,
      "micro_recall": 0.7062168309325246,
      "micro_f1": 0.39036144578313253,
      "total_tp": 5589,
      "total_fp": 15132,
      "total_fn": 2325
    },
    "3+": {
      "num_samples": 1787,
      "mean_precision": 0.41081497566374425,
      "mean_recall": 0.48377927177591357,
      "mean_f1": 0.37807421291844456,
      "exact_set_accuracy": 0.02518186905428092,
      "cardinality_accuracy": 0.10632344711807498,
      "count_class_accuracy": 0.6155567991046447,
      "count_class_evaluated": 1787,
      "micro_precision": 0.3438838399665727,
      "micro_recall": 0.4238990471285089,
      "micro_f1": 0.3797220139569756,
      "total_tp": 3292,
      "total_fp": 6281,
      "total_fn": 4474
    }
  },
  "examples": [
    {
      "sample_id": "0000000",
      "image_id": 154,
      "file_name": "COCO_train2014_000000000154.jpg",
      "target_type": "multi-target",
      "expression": "three zebras standing on the savannah.",
      "true_count_class": 3,
      "pred_count_class": 3,
      "gt_candidate_indices": [
        0,
        1,
        2,
        3
      ],
      "pred_candidate_indices": [
        0,
        1,
        3
      ],
      "num_predictions": 3,
      "num_targets": 3,
      "precision": 0.6666666666666666,
      "recall": 0.6666666666666666,
      "f1": 0.6666666666666666,
      "exact": 0.0
    },
    {
      "sample_id": "0000001",
      "image_id": 154,
      "file_name": "COCO_train2014_000000000154.jpg",
      "target_type": "multi-target",
      "expression": "a trio of zebras positioned on the grassland.",
      "true_count_class": 3,
      "pred_count_class": 3,
      "gt_candidate_indices": [
        0,
        1,
        2,
        3
      ],
      "pred_candidate_indices": [
        0,
        1,
        2,
        3
      ],
      "num_predictions": 4,
      "num_targets": 3,
      "precision": 0.75,
      "recall": 1.0,
      "f1": 0.8571428571428571,
      "exact": 0.0
    },
    {
      "sample_id": "0000002",
      "image_id": 154,
      "file_name": "COCO_train2014_000000000154.jpg",
      "target_type": "multi-target",
      "expression": "there are three zebras standing in the prairie.",
      "true_count_class": 3,
      "pred_count_class": 3,
      "gt_candidate_indices": [
        0,
        1,
        2,
        3
      ],
      "pred_candidate_indices": [
        0,
        1,
        2,
        3
      ],
      "num_predictions": 4,
      "num_targets": 3,
      "precision": 0.75,
      "recall": 1.0,
      "f1": 0.8571428571428571,
      "exact": 0.0
    },
    {
      "sample_id": "0000003",
      "image_id": 154,
      "file_name": "COCO_train2014_000000000154.jpg",
      "target_type": "multi-target",