{
  "feature_file": "cache/features/stage5/siglip2_detector_testB.pt",
  "checkpoint": "checkpoints/stage5_6/siglip2_1pct_seed0_hierarchical/selected.pt",
  "clip_model": "none",
  "feature_dim": 768,
  "candidate_feature_dim": 768,
  "text_feature_dim": 768,
  "representation": {
    "name": "siglip2",
    "model_ids": {
      "siglip2": "google/siglip2-base-patch16-224"
    },
    "candidate_feature_dim": 768,
    "text_feature_dim": 768,
    "component_normalization": {
      "siglip2_image": "l2",
      "siglip2_text": "l2"
    },
    "fusion": "none",
    "similarity_source": "normalized SigLIP 2 image/text embeddings",
    "encoder_parameters": {
      "siglip2": {
        "total": 375187970,
        "trainable": 0
      }
    }
  },
  "device": "cuda",
  "batch_size": 128,
  "selection_policy": "cardinality-threshold",
  "membership_threshold": 0.7,
  "count_logit_bias": [
    1.0,
    0.0,
    0.0,
    2.0
  ],
  "config": {
    "match_threshold": 0.5,
    "overlap_metric": "giou",
    "prediction_score_threshold": null,
    "image_f1_threshold": 1.0
  },
  "official": {
    "F1_score": 0.2526925231899396,
    "T_acc": 0.7714661984196663,
    "N_acc": 0.6047506954846993
  },
  "diagnostics": {
    "num_samples": 16063,
    "mean_precision": 0.3525617879599079,
    "mean_recall": 0.3425379522357039,
    "mean_f1": 0.3425279977995201,
    "exact_set_accuracy": 0.2526925231899396,
    "cardinality_accuracy": 0.5759198157255805,
    "count_class_accuracy": 0.598144804830978,
    "count_class_evaluated": 16063,
    "micro_precision": 0.30172113036399584,
    "micro_recall": 0.24331801556785146,
    "micro_f1": 0.2693905098120652,
    "total_tp": 5189,
    "total_fp": 12009,
    "total_fn": 16137,
    "no_target_total": 4673,
    "no_target_accuracy": 0.6047506954846993,
    "false_grounding_rate": 0.39524930451530066,
    "single_target_total": 5646,
    "single_target_localization_accuracy": 0.13584838823946158,
    "single_target_exact_accuracy": 0.09546581650726178,
    "multi_target_total": 5744,
    "multi_target_mean_f1": 0.34581486107016657,
    "multi_target_exact_accuracy": 0.1208217270194986
  },
  "by_target_type": {
    "no-target": {
      "num_samples": 4673,
      "mean_precision": 0.6047506954846993,
      "mean_recall": 0.6047506954846993,
      "mean_f1": 0.6047506954846993,
      "exact_set_accuracy": 0.6047506954846993,
      "cardinality_accuracy": 0.6047506954846993,
      "count_class_accuracy": 0.6047506954846993,
      "count_class_evaluated": 4673,
      "micro_precision": 0.0,
      "micro_recall": 0.0,
      "micro_f1": 0.0,
      "total_tp": 0,
      "total_fp": 2069,
      "total_fn": 0
    },
    "single-target": {
      "num_samples": 5646,
      "mean_precision": 0.11542094698311488,
      "mean_recall": 0.13584838823946158,
      "mean_f1": 0.12215137560514822,
      "exact_set_accuracy": 0.09546581650726178,
      "cardinality_accuracy": 0.45483528161530284,
      "count_class_accuracy": 0.45483528161530284,
      "count_class_evaluated": 5646,
      "micro_precision": 0.19098605577689243,
      "micro_recall": 0.13584838823946158,
      "micro_f1": 0.15876630097288347,
      "total_tp": 767,
      "total_fp": 3249,
      "total_fn": 4879
    },
    "multi-target": {
      "num_samples": 5744,
      "mean_precision": 0.3804897864438261,
      "mean_recall": 0.33237937443630344,
      "mean_f1": 0.34581486107016657,
      "exact_set_accuracy": 0.1208217270194986,
      "cardinality_accuracy": 0.671483286908078,
      "count_class_accuracy": 0.7336350974930362,
      "count_class_evaluated": 5744,
      "micro_precision": 0.39791235489966703,
      "micro_recall": 0.28201530612244896,
      "micro_f1": 0.33008621654909864,
      "total_tp": 4422,
      "total_fp": 6691,
      "total_fn": 11258
    }
  },
  "by_count_group": {
    "0": {
      "num_samples": 4673,
      "mean_precision": 0.6047506954846993,
      "mean_recall": 0.6047506954846993,
      "mean_f1": 0.6047506954846993,
      "exact_set_accuracy": 0.6047506954846993,
      "cardinality_accuracy": 0.6047506954846993,
      "count_class_accuracy": 0.6047506954846993,
      "count_class_evaluated": 4673,
      "micro_precision": 0.0,
      "micro_recall": 0.0,
      "micro_f1": 0.0,
      "total_tp": 0,
      "total_fp": 2069,
      "total_fn": 0
    },
    "1": {
      "num_samples": 5646,
      "mean_precision": 0.11542094698311488,
      "mean_recall": 0.13584838823946158,
      "mean_f1": 0.12215137560514822,
      "exact_set_accuracy": 0.09546581650726178,
      "cardinality_accuracy": 0.45483528161530284,
      "count_class_accuracy": 0.45483528161530284,
      "count_class_evaluated": 5646,
      "micro_precision": 0.19098605577689243,
      "micro_recall": 0.13584838823946158,
      "micro_f1": 0.15876630097288347,
      "total_tp": 767,
      "total_fp": 3249,
      "total_fn": 4879
    },
    "2": {
      "num_samples": 3957,
      "mean_precision": 0.39604919551849055,
      "mean_recall": 0.37970684862269394,
      "mean_f1": 0.3844579226686888,
      "exact_set_accuracy": 0.16022239070002528,
      "cardinality_accuracy": 0.8594895122567602,
      "count_class_accuracy": 0.859236795552186,
      "count_class_evaluated": 3957,
      "micro_precision": 0.408843537414966,
      "micro_recall": 0.37970684862269394,
      "micro_f1": 0.3937368972746331,
      "total_tp": 3005,
      "total_fp": 4345,
      "total_fn": 4909
    },
    "3+": {
      "num_samples": 1787,
      "mean_precision": 0.346036187278493,
      "mean_recall": 0.22758093271523508,
      "mean_f1": 0.2602465372059491,
      "exact_set_accuracy": 0.03357582540570789,
      "cardinality_accuracy": 0.25517627308338,
      "count_class_accuracy": 0.45551203133743706,
      "count_class_evaluated": 1787,
      "micro_precision": 0.376561254318363,
      "micro_recall": 0.1824620139067731,
      "micro_f1": 0.24581490155260646,
      "total_tp": 1417,
      "total_fp": 2346,
      "total_fn": 6349
    }
  },
  "examples": [
    {
      "sample_id": "0000000",
      "image_id": 154,
      "file_name": "COCO_train2014_000000000154.jpg",
      "target_type": "multi-target",
      "expression": "three zebras standing on the savannah.",
      "true_count_class": 3,
      "pred_count_class": 3,
      "gt_candidate_indices": [
        0,
        1,
        2,
        3
      ],
      "pred_candidate_indices": [
        0,
        1,
        3
      ],
      "num_predictions": 3,
      "num_targets": 3,
      "precision": 0.6666666666666666,
      "recall": 0.6666666666666666,
      "f1": 0.6666666666666666,
      "exact": 0.0
    },
    {
      "sample_id": "0000001",
      "image_id": 154,
      "file_name": "COCO_train2014_000000000154.jpg",
      "target_type": "multi-target",
      "expression": "a trio of zebras positioned on the grassland.",
      "true_count_class": 3,
      "pred_count_class": 3,
      "gt_candidate_indices": [
        0,
        1,
        2,
        3
      ],
      "pred_candidate_indices": [
        0,
        1,
        3
      ],
      "num_predictions": 3,
      "num_targets": 3,
      "precision": 0.6666666666666666,
      "recall": 0.6666666666666666,
      "f1": 0.6666666666666666,
      "exact": 0.0
    },
    {
      "sample_id": "0000002",
      "image_id": 154,
      "file_name": "COCO_train2014_000000000154.jpg",
      "target_type": "multi-target",
      "expression": "there are three zebras standing in the prairie.",
      "true_count_class": 3,
      "pred_count_class": 3,
      "gt_candidate_indices": [
        0,
        1,
        2,
        3
      ],
      "pred_candidate_indices": [
        0,
        1,
        3
      ],
      "num_predictions": 3,
      "num_targets": 3,
      "precision": 0.6666666666666666,
      "recall": 0.6666666666666666,
      "f1": 0.6666666666666666,
      "exact": 0.0
    },
    {
      "sample_id": "0000003",
      "image_id": 154,
      "file_name": "COCO_train2014_000000000154.jpg",