{
  "feature_file": "cache/features/stage5/siglip2_detector_testB.pt",
  "checkpoint": "checkpoints/stage5_6/siglip2_1pct_seed0_hierarchical/selected.pt",
  "clip_model": "none",
  "feature_dim": 768,
  "candidate_feature_dim": 768,
  "text_feature_dim": 768,
  "representation": {
    "name": "siglip2",
    "model_ids": {
      "siglip2": "google/siglip2-base-patch16-224"
    },
    "candidate_feature_dim": 768,
    "text_feature_dim": 768,
    "component_normalization": {
      "siglip2_image": "l2",
      "siglip2_text": "l2"
    },
    "fusion": "none",
    "similarity_source": "normalized SigLIP 2 image/text embeddings",
    "encoder_parameters": {
      "siglip2": {
        "total": 375187970,
        "trainable": 0
      }
    }
  },
  "device": "cuda",
  "batch_size": 128,
  "selection_policy": "cardinality-threshold",
  "membership_threshold": 0.8,
  "count_logit_bias": [
    3.0,
    0.0,
    0.0,
    6.5
  ],
  "config": {
    "match_threshold": 0.5,
    "overlap_metric": "giou",
    "prediction_score_threshold": null,
    "image_f1_threshold": 1.0
  },
  "official": {
    "F1_score": 0.2828238809686858,
    "T_acc": 0.6278314310798947,
    "N_acc": 0.8193879734645838
  },
  "diagnostics": {
    "num_samples": 16063,
    "mean_precision": 0.3842681939861773,
    "mean_recall": 0.40692979625464065,
    "mean_f1": 0.388779047380747,
    "exact_set_accuracy": 0.2828238809686858,
    "cardinality_accuracy": 0.4806698624167341,
    "count_class_accuracy": 0.5244972919130922,
    "count_class_evaluated": 16063,
    "micro_precision": 0.2915475055608516,
    "micro_recall": 0.2581356091156335,
    "micro_f1": 0.27382610425785914,
    "total_tp": 5505,
    "total_fp": 13377,
    "total_fn": 15821,
    "no_target_total": 4673,
    "no_target_accuracy": 0.8193879734645838,
    "false_grounding_rate": 0.18061202653541622,
    "single_target_total": 5646,
    "single_target_localization_accuracy": 0.11370882040382571,
    "single_target_exact_accuracy": 0.017711654268508677,
    "multi_target_total": 5744,
    "multi_target_mean_f1": 0.35108365333280495,
    "multi_target_exact_accuracy": 0.1068941504178273
  },
  "by_target_type": {
    "no-target": {
      "num_samples": 4673,
      "mean_precision": 0.8193879734645838,
      "mean_recall": 0.8193879734645838,
      "mean_f1": 0.8193879734645838,
      "exact_set_accuracy": 0.8193879734645838,
      "cardinality_accuracy": 0.8193879734645838,
      "count_class_accuracy": 0.8193879734645838,
      "count_class_evaluated": 4673,
      "micro_precision": 0.0,
      "micro_recall": 0.0,
      "micro_f1": 0.0,
      "total_tp": 0,
      "total_fp": 1892,
      "total_fn": 0
    },
    "single-target": {
      "num_samples": 5646,
      "mean_precision": 0.05472901168969182,
      "mean_recall": 0.11370882040382571,
      "mean_f1": 0.07072853937891142,
      "exact_set_accuracy": 0.017711654268508677,
      "cardinality_accuracy": 0.08519305703152674,
      "count_class_accuracy": 0.08519305703152674,
      "count_class_evaluated": 5646,
      "micro_precision": 0.15727584517393434,
      "micro_recall": 0.11370882040382571,
      "micro_f1": 0.13199013157894737,
      "total_tp": 642,
      "total_fp": 3440,
      "total_fn": 5004
    },
    "multi-target": {
      "num_samples": 5744,
      "mean_precision": 0.354195682451252,
      "mean_recall": 0.359594936845111,
      "mean_f1": 0.35108365333280495,
      "exact_set_accuracy": 0.1068941504178273,
      "cardinality_accuracy": 0.5938370473537604,
      "count_class_accuracy": 0.716399721448468,
      "count_class_evaluated": 5744,
      "micro_precision": 0.37674310505113107,
      "micro_recall": 0.31014030612244897,
      "micro_f1": 0.3402126766475444,
      "total_tp": 4863,
      "total_fp": 8045,
      "total_fn": 10817
    }
  },
  "by_count_group": {
    "0": {
      "num_samples": 4673,
      "mean_precision": 0.8193879734645838,
      "mean_recall": 0.8193879734645838,
      "mean_f1": 0.8193879734645838,
      "exact_set_accuracy": 0.8193879734645838,
      "cardinality_accuracy": 0.8193879734645838,
      "count_class_accuracy": 0.8193879734645838,
      "count_class_evaluated": 4673,
      "micro_precision": 0.0,
      "micro_recall": 0.0,
      "micro_f1": 0.0,
      "total_tp": 0,
      "total_fp": 1892,
      "total_fn": 0
    },
    "1": {
      "num_samples": 5646,
      "mean_precision": 0.05472901168969182,
      "mean_recall": 0.11370882040382571,
      "mean_f1": 0.07072853937891142,
      "exact_set_accuracy": 0.017711654268508677,
      "cardinality_accuracy": 0.08519305703152674,
      "count_class_accuracy": 0.08519305703152674,
      "count_class_evaluated": 5646,
      "micro_precision": 0.15727584517393434,
      "micro_recall": 0.11370882040382571,
      "micro_f1": 0.13199013157894737,
      "total_tp": 642,
      "total_fp": 3440,
      "total_fn": 5004
    },
    "2": {
      "num_samples": 3957,
      "mean_precision": 0.3662286243787375,
      "mean_recall": 0.40181956027293403,
      "mean_f1": 0.37989217420604876,
      "exact_set_accuracy": 0.1326762699014405,
      "cardinality_accuracy": 0.6762699014404853,
      "count_class_accuracy": 0.676017184735911,
      "count_class_evaluated": 3957,
      "micro_precision": 0.3865321502370244,
      "micro_recall": 0.40181956027293403,
      "micro_f1": 0.3940276314974289,
      "total_tp": 3180,
      "total_fp": 5047,
      "total_fn": 4734
    },
    "3+": {
      "num_samples": 1787,
      "mean_precision": 0.32755083006901675,
      "mean_recall": 0.2660958686280445,
      "mean_f1": 0.2872922056017279,
      "exact_set_accuracy": 0.049804141018466704,
      "cardinality_accuracy": 0.41130386121992163,
      "count_class_accuracy": 0.8058198097369894,
      "count_class_evaluated": 1787,
      "micro_precision": 0.3595385601367229,
      "micro_recall": 0.21671388101983002,
      "micro_f1": 0.27042660882140274,
      "total_tp": 1683,
      "total_fp": 2998,
      "total_fn": 6083
    }
  },
  "examples": [
    {
      "sample_id": "0000000",
      "image_id": 154,
      "file_name": "COCO_train2014_000000000154.jpg",
      "target_type": "multi-target",
      "expression": "three zebras standing on the savannah.",
      "true_count_class": 3,
      "pred_count_class": 3,
      "gt_candidate_indices": [
        0,
        1,
        2,
        3
      ],
      "pred_candidate_indices": [
        0,
        1,
        3
      ],
      "num_predictions": 3,
      "num_targets": 3,
      "precision": 0.6666666666666666,
      "recall": 0.6666666666666666,
      "f1": 0.6666666666666666,
      "exact": 0.0
    },
    {
      "sample_id": "0000001",
      "image_id": 154,
      "file_name": "COCO_train2014_000000000154.jpg",
      "target_type": "multi-target",
      "expression": "a trio of zebras positioned on the grassland.",
      "true_count_class": 3,
      "pred_count_class": 3,
      "gt_candidate_indices": [
        0,
        1,
        2,
        3
      ],
      "pred_candidate_indices": [
        0,
        1,
        3
      ],
      "num_predictions": 3,
      "num_targets": 3,
      "precision": 0.6666666666666666,
      "recall": 0.6666666666666666,
      "f1": 0.6666666666666666,
      "exact": 0.0
    },
    {
      "sample_id": "0000002",
      "image_id": 154,
      "file_name": "COCO_train2014_000000000154.jpg",
      "target_type": "multi-target",
      "expression": "there are three zebras standing in the prairie.",
      "true_count_class": 3,
      "pred_count_class": 3,
      "gt_candidate_indices": [
        0,
        1,
        2,
        3
      ],
      "pred_candidate_indices": [
        0,
        1,
        3
      ],
      "num_predictions": 3,
      "num_targets": 3,
      "precision": 0.6666666666666666,
      "recall": 0.6666666666666666,
      "f1": 0.6666666666666666,
      "exact": 0.0
    },
    {
      "sample_id": "0000003",
      "image_id": 154,
      "file_name": "COCO_train2014_000000000154.jpg",