{
  "feature_file": "cache/features/stage5/siglip2_detector_testA.pt",
  "checkpoint": "checkpoints/stage5_6/siglip2_1pct_seed0_hierarchical/selected.pt",
  "clip_model": "none",
  "feature_dim": 768,
  "candidate_feature_dim": 768,
  "text_feature_dim": 768,
  "representation": {
    "name": "siglip2",
    "model_ids": {
      "siglip2": "google/siglip2-base-patch16-224"
    },
    "candidate_feature_dim": 768,
    "text_feature_dim": 768,
    "component_normalization": {
      "siglip2_image": "l2",
      "siglip2_text": "l2"
    },
    "fusion": "none",
    "similarity_source": "normalized SigLIP 2 image/text embeddings",
    "encoder_parameters": {
      "siglip2": {
        "total": 375187970,
        "trainable": 0
      }
    }
  },
  "device": "cuda",
  "batch_size": 128,
  "selection_policy": "cardinality-threshold",
  "membership_threshold": 0.8,
  "count_logit_bias": [
    3.0,
    0.0,
    0.0,
    6.5
  ],
  "config": {
    "match_threshold": 0.5,
    "overlap_metric": "giou",
    "prediction_score_threshold": null,
    "image_f1_threshold": 1.0
  },
  "official": {
    "F1_score": 0.2853125,
    "T_acc": 0.6536740780911063,
    "N_acc": 0.8424010791366906
  },
  "diagnostics": {
    "num_samples": 19200,
    "mean_precision": 0.45227430555555465,
    "mean_recall": 0.4679468264663591,
    "mean_f1": 0.45219221183398656,
    "exact_set_accuracy": 0.2853125,
    "cardinality_accuracy": 0.5078645833333333,
    "count_class_accuracy": 0.5546354166666667,
    "count_class_evaluated": 19200,
    "micro_precision": 0.47546665553096423,
    "micro_recall": 0.3847921595133491,
    "micro_f1": 0.4253506920447541,
    "total_tp": 11386,
    "total_fp": 12561,
    "total_fn": 18204,
    "no_target_total": 4448,
    "no_target_accuracy": 0.8424010791366906,
    "false_grounding_rate": 0.15759892086330934,
    "single_target_total": 5917,
    "single_target_localization_accuracy": 0.13199256379922258,
    "single_target_exact_accuracy": 0.051039378063207706,
    "multi_target_total": 8835,
    "multi_target_mean_f1": 0.49463389555320714,
    "multi_target_exact_accuracy": 0.1617430673457838
  },
  "by_target_type": {
    "no-target": {
      "num_samples": 4448,
      "mean_precision": 0.8424010791366906,
      "mean_recall": 0.8424010791366906,
      "mean_f1": 0.8424010791366906,
      "exact_set_accuracy": 0.8424010791366906,
      "cardinality_accuracy": 0.8424010791366906,
      "count_class_accuracy": 0.8424010791366906,
      "count_class_evaluated": 4448,
      "micro_precision": 0.0,
      "micro_recall": 0.0,
      "micro_f1": 0.0,
      "total_tp": 0,
      "total_fp": 1353,
      "total_fn": 0
    },
    "single-target": {
      "num_samples": 5917,
      "mean_precision": 0.08199538054194086,
      "mean_recall": 0.13199256379922258,
      "mean_f1": 0.09548757816461048,
      "exact_set_accuracy": 0.051039378063207706,
      "cardinality_accuracy": 0.12658441777928003,
      "count_class_accuracy": 0.12658441777928003,
      "count_class_evaluated": 5917,
      "micro_precision": 0.28840472673559825,
      "micro_recall": 0.13199256379922258,
      "micro_f1": 0.18110144927536231,
      "total_tp": 781,
      "total_fp": 1927,
      "total_fn": 5136
    },
    "multi-target": {
      "num_samples": 8835,
      "mean_precision": 0.5038483305036779,
      "mean_recall": 0.5044232108833105,
      "mean_f1": 0.49463389555320714,
      "exact_set_accuracy": 0.1617430673457838,
      "cardinality_accuracy": 0.5947934352009054,
      "count_class_accuracy": 0.6964346349745331,
      "count_class_evaluated": 8835,
      "micro_precision": 0.5332897515840289,
      "micro_recall": 0.4479787099226967,
      "micro_f1": 0.4869257788287151,
      "total_tp": 10605,
      "total_fp": 9281,
      "total_fn": 13068
    }
  },
  "by_count_group": {
    "0": {
      "num_samples": 4448,
      "mean_precision": 0.8424010791366906,
      "mean_recall": 0.8424010791366906,
      "mean_f1": 0.8424010791366906,
      "exact_set_accuracy": 0.8424010791366906,
      "cardinality_accuracy": 0.8424010791366906,
      "count_class_accuracy": 0.8424010791366906,
      "count_class_evaluated": 4448,
      "micro_precision": 0.0,
      "micro_recall": 0.0,
      "micro_f1": 0.0,
      "total_tp": 0,
      "total_fp": 1353,
      "total_fn": 0
    },
    "1": {
      "num_samples": 5917,
      "mean_precision": 0.08199538054194086,
      "mean_recall": 0.13199256379922258,
      "mean_f1": 0.09548757816461048,
      "exact_set_accuracy": 0.051039378063207706,
      "cardinality_accuracy": 0.12658441777928003,
      "count_class_accuracy": 0.12658441777928003,
      "count_class_evaluated": 5917,
      "micro_precision": 0.28840472673559825,
      "micro_recall": 0.13199256379922258,
      "micro_f1": 0.18110144927536231,
      "total_tp": 781,
      "total_fp": 1927,
      "total_fn": 5136
    },
    "2": {
      "num_samples": 5940,
      "mean_precision": 0.5090909090909096,
      "mean_recall": 0.5568181818181818,
      "mean_f1": 0.5261391694725133,
      "exact_set_accuracy": 0.20084175084175085,
      "cardinality_accuracy": 0.6531986531986532,
      "count_class_accuracy": 0.6531986531986532,
      "count_class_evaluated": 5940,
      "micro_precision": 0.5417690417690417,
      "micro_recall": 0.5568181818181818,
      "micro_f1": 0.5491905354919053,
      "total_tp": 6615,
      "total_fp": 5595,
      "total_fn": 5265
    },
    "3+": {
      "num_samples": 2895,
      "mean_precision": 0.49309153713298814,
      "mean_recall": 0.39691850368016085,
      "mean_f1": 0.429990950102195,
      "exact_set_accuracy": 0.08151986183074265,
      "cardinality_accuracy": 0.4749568221070812,
      "count_class_accuracy": 0.785146804835924,
      "count_class_evaluated": 2895,
      "micro_precision": 0.5198019801980198,
      "micro_recall": 0.3383363011956245,
      "micro_f1": 0.40988237711233244,
      "total_tp": 3990,
      "total_fp": 3686,
      "total_fn": 7803
    }
  },
  "examples": [
    {
      "sample_id": "0000000",
      "image_id": 839,
      "file_name": "COCO_train2014_000000000839.jpg",
      "target_type": "multi-target",
      "expression": "blue shirt and a frisbee",
      "true_count_class": 2,
      "pred_count_class": 1,
      "gt_candidate_indices": [
        0,
        1
      ],
      "pred_candidate_indices": [
        0
      ],
      "num_predictions": 1,
      "num_targets": 2,
      "precision": 1.0,
      "recall": 0.5,
      "f1": 0.6666666666666666,
      "exact": 0.0
    },
    {
      "sample_id": "0000001",
      "image_id": 839,
      "file_name": "COCO_train2014_000000000839.jpg",
      "target_type": "multi-target",
      "expression": "blue shirt and frisbee",
      "true_count_class": 2,
      "pred_count_class": 2,
      "gt_candidate_indices": [
        0,
        1
      ],
      "pred_candidate_indices": [
        0,
        2
      ],
      "num_predictions": 2,
      "num_targets": 2,
      "precision": 0.5,
      "recall": 0.5,
      "f1": 0.5,
      "exact": 0.0
    },
    {
      "sample_id": "0000002",
      "image_id": 839,
      "file_name": "COCO_train2014_000000000839.jpg",
      "target_type": "multi-target",
      "expression": "blue shirt and white shirt",
      "true_count_class": 2,
      "pred_count_class": 3,
      "gt_candidate_indices": [
        0,
        2
      ],
      "pred_candidate_indices": [
        0,
        1,
        2
      ],
      "num_predictions": 3,
      "num_targets": 2,
      "precision": 0.6666666666666666,
      "recall": 1.0,
      "f1": 0.8,
      "exact": 0.0
    },
    {
      "sample_id": "0000003",
      "image_id": 839,
      "file_name": "COCO_train2014_000000000839.jpg",
      "target_type": "multi-target",
      "expression": "blue cshirt and falling",
      "true_count_class": 2,
      "pred_count_class": 2,
      "gt_candidate_indices": [
        0,
        2
      ],
      "pred_candidate_indices": [
        0,
        2
      ],
      "num_predictions": 2,