{
  "feature_file": "cache/features/stage5/clip_detector_testA.pt",
  "checkpoint": "checkpoints/stage5_6/clip_10pct_seed2_hierarchical/selected.pt",
  "clip_model": "ViT-B/32",
  "feature_dim": 512,
  "candidate_feature_dim": 512,
  "text_feature_dim": 512,
  "representation": {
    "name": "clip",
    "model_ids": {
      "clip": "ViT-B/32"
    },
    "candidate_feature_dim": 512,
    "text_feature_dim": 512,
    "component_normalization": {
      "clip_image": "l2",
      "clip_text": "l2"
    },
    "fusion": "none",
    "encoder_parameters": {
      "clip": {
        "total": 151277313,
        "trainable": 0
      }
    }
  },
  "device": "cuda",
  "batch_size": 128,
  "selection_policy": "cardinality-threshold",
  "membership_threshold": 0.7,
  "count_logit_bias": [
    1.0,
    0.0,
    0.0,
    2.0
  ],
  "config": {
    "match_threshold": 0.5,
    "overlap_metric": "giou",
    "prediction_score_threshold": null,
    "image_f1_threshold": 1.0
  },
  "official": {
    "F1_score": 0.36213541666666665,
    "T_acc": 0.9696990238611713,
    "N_acc": 0.529001798561151
  },
  "diagnostics": {
    "num_samples": 19200,
    "mean_precision": 0.5396778687169311,
    "mean_recall": 0.5082819037877635,
    "mean_f1": 0.5162249276901796,
    "exact_set_accuracy": 0.36213541666666665,
    "cardinality_accuracy": 0.7199479166666667,
    "count_class_accuracy": 0.75421875,
    "count_class_evaluated": 19200,
    "micro_precision": 0.5154732665784999,
    "micro_recall": 0.4610341331530923,
    "micro_f1": 0.48673624119168674,
    "total_tp": 13642,
    "total_fp": 12823,
    "total_fn": 15948,
    "no_target_total": 4448,
    "no_target_accuracy": 0.529001798561151,
    "false_grounding_rate": 0.4709982014388489,
    "single_target_total": 5917,
    "single_target_localization_accuracy": 0.4757478451918202,
    "single_target_exact_accuracy": 0.44769308771336824,
    "multi_target_total": 8835,
    "multi_target_mean_f1": 0.5433146891135461,
    "multi_target_exact_accuracy": 0.22082625919637805
  },
  "by_target_type": {
    "no-target": {
      "num_samples": 4448,
      "mean_precision": 0.529001798561151,
      "mean_recall": 0.529001798561151,
      "mean_f1": 0.529001798561151,
      "exact_set_accuracy": 0.529001798561151,
      "cardinality_accuracy": 0.529001798561151,
      "count_class_accuracy": 0.529001798561151,
      "count_class_evaluated": 4448,
      "micro_precision": 0.0,
      "micro_recall": 0.0,
      "micro_f1": 0.0,
      "total_tp": 0,
      "total_fp": 2416,
      "total_fn": 0
    },
    "single-target": {
      "num_samples": 5917,
      "mean_precision": 0.4614951270350966,
      "mean_recall": 0.4757478451918202,
      "mean_f1": 0.4661709199481717,
      "exact_set_accuracy": 0.44769308771336824,
      "cardinality_accuracy": 0.9040054081460199,
      "count_class_accuracy": 0.9040054081460199,
      "count_class_evaluated": 5917,
      "micro_precision": 0.4784160435078178,
      "micro_recall": 0.4757478451918202,
      "micro_f1": 0.47707821371070247,
      "total_tp": 2815,
      "total_fp": 3069,
      "total_fn": 3102
    },
    "multi-target": {
      "num_samples": 8835,
      "mean_precision": 0.5974135158685244,
      "mean_recall": 0.5196392249830295,
      "mean_f1": 0.5433146891135461,
      "exact_set_accuracy": 0.22082625919637805,
      "cardinality_accuracy": 0.6928126768534238,
      "count_class_accuracy": 0.7672891907187324,
      "count_class_evaluated": 8835,
      "micro_precision": 0.596036333608588,
      "micro_recall": 0.4573564820681789,
      "micro_f1": 0.517567761365266,
      "total_tp": 10827,
      "total_fp": 7338,
      "total_fn": 12846
    }
  },
  "by_count_group": {
    "0": {
      "num_samples": 4448,
      "mean_precision": 0.529001798561151,
      "mean_recall": 0.529001798561151,
      "mean_f1": 0.529001798561151,
      "exact_set_accuracy": 0.529001798561151,
      "cardinality_accuracy": 0.529001798561151,
      "count_class_accuracy": 0.529001798561151,
      "count_class_evaluated": 4448,
      "micro_precision": 0.0,
      "micro_recall": 0.0,
      "micro_f1": 0.0,
      "total_tp": 0,
      "total_fp": 2416,
      "total_fn": 0
    },
    "1": {
      "num_samples": 5917,
      "mean_precision": 0.4614951270350966,
      "mean_recall": 0.4757478451918202,
      "mean_f1": 0.4661709199481717,
      "exact_set_accuracy": 0.44769308771336824,
      "cardinality_accuracy": 0.9040054081460199,
      "count_class_accuracy": 0.9040054081460199,
      "count_class_evaluated": 5917,
      "micro_precision": 0.4784160435078178,
      "micro_recall": 0.4757478451918202,
      "micro_f1": 0.47707821371070247,
      "total_tp": 2815,
      "total_fp": 3069,
      "total_fn": 3102
    },
    "2": {
      "num_samples": 5940,
      "mean_precision": 0.616919191919192,
      "mean_recall": 0.590993265993266,
      "mean_f1": 0.5989842873176182,
      "exact_set_accuracy": 0.30673400673400675,
      "cardinality_accuracy": 0.8924242424242425,
      "count_class_accuracy": 0.8924242424242425,
      "count_class_evaluated": 5940,
      "micro_precision": 0.6225394573505941,
      "micro_recall": 0.590993265993266,
      "micro_f1": 0.606356334743933,
      "total_tp": 7021,
      "total_fp": 4257,
      "total_fn": 4859
    },
    "3+": {
      "num_samples": 2895,
      "mean_precision": 0.5573915069770018,
      "mean_recall": 0.3732340423920742,
      "mean_f1": 0.4290910575652858,
      "exact_set_accuracy": 0.04455958549222798,
      "cardinality_accuracy": 0.28324697754749567,
      "count_class_accuracy": 0.5105354058721935,
      "count_class_evaluated": 2895,
      "micro_precision": 0.5526354000290402,
      "micro_recall": 0.322733825150513,
      "micro_f1": 0.4074946466809422,
      "total_tp": 3806,
      "total_fp": 3081,
      "total_fn": 7987
    }
  },
  "examples": [
    {
      "sample_id": "0000000",
      "image_id": 839,
      "file_name": "COCO_train2014_000000000839.jpg",
      "target_type": "multi-target",
      "expression": "blue shirt and a frisbee",
      "true_count_class": 2,
      "pred_count_class": 2,
      "gt_candidate_indices": [
        0,
        1
      ],
      "pred_candidate_indices": [
        0,
        2
      ],
      "num_predictions": 2,
      "num_targets": 2,
      "precision": 0.5,
      "recall": 0.5,
      "f1": 0.5,
      "exact": 0.0
    },
    {
      "sample_id": "0000001",
      "image_id": 839,
      "file_name": "COCO_train2014_000000000839.jpg",
      "target_type": "multi-target",
      "expression": "blue shirt and frisbee",
      "true_count_class": 2,
      "pred_count_class": 2,
      "gt_candidate_indices": [
        0,
        1
      ],
      "pred_candidate_indices": [
        0,
        2
      ],
      "num_predictions": 2,
      "num_targets": 2,
      "precision": 0.5,
      "recall": 0.5,
      "f1": 0.5,
      "exact": 0.0
    },
    {
      "sample_id": "0000002",
      "image_id": 839,
      "file_name": "COCO_train2014_000000000839.jpg",
      "target_type": "multi-target",
      "expression": "blue shirt and white shirt",
      "true_count_class": 2,
      "pred_count_class": 2,
      "gt_candidate_indices": [
        0,
        2
      ],
      "pred_candidate_indices": [
        0,
        2
      ],
      "num_predictions": 2,
      "num_targets": 2,
      "precision": 1.0,
      "recall": 1.0,
      "f1": 1.0,
      "exact": 1.0
    },
    {
      "sample_id": "0000003",
      "image_id": 839,
      "file_name": "COCO_train2014_000000000839.jpg",
      "target_type": "multi-target",
      "expression": "blue cshirt and falling",
      "true_count_class": 2,
      "pred_count_class": 2,
      "gt_candidate_indices": [
        0,
        2
      ],
      "pred_candidate_indices": [
        0,
        2
      ],
      "num_predictions": 2,
      "num_targets": 2,
      "precision": 1.0,
      "recall": 1.0,
      "f1": 1.0,
      "exact": 1.0
    },
    {
      "sample_id": "0000004",
      "image_id": 839,