{
  "feature_file": "cache/features/stage5/clip_detector_testB.pt",
  "checkpoint": "checkpoints/stage5_6/clip_10pct_seed2_hierarchical/selected.pt",
  "clip_model": "ViT-B/32",
  "feature_dim": 512,
  "candidate_feature_dim": 512,
  "text_feature_dim": 512,
  "representation": {
    "name": "clip",
    "model_ids": {
      "clip": "ViT-B/32"
    },
    "candidate_feature_dim": 512,
    "text_feature_dim": 512,
    "component_normalization": {
      "clip_image": "l2",
      "clip_text": "l2"
    },
    "fusion": "none",
    "encoder_parameters": {
      "clip": {
        "total": 151277313,
        "trainable": 0
      }
    }
  },
  "device": "cuda",
  "batch_size": 128,
  "selection_policy": "cardinality-threshold",
  "membership_threshold": 0.9,
  "count_logit_bias": [
    5.5,
    0.0,
    0.0,
    12.5
  ],
  "config": {
    "match_threshold": 0.5,
    "overlap_metric": "giou",
    "prediction_score_threshold": null,
    "image_f1_threshold": 1.0
  },
  "official": {
    "F1_score": 0.347755711884455,
    "T_acc": 0.8637401229148376,
    "N_acc": 0.6832869676867109
  },
  "diagnostics": {
    "num_samples": 16063,
    "mean_precision": 0.4745688850152516,
    "mean_recall": 0.47715299980132037,
    "mean_f1": 0.4695196552906645,
    "exact_set_accuracy": 0.347755711884455,
    "cardinality_accuracy": 0.6669986926476997,
    "count_class_accuracy": 0.7168648446740957,
    "count_class_evaluated": 16063,
    "micro_precision": 0.40412494395456583,
    "micro_recall": 0.3803807558848354,
    "micro_f1": 0.3918935239981642,
    "total_tp": 8112,
    "total_fp": 11961,
    "total_fn": 13214,
    "no_target_total": 4673,
    "no_target_accuracy": 0.6832869676867109,
    "false_grounding_rate": 0.3167130323132891,
    "single_target_total": 5646,
    "single_target_localization_accuracy": 0.3365214311016649,
    "single_target_exact_accuracy": 0.2718738930216082,
    "multi_target_total": 5744,
    "multi_target_mean_f1": 0.4545718818942559,
    "multi_target_exact_accuracy": 0.14937325905292478
  },
  "by_target_type": {
    "no-target": {
      "num_samples": 4673,
      "mean_precision": 0.6832869676867109,
      "mean_recall": 0.6832869676867109,
      "mean_f1": 0.6832869676867109,
      "exact_set_accuracy": 0.6832869676867109,
      "cardinality_accuracy": 0.6832869676867109,
      "count_class_accuracy": 0.6832869676867109,
      "count_class_evaluated": 4673,
      "micro_precision": 0.0,
      "micro_recall": 0.0,
      "micro_f1": 0.0,
      "total_tp": 0,
      "total_fp": 1991,
      "total_fn": 0
    },
    "single-target": {
      "num_samples": 5646,
      "mean_precision": 0.29702444208289,
      "mean_recall": 0.3365214311016649,
      "mean_f1": 0.3077990317629002,
      "exact_set_accuracy": 0.2718738930216082,
      "cardinality_accuracy": 0.6450584484590861,
      "count_class_accuracy": 0.6450584484590861,
      "count_class_evaluated": 5646,
      "micro_precision": 0.3537516291193446,
      "micro_recall": 0.3365214311016649,
      "micro_f1": 0.34492148497776165,
      "total_tp": 1900,
      "total_fp": 3471,
      "total_fn": 3746
    },
    "multi-target": {
      "num_samples": 5744,
      "mean_precision": 0.4792827298050128,
      "mean_recall": 0.4476860438385506,
      "mean_f1": 0.4545718818942559,
      "exact_set_accuracy": 0.14937325905292478,
      "cardinality_accuracy": 0.6753133704735376,
      "count_class_accuracy": 0.8147632311977716,
      "count_class_evaluated": 5744,
      "micro_precision": 0.48871056565179766,
      "micro_recall": 0.3961734693877551,
      "micro_f1": 0.4376034658870769,
      "total_tp": 6212,
      "total_fp": 6499,
      "total_fn": 9468
    }
  },
  "by_count_group": {
    "0": {
      "num_samples": 4673,
      "mean_precision": 0.6832869676867109,
      "mean_recall": 0.6832869676867109,
      "mean_f1": 0.6832869676867109,
      "exact_set_accuracy": 0.6832869676867109,
      "cardinality_accuracy": 0.6832869676867109,
      "count_class_accuracy": 0.6832869676867109,
      "count_class_evaluated": 4673,
      "micro_precision": 0.0,
      "micro_recall": 0.0,
      "micro_f1": 0.0,
      "total_tp": 0,
      "total_fp": 1991,
      "total_fn": 0
    },
    "1": {
      "num_samples": 5646,
      "mean_precision": 0.29702444208289,
      "mean_recall": 0.3365214311016649,
      "mean_f1": 0.3077990317629002,
      "exact_set_accuracy": 0.2718738930216082,
      "cardinality_accuracy": 0.6450584484590861,
      "count_class_accuracy": 0.6450584484590861,
      "count_class_evaluated": 5646,
      "micro_precision": 0.3537516291193446,
      "micro_recall": 0.3365214311016649,
      "micro_f1": 0.34492148497776165,
      "total_tp": 1900,
      "total_fp": 3471,
      "total_fn": 3746
    },
    "2": {
      "num_samples": 3957,
      "mean_precision": 0.4837418920057281,
      "mean_recall": 0.4844579226686884,
      "mean_f1": 0.47904136130064967,
      "exact_set_accuracy": 0.1892848117260551,
      "cardinality_accuracy": 0.7915087187263078,
      "count_class_accuracy": 0.7910032853171595,
      "count_class_evaluated": 3957,
      "micro_precision": 0.49941383352872215,
      "micro_recall": 0.4844579226686884,
      "micro_f1": 0.4918222051183375,
      "total_tp": 3834,
      "total_fp": 3843,
      "total_fn": 4080
    },
    "3+": {
      "num_samples": 1787,
      "mean_precision": 0.4694086924081318,
      "mean_recall": 0.3662611280406467,
      "mean_f1": 0.40038848513370245,
      "exact_set_accuracy": 0.060996082820369335,
      "cardinality_accuracy": 0.41801902630106325,
      "count_class_accuracy": 0.8673754896474538,
      "count_class_evaluated": 1787,
      "micro_precision": 0.47238776321017084,
      "micro_recall": 0.3062065413340201,
      "micro_f1": 0.3715625,
      "total_tp": 2378,
      "total_fp": 2656,
      "total_fn": 5388
    }
  },
  "examples": [
    {
      "sample_id": "0000000",
      "image_id": 154,
      "file_name": "COCO_train2014_000000000154.jpg",
      "target_type": "multi-target",
      "expression": "three zebras standing on the savannah.",
      "true_count_class": 3,
      "pred_count_class": 3,
      "gt_candidate_indices": [
        0,
        1,
        2,
        3
      ],
      "pred_candidate_indices": [
        0,
        1,
        3
      ],
      "num_predictions": 3,
      "num_targets": 3,
      "precision": 0.6666666666666666,
      "recall": 0.6666666666666666,
      "f1": 0.6666666666666666,
      "exact": 0.0
    },
    {
      "sample_id": "0000001",
      "image_id": 154,
      "file_name": "COCO_train2014_000000000154.jpg",
      "target_type": "multi-target",
      "expression": "a trio of zebras positioned on the grassland.",
      "true_count_class": 3,
      "pred_count_class": 3,
      "gt_candidate_indices": [
        0,
        1,
        2,
        3
      ],
      "pred_candidate_indices": [
        0,
        1,
        3
      ],
      "num_predictions": 3,
      "num_targets": 3,
      "precision": 0.6666666666666666,
      "recall": 0.6666666666666666,
      "f1": 0.6666666666666666,
      "exact": 0.0
    },
    {
      "sample_id": "0000002",
      "image_id": 154,
      "file_name": "COCO_train2014_000000000154.jpg",
      "target_type": "multi-target",
      "expression": "there are three zebras standing in the prairie.",
      "true_count_class": 3,
      "pred_count_class": 3,
      "gt_candidate_indices": [
        0,
        1,
        2,
        3
      ],
      "pred_candidate_indices": [
        0,
        1,
        3
      ],
      "num_predictions": 3,
      "num_targets": 3,
      "precision": 0.6666666666666666,
      "recall": 0.6666666666666666,
      "f1": 0.6666666666666666,
      "exact": 0.0
    },
    {
      "sample_id": "0000003",
      "image_id": 154,
      "file_name": "COCO_train2014_000000000154.jpg",
      "target_type": "multi-target",
      "expression": "three zebras, all stationary on the grassy plain.",
      "true_count_class": 3,