{
  "feature_file": "cache/features/stage5/clip_detector_testB.pt",
  "checkpoint": "checkpoints/stage5_6/clip_10pct_seed2_hierarchical/selected.pt",
  "clip_model": "ViT-B/32",
  "feature_dim": 512,
  "candidate_feature_dim": 512,
  "text_feature_dim": 512,
  "representation": {
    "name": "clip",
    "model_ids": {
      "clip": "ViT-B/32"
    },
    "candidate_feature_dim": 512,
    "text_feature_dim": 512,
    "component_normalization": {
      "clip_image": "l2",
      "clip_text": "l2"
    },
    "fusion": "none",
    "encoder_parameters": {
      "clip": {
        "total": 151277313,
        "trainable": 0
      }
    }
  },
  "device": "cuda",
  "batch_size": 128,
  "selection_policy": "cardinality-threshold",
  "membership_threshold": 0.7,
  "count_logit_bias": [
    1.0,
    0.0,
    0.0,
    2.0
  ],
  "config": {
    "match_threshold": 0.5,
    "overlap_metric": "giou",
    "prediction_score_threshold": null,
    "image_f1_threshold": 1.0
  },
  "official": {
    "F1_score": 0.33860424578223247,
    "T_acc": 0.9343283582089552,
    "N_acc": 0.5690134817034025
  },
  "diagnostics": {
    "num_samples": 16063,
    "mean_precision": 0.4672691261093182,
    "mean_recall": 0.45050926544109493,
    "mean_f1": 0.4530751031199649,
    "exact_set_accuracy": 0.33860424578223247,
    "cardinality_accuracy": 0.6997447550270809,
    "count_class_accuracy": 0.7334868953495611,
    "count_class_evaluated": 16063,
    "micro_precision": 0.41040373467398555,
    "micro_recall": 0.37512895057676077,
    "micro_f1": 0.39197432568166785,
    "total_tp": 8000,
    "total_fp": 11493,
    "total_fn": 13326,
    "no_target_total": 4673,
    "no_target_accuracy": 0.5690134817034025,
    "false_grounding_rate": 0.43098651829659745,
    "single_target_total": 5646,
    "single_target_localization_accuracy": 0.36911087495572087,
    "single_target_exact_accuracy": 0.33722989727240527,
    "multi_target_total": 5744,
    "multi_target_mean_f1": 0.45196356454549225,
    "multi_target_exact_accuracy": 0.15250696378830084
  },
  "by_target_type": {
    "no-target": {
      "num_samples": 4673,
      "mean_precision": 0.5690134817034025,
      "mean_recall": 0.5690134817034025,
      "mean_f1": 0.5690134817034025,
      "exact_set_accuracy": 0.5690134817034025,
      "cardinality_accuracy": 0.5690134817034025,
      "count_class_accuracy": 0.5690134817034025,
      "count_class_evaluated": 4673,
      "micro_precision": 0.0,
      "micro_recall": 0.0,
      "micro_f1": 0.0,
      "total_tp": 0,
      "total_fp": 2243,
      "total_fn": 0
    },
    "single-target": {
      "num_samples": 5646,
      "mean_precision": 0.35293423072381624,
      "mean_recall": 0.36911087495572087,
      "mean_f1": 0.35824772700436935,
      "exact_set_accuracy": 0.33722989727240527,
      "cardinality_accuracy": 0.8108395324123273,
      "count_class_accuracy": 0.8108395324123273,
      "count_class_evaluated": 5646,
      "micro_precision": 0.38649851632047477,
      "micro_recall": 0.36911087495572087,
      "micro_f1": 0.3776046385214713,
      "total_tp": 2084,
      "total_fp": 3308,
      "total_fn": 3562
    },
    "multi-target": {
      "num_samples": 5744,
      "mean_precision": 0.4968797538348371,
      "mean_recall": 0.4341104336316732,
      "mean_f1": 0.45196356454549225,
      "exact_set_accuracy": 0.15250696378830084,
      "cardinality_accuracy": 0.6969011142061281,
      "count_class_accuracy": 0.7912604456824512,
      "count_class_evaluated": 5744,
      "micro_precision": 0.49890369370888854,
      "micro_recall": 0.37729591836734694,
      "micro_f1": 0.429660832304452,
      "total_tp": 5916,
      "total_fp": 5942,
      "total_fn": 9764
    }
  },
  "by_count_group": {
    "0": {
      "num_samples": 4673,
      "mean_precision": 0.5690134817034025,
      "mean_recall": 0.5690134817034025,
      "mean_f1": 0.5690134817034025,
      "exact_set_accuracy": 0.5690134817034025,
      "cardinality_accuracy": 0.5690134817034025,
      "count_class_accuracy": 0.5690134817034025,
      "count_class_evaluated": 4673,
      "micro_precision": 0.0,
      "micro_recall": 0.0,
      "micro_f1": 0.0,
      "total_tp": 0,
      "total_fp": 2243,
      "total_fn": 0
    },
    "1": {
      "num_samples": 5646,
      "mean_precision": 0.35293423072381624,
      "mean_recall": 0.36911087495572087,
      "mean_f1": 0.35824772700436935,
      "exact_set_accuracy": 0.33722989727240527,
      "cardinality_accuracy": 0.8108395324123273,
      "count_class_accuracy": 0.8108395324123273,
      "count_class_evaluated": 5646,
      "micro_precision": 0.38649851632047477,
      "micro_recall": 0.36911087495572087,
      "micro_f1": 0.3776046385214713,
      "total_tp": 2084,
      "total_fp": 3308,
      "total_fn": 3562
    },
    "2": {
      "num_samples": 3957,
      "mean_precision": 0.5035380338640385,
      "mean_recall": 0.4807935304523629,
      "mean_f1": 0.48773481593800144,
      "exact_set_accuracy": 0.20192064695476372,
      "cardinality_accuracy": 0.8888046499873642,
      "count_class_accuracy": 0.88855193328279,
      "count_class_evaluated": 3957,
      "micro_precision": 0.5068602637538298,
      "micro_recall": 0.4807935304523629,
      "micro_f1": 0.4934829129109656,
      "total_tp": 3805,
      "total_fp": 3702,
      "total_fn": 4109
    },
    "3+": {
      "num_samples": 1787,
      "mean_precision": 0.4821361533448826,
      "mean_recall": 0.3307388532626359,
      "mean_f1": 0.3727543637843495,
      "exact_set_accuracy": 0.04308897593732513,
      "cardinality_accuracy": 0.27196418578623394,
      "count_class_accuracy": 0.5758254057078903,
      "count_class_evaluated": 1787,
      "micro_precision": 0.48517582165019535,
      "micro_recall": 0.2718259078032449,
      "micro_f1": 0.34843608153833455,
      "total_tp": 2111,
      "total_fp": 2240,
      "total_fn": 5655
    }
  },
  "examples": [
    {
      "sample_id": "0000000",
      "image_id": 154,
      "file_name": "COCO_train2014_000000000154.jpg",
      "target_type": "multi-target",
      "expression": "three zebras standing on the savannah.",
      "true_count_class": 3,
      "pred_count_class": 3,
      "gt_candidate_indices": [
        0,
        1,
        2,
        3
      ],
      "pred_candidate_indices": [
        0,
        1,
        3
      ],
      "num_predictions": 3,
      "num_targets": 3,
      "precision": 0.6666666666666666,
      "recall": 0.6666666666666666,
      "f1": 0.6666666666666666,
      "exact": 0.0
    },
    {
      "sample_id": "0000001",
      "image_id": 154,
      "file_name": "COCO_train2014_000000000154.jpg",
      "target_type": "multi-target",
      "expression": "a trio of zebras positioned on the grassland.",
      "true_count_class": 3,
      "pred_count_class": 3,
      "gt_candidate_indices": [
        0,
        1,
        2,
        3
      ],
      "pred_candidate_indices": [
        0,
        1,
        3
      ],
      "num_predictions": 3,
      "num_targets": 3,
      "precision": 0.6666666666666666,
      "recall": 0.6666666666666666,
      "f1": 0.6666666666666666,
      "exact": 0.0
    },
    {
      "sample_id": "0000002",
      "image_id": 154,
      "file_name": "COCO_train2014_000000000154.jpg",
      "target_type": "multi-target",
      "expression": "there are three zebras standing in the prairie.",
      "true_count_class": 3,
      "pred_count_class": 3,
      "gt_candidate_indices": [
        0,
        1,
        2,
        3
      ],
      "pred_candidate_indices": [
        0,
        1,
        3
      ],
      "num_predictions": 3,
      "num_targets": 3,
      "precision": 0.6666666666666666,
      "recall": 0.6666666666666666,
      "f1": 0.6666666666666666,
      "exact": 0.0
    },
    {
      "sample_id": "0000003",
      "image_id": 154,
      "file_name": "COCO_train2014_000000000154.jpg",
      "target_type": "multi-target",
      "expression": "three zebras, all stationary on the grassy plain.",