{
  "feature_file": "cache/features/stage5/clip_detector_testB.pt",
  "checkpoint": "checkpoints/stage5/clip_10pct_seed0/last.pt",
  "clip_model": "ViT-B/32",
  "feature_dim": 512,
  "candidate_feature_dim": 512,
  "text_feature_dim": 512,
  "representation": {
    "name": "clip",
    "model_ids": {
      "clip": "ViT-B/32"
    },
    "candidate_feature_dim": 512,
    "text_feature_dim": 512,
    "component_normalization": {
      "clip_image": "l2",
      "clip_text": "l2"
    },
    "fusion": "none",
    "encoder_parameters": {
      "clip": {
        "total": 151277313,
        "trainable": 0
      }
    }
  },
  "device": "cuda",
  "batch_size": 64,
  "selection_policy": "cardinality-threshold",
  "membership_threshold": 0.5,
  "config": {
    "match_threshold": 0.5,
    "overlap_metric": "giou",
    "prediction_score_threshold": null,
    "image_f1_threshold": 1.0
  },
  "official": {
    "F1_score": 0.2922866214281267,
    "T_acc": 0.9629499561018438,
    "N_acc": 0.47078964262786216
  },
  "diagnostics": {
    "num_samples": 16063,
    "mean_precision": 0.42105167646830777,
    "mean_recall": 0.4043337155971766,
    "mean_f1": 0.4049641614220136,
    "exact_set_accuracy": 0.2922866214281267,
    "cardinality_accuracy": 0.6676212413621366,
    "count_class_accuracy": 0.6884766232957729,
    "count_class_evaluated": 16063,
    "micro_precision": 0.3691318012178354,
    "micro_recall": 0.3524805401856888,
    "micro_f1": 0.360614056128568,
    "total_tp": 7517,
    "total_fp": 12847,
    "total_fn": 13809,
    "no_target_total": 4673,
    "no_target_accuracy": 0.47078964262786216,
    "false_grounding_rate": 0.5292103573721378,
    "single_target_total": 5646,
    "single_target_localization_accuracy": 0.3333333333333333,
    "single_target_exact_accuracy": 0.2925965285157634,
    "multi_target_total": 5744,
    "multi_target_mean_f1": 0.43525522137682376,
    "multi_target_exact_accuracy": 0.14676183844011143
  },
  "by_target_type": {
    "no-target": {
      "num_samples": 4673,
      "mean_precision": 0.47078964262786216,
      "mean_recall": 0.47078964262786216,
      "mean_f1": 0.47078964262786216,
      "exact_set_accuracy": 0.47078964262786216,
      "cardinality_accuracy": 0.47078964262786216,
      "count_class_accuracy": 0.47078964262786216,
      "count_class_evaluated": 4673,
      "micro_precision": 0.0,
      "micro_recall": 0.0,
      "micro_f1": 0.0,
      "total_tp": 0,
      "total_fp": 2771,
      "total_fn": 0
    },
    "single-target": {
      "num_samples": 5646,
      "mean_precision": 0.31287637265320584,
      "mean_recall": 0.3333333333333333,
      "mean_f1": 0.3196658401228014,
      "exact_set_accuracy": 0.2925965285157634,
      "cardinality_accuracy": 0.8264257881686149,
      "count_class_accuracy": 0.8264257881686149,
      "count_class_evaluated": 5646,
      "micro_precision": 0.3174228369033564,
      "micro_recall": 0.3333333333333333,
      "micro_f1": 0.3251835853131749,
      "total_tp": 1882,
      "total_fp": 4047,
      "total_fn": 3764
    },
    "multi-target": {
      "num_samples": 5744,
      "mean_precision": 0.4869173187866352,
      "mean_recall": 0.4200578819006749,
      "mean_f1": 0.43525522137682376,
      "exact_set_accuracy": 0.14676183844011143,
      "cardinality_accuracy": 0.6716573816155988,
      "count_class_accuracy": 0.7299791086350975,
      "count_class_evaluated": 5744,
      "micro_precision": 0.4831104252400549,
      "micro_recall": 0.359375,
      "micro_f1": 0.41215623171445287,
      "total_tp": 5635,
      "total_fp": 6029,
      "total_fn": 10045
    }
  },
  "by_count_group": {
    "0": {
      "num_samples": 4673,
      "mean_precision": 0.47078964262786216,
      "mean_recall": 0.47078964262786216,
      "mean_f1": 0.47078964262786216,
      "exact_set_accuracy": 0.47078964262786216,
      "cardinality_accuracy": 0.47078964262786216,
      "count_class_accuracy": 0.47078964262786216,
      "count_class_evaluated": 4673,
      "micro_precision": 0.0,
      "micro_recall": 0.0,
      "micro_f1": 0.0,
      "total_tp": 0,
      "total_fp": 2771,
      "total_fn": 0
    },
    "1": {
      "num_samples": 5646,
      "mean_precision": 0.31287637265320584,
      "mean_recall": 0.3333333333333333,
      "mean_f1": 0.3196658401228014,
      "exact_set_accuracy": 0.2925965285157634,
      "cardinality_accuracy": 0.8264257881686149,
      "count_class_accuracy": 0.8264257881686149,
      "count_class_evaluated": 5646,
      "micro_precision": 0.3174228369033564,
      "micro_recall": 0.3333333333333333,
      "micro_f1": 0.3251835853131749,
      "total_tp": 1882,
      "total_fp": 4047,
      "total_fn": 3764
    },
    "2": {
      "num_samples": 3957,
      "mean_precision": 0.49598661804878635,
      "mean_recall": 0.47826636340662115,
      "mean_f1": 0.4834276006755166,
      "exact_set_accuracy": 0.20343694718220875,
      "cardinality_accuracy": 0.9120545868081881,
      "count_class_accuracy": 0.9118018701036138,
      "count_class_evaluated": 3957,
      "micro_precision": 0.49743724536732814,
      "micro_recall": 0.47826636340662115,
      "micro_f1": 0.4876634671133157,
      "total_tp": 3785,
      "total_fp": 3824,
      "total_fn": 4129
    },
    "3+": {
      "num_samples": 1787,
      "mean_precision": 0.4668349364809094,
      "mean_recall": 0.29116534618772905,
      "mean_f1": 0.3285858845637638,
      "exact_set_accuracy": 0.021264689423614997,
      "cardinality_accuracy": 0.13933967543368775,
      "count_class_accuracy": 0.32736429770565195,
      "count_class_evaluated": 1787,
      "micro_precision": 0.4562268803945746,
      "micro_recall": 0.2382178727787793,
      "micro_f1": 0.3130022840707216,
      "total_tp": 1850,
      "total_fp": 2205,
      "total_fn": 5916
    }
  },
  "examples": [
    {
      "sample_id": "0000000",
      "image_id": 154,
      "file_name": "COCO_train2014_000000000154.jpg",
      "target_type": "multi-target",
      "expression": "three zebras standing on the savannah.",
      "true_count_class": 3,
      "pred_count_class": 3,
      "gt_candidate_indices": [
        0,
        1,
        2,
        3
      ],
      "pred_candidate_indices": [
        0,
        1,
        3
      ],
      "num_predictions": 3,
      "num_targets": 3,
      "precision": 0.6666666666666666,
      "recall": 0.6666666666666666,
      "f1": 0.6666666666666666,
      "exact": 0.0
    },
    {
      "sample_id": "0000001",
      "image_id": 154,
      "file_name": "COCO_train2014_000000000154.jpg",
      "target_type": "multi-target",
      "expression": "a trio of zebras positioned on the grassland.",
      "true_count_class": 3,
      "pred_count_class": 2,
      "gt_candidate_indices": [
        0,
        1,
        2,
        3
      ],
      "pred_candidate_indices": [
        1,
        3
      ],
      "num_predictions": 2,
      "num_targets": 3,
      "precision": 0.5,
      "recall": 0.3333333333333333,
      "f1": 0.4,
      "exact": 0.0
    },
    {
      "sample_id": "0000002",
      "image_id": 154,
      "file_name": "COCO_train2014_000000000154.jpg",
      "target_type": "multi-target",
      "expression": "there are three zebras standing in the prairie.",
      "true_count_class": 3,
      "pred_count_class": 3,
      "gt_candidate_indices": [
        0,
        1,
        2,
        3
      ],
      "pred_candidate_indices": [
        0,
        1,
        3
      ],
      "num_predictions": 3,
      "num_targets": 3,
      "precision": 0.6666666666666666,
      "recall": 0.6666666666666666,
      "f1": 0.6666666666666666,
      "exact": 0.0
    },
    {
      "sample_id": "0000003",
      "image_id": 154,
      "file_name": "COCO_train2014_000000000154.jpg",
      "target_type": "multi-target",
      "expression": "three zebras, all stationary on the grassy plain.",
      "true_count_class": 3,
      "pred_count_class": 2,
      "gt_candidate_indices": [
        0,
        1,
        2,
        3
      ],