{
  "feature_file": "cache/features/stage5/clip_detector_testB.pt",
  "checkpoint": "checkpoints/stage5/clip_10pct_seed0/best.pt",
  "clip_model": "ViT-B/32",
  "feature_dim": 512,
  "candidate_feature_dim": 512,
  "text_feature_dim": 512,
  "representation": {
    "name": "clip",
    "model_ids": {
      "clip": "ViT-B/32"
    },
    "candidate_feature_dim": 512,
    "text_feature_dim": 512,
    "component_normalization": {
      "clip_image": "l2",
      "clip_text": "l2"
    },
    "fusion": "none",
    "encoder_parameters": {
      "clip": {
        "total": 151277313,
        "trainable": 0
      }
    }
  },
  "device": "cuda",
  "batch_size": 64,
  "selection_policy": "cardinality-threshold",
  "membership_threshold": 0.5,
  "config": {
    "match_threshold": 0.5,
    "overlap_metric": "giou",
    "prediction_score_threshold": null,
    "image_f1_threshold": 1.0
  },
  "official": {
    "F1_score": 0.29546161987175495,
    "T_acc": 0.4858647936786655,
    "N_acc": 0.8840145516798631
  },
  "diagnostics": {
    "num_samples": 16063,
    "mean_precision": 0.37860300068480357,
    "mean_recall": 0.3767033871590924,
    "mean_f1": 0.3749728342379147,
    "exact_set_accuracy": 0.29546161987175495,
    "cardinality_accuracy": 0.48521446803212354,
    "count_class_accuracy": 0.48521446803212354,
    "count_class_evaluated": 16063,
    "micro_precision": 0.3314093728463129,
    "micro_recall": 0.18039013410859983,
    "micro_f1": 0.2336187526568288,
    "total_tp": 3847,
    "total_fp": 7761,
    "total_fn": 17479,
    "no_target_total": 4673,
    "no_target_accuracy": 0.8840145516798631,
    "false_grounding_rate": 0.11598544832013696,
    "single_target_total": 5646,
    "single_target_localization_accuracy": 0.0522493800921006,
    "single_target_exact_accuracy": 0.007616011335458732,
    "multi_target_total": 5744,
    "multi_target_mean_f1": 0.29268604393517383,
    "multi_target_exact_accuracy": 0.09958217270194986
  },
  "by_target_type": {
    "no-target": {
      "num_samples": 4673,
      "mean_precision": 0.8840145516798631,
      "mean_recall": 0.8840145516798631,
      "mean_f1": 0.8840145516798631,
      "exact_set_accuracy": 0.8840145516798631,
      "cardinality_accuracy": 0.8840145516798631,
      "count_class_accuracy": 0.8840145516798631,
      "count_class_evaluated": 4673,
      "micro_precision": 0.0,
      "micro_recall": 0.0,
      "micro_f1": 0.0,
      "total_tp": 0,
      "total_fp": 878,
      "total_fn": 0
    },
    "single-target": {
      "num_samples": 5646,
      "mean_precision": 0.029932695713779666,
      "mean_recall": 0.0522493800921006,
      "mean_f1": 0.037371590506553226,
      "exact_set_accuracy": 0.007616011335458732,
      "cardinality_accuracy": 0.04339355295784626,
      "count_class_accuracy": 0.04339355295784626,
      "count_class_evaluated": 5646,
      "micro_precision": 0.15783841626538256,
      "micro_recall": 0.0522493800921006,
      "micro_f1": 0.07850964737192283,
      "total_tp": 295,
      "total_fp": 1574,
      "total_fn": 5351
    },
    "multi-target": {
      "num_samples": 5744,
      "mean_precision": 0.310149721448468,
      "mean_recall": 0.28290155082460067,
      "mean_f1": 0.29268604393517383,
      "exact_set_accuracy": 0.09958217270194986,
      "cardinality_accuracy": 0.5950557103064067,
      "count_class_accuracy": 0.5950557103064067,
      "count_class_evaluated": 5744,
      "micro_precision": 0.40085769100552987,
      "micro_recall": 0.22653061224489796,
      "micro_f1": 0.28947475652988874,
      "total_tp": 3552,
      "total_fp": 5309,
      "total_fn": 12128
    }
  },
  "by_count_group": {
    "0": {
      "num_samples": 4673,
      "mean_precision": 0.8840145516798631,
      "mean_recall": 0.8840145516798631,
      "mean_f1": 0.8840145516798631,
      "exact_set_accuracy": 0.8840145516798631,
      "cardinality_accuracy": 0.8840145516798631,
      "count_class_accuracy": 0.8840145516798631,
      "count_class_evaluated": 4673,
      "micro_precision": 0.0,
      "micro_recall": 0.0,
      "micro_f1": 0.0,
      "total_tp": 0,
      "total_fp": 878,
      "total_fn": 0
    },
    "1": {
      "num_samples": 5646,
      "mean_precision": 0.029932695713779666,
      "mean_recall": 0.0522493800921006,
      "mean_f1": 0.037371590506553226,
      "exact_set_accuracy": 0.007616011335458732,
      "cardinality_accuracy": 0.04339355295784626,
      "count_class_accuracy": 0.04339355295784626,
      "count_class_evaluated": 5646,
      "micro_precision": 0.15783841626538256,
      "micro_recall": 0.0522493800921006,
      "micro_f1": 0.07850964737192283,
      "total_tp": 295,
      "total_fp": 1574,
      "total_fn": 5351
    },
    "2": {
      "num_samples": 3957,
      "mean_precision": 0.3510235026535254,
      "mean_recall": 0.35064442759666414,
      "mean_f1": 0.3507707859489512,
      "exact_set_accuracy": 0.1445539550164266,
      "cardinality_accuracy": 0.8637856962345211,
      "count_class_accuracy": 0.8637856962345211,
      "count_class_evaluated": 3957,
      "micro_precision": 0.40475495915986,
      "micro_recall": 0.35064442759666414,
      "micro_f1": 0.37576167907921465,
      "total_tp": 2775,
      "total_fp": 4081,
      "total_fn": 5139
    },
    "3+": {
      "num_samples": 1787,
      "mean_precision": 0.2196418578623391,
      "mean_recall": 0.13289675877812457,
      "mean_f1": 0.16406750775805132,
      "exact_set_accuracy": 0.0,
      "cardinality_accuracy": 0.0,
      "count_class_accuracy": 0.0,
      "count_class_evaluated": 1787,
      "micro_precision": 0.38753117206982546,
      "micro_recall": 0.1000515065670873,
      "micro_f1": 0.1590420632483881,
      "total_tp": 777,
      "total_fp": 1228,
      "total_fn": 6989
    }
  },
  "examples": [
    {
      "sample_id": "0000000",
      "image_id": 154,
      "file_name": "COCO_train2014_000000000154.jpg",
      "target_type": "multi-target",
      "expression": "three zebras standing on the savannah.",
      "true_count_class": 3,
      "pred_count_class": 2,
      "gt_candidate_indices": [
        0,
        1,
        2,
        3
      ],
      "pred_candidate_indices": [
        1,
        3
      ],
      "num_predictions": 2,
      "num_targets": 3,
      "precision": 0.5,
      "recall": 0.3333333333333333,
      "f1": 0.4,
      "exact": 0.0
    },
    {
      "sample_id": "0000001",
      "image_id": 154,
      "file_name": "COCO_train2014_000000000154.jpg",
      "target_type": "multi-target",
      "expression": "a trio of zebras positioned on the grassland.",
      "true_count_class": 3,
      "pred_count_class": 2,
      "gt_candidate_indices": [
        0,
        1,
        2,
        3
      ],
      "pred_candidate_indices": [
        1,
        3
      ],
      "num_predictions": 2,
      "num_targets": 3,
      "precision": 0.5,
      "recall": 0.3333333333333333,
      "f1": 0.4,
      "exact": 0.0
    },
    {
      "sample_id": "0000002",
      "image_id": 154,
      "file_name": "COCO_train2014_000000000154.jpg",
      "target_type": "multi-target",
      "expression": "there are three zebras standing in the prairie.",
      "true_count_class": 3,
      "pred_count_class": 2,
      "gt_candidate_indices": [
        0,
        1,
        2,
        3
      ],
      "pred_candidate_indices": [
        1,
        3
      ],
      "num_predictions": 2,
      "num_targets": 3,
      "precision": 0.5,
      "recall": 0.3333333333333333,
      "f1": 0.4,
      "exact": 0.0
    },
    {
      "sample_id": "0000003",
      "image_id": 154,
      "file_name": "COCO_train2014_000000000154.jpg",
      "target_type": "multi-target",
      "expression": "three zebras, all stationary on the grassy plain.",
      "true_count_class": 3,
      "pred_count_class": 2,
      "gt_candidate_indices": [
        0,
        1,
        2,
        3
      ],
      "pred_candidate_indices": [
        1,
        3
      ],
      "num_predictions": 2,
      "num_targets": 3,