{
  "feature_file": "cache/features/stage5/siglip2_detector_testB.pt",
  "checkpoint": "checkpoints/stage5/siglip2_5pct_seed0/best.pt",
  "clip_model": "none",
  "feature_dim": 768,
  "candidate_feature_dim": 768,
  "text_feature_dim": 768,
  "representation": {
    "name": "siglip2",
    "model_ids": {
      "siglip2": "google/siglip2-base-patch16-224"
    },
    "candidate_feature_dim": 768,
    "text_feature_dim": 768,
    "component_normalization": {
      "siglip2_image": "l2",
      "siglip2_text": "l2"
    },
    "fusion": "none",
    "similarity_source": "normalized SigLIP 2 image/text embeddings",
    "encoder_parameters": {
      "siglip2": {
        "total": 375187970,
        "trainable": 0
      }
    }
  },
  "device": "cuda",
  "batch_size": 64,
  "selection_policy": "cardinality-threshold",
  "membership_threshold": 0.5,
  "config": {
    "match_threshold": 0.5,
    "overlap_metric": "giou",
    "prediction_score_threshold": null,
    "image_f1_threshold": 1.0
  },
  "official": {
    "F1_score": 0.312955238747432,
    "T_acc": 0.3600526777875329,
    "N_acc": 0.9653327626792211
  },
  "diagnostics": {
    "num_samples": 16063,
    "mean_precision": 0.3738093755836394,
    "mean_recall": 0.37594679283653937,
    "mean_f1": 0.3733356456571301,
    "exact_set_accuracy": 0.312955238747432,
    "cardinality_accuracy": 0.4743198655294777,
    "count_class_accuracy": 0.4743198655294777,
    "count_class_evaluated": 16063,
    "micro_precision": 0.35034013605442177,
    "micro_recall": 0.14006377192159805,
    "micro_f1": 0.20012059493501272,
    "total_tp": 2987,
    "total_fp": 5539,
    "total_fn": 18339,
    "no_target_total": 4673,
    "no_target_accuracy": 0.9653327626792211,
    "false_grounding_rate": 0.03466723732077894,
    "single_target_total": 5646,
    "single_target_localization_accuracy": 0.035600425079702444,
    "single_target_exact_accuracy": 0.0,
    "multi_target_total": 5744,
    "multi_target_mean_f1": 0.23535697705265932,
    "multi_target_exact_accuracy": 0.08983286908077995
  },
  "by_target_type": {
    "no-target": {
      "num_samples": 4673,
      "mean_precision": 0.9653327626792211,
      "mean_recall": 0.9653327626792211,
      "mean_f1": 0.9653327626792211,
      "exact_set_accuracy": 0.9653327626792211,
      "cardinality_accuracy": 0.9653327626792211,
      "count_class_accuracy": 0.9653327626792211,
      "count_class_evaluated": 4673,
      "micro_precision": 0.0,
      "micro_recall": 0.0,
      "micro_f1": 0.0,
      "total_tp": 0,
      "total_fp": 324,
      "total_fn": 0
    },
    "single-target": {
      "num_samples": 5646,
      "mean_precision": 0.017800212539851222,
      "mean_recall": 0.035600425079702444,
      "mean_f1": 0.023733616719801676,
      "exact_set_accuracy": 0.0,
      "cardinality_accuracy": 0.0,
      "count_class_accuracy": 0.0,
      "count_class_evaluated": 5646,
      "micro_precision": 0.17033898305084746,
      "micro_recall": 0.035600425079702444,
      "micro_f1": 0.05889246996777029,
      "total_tp": 201,
      "total_fp": 979,
      "total_fn": 5445
    },
    "multi-target": {
      "num_samples": 5744,
      "mean_precision": 0.24251392757660167,
      "mean_recall": 0.2309946610956361,
      "mean_f1": 0.23535697705265932,
      "exact_set_accuracy": 0.08983286908077995,
      "cardinality_accuracy": 0.5410863509749304,
      "count_class_accuracy": 0.5410863509749304,
      "count_class_evaluated": 5744,
      "micro_precision": 0.39675306180575337,
      "micro_recall": 0.17767857142857144,
      "micro_f1": 0.24544093031450973,
      "total_tp": 2786,
      "total_fp": 4236,
      "total_fn": 12894
    }
  },
  "by_count_group": {
    "0": {
      "num_samples": 4673,
      "mean_precision": 0.9653327626792211,
      "mean_recall": 0.9653327626792211,
      "mean_f1": 0.9653327626792211,
      "exact_set_accuracy": 0.9653327626792211,
      "cardinality_accuracy": 0.9653327626792211,
      "count_class_accuracy": 0.9653327626792211,
      "count_class_evaluated": 4673,
      "micro_precision": 0.0,
      "micro_recall": 0.0,
      "micro_f1": 0.0,
      "total_tp": 0,
      "total_fp": 324,
      "total_fn": 0
    },
    "1": {
      "num_samples": 5646,
      "mean_precision": 0.017800212539851222,
      "mean_recall": 0.035600425079702444,
      "mean_f1": 0.023733616719801676,
      "exact_set_accuracy": 0.0,
      "cardinality_accuracy": 0.0,
      "count_class_accuracy": 0.0,
      "count_class_evaluated": 5646,
      "micro_precision": 0.17033898305084746,
      "micro_recall": 0.035600425079702444,
      "micro_f1": 0.05889246996777029,
      "total_tp": 201,
      "total_fp": 979,
      "total_fn": 5445
    },
    "2": {
      "num_samples": 3957,
      "mean_precision": 0.30679807935304526,
      "mean_recall": 0.30679807935304526,
      "mean_f1": 0.30679807935304526,
      "exact_set_accuracy": 0.13040181956027294,
      "cardinality_accuracy": 0.7854435178165277,
      "count_class_accuracy": 0.7854435178165277,
      "count_class_evaluated": 3957,
      "micro_precision": 0.3906048906048906,
      "micro_recall": 0.30679807935304526,
      "micro_f1": 0.3436659589525832,
      "total_tp": 2428,
      "total_fp": 3788,
      "total_fn": 5486
    },
    "3+": {
      "num_samples": 1787,
      "mean_precision": 0.10016787912702854,
      "mean_recall": 0.06314120499906727,
      "mean_f1": 0.07716310922802261,
      "exact_set_accuracy": 0.0,
      "cardinality_accuracy": 0.0,
      "count_class_accuracy": 0.0,
      "count_class_evaluated": 1787,
      "micro_precision": 0.4441687344913151,
      "micro_recall": 0.04609837754313675,
      "micro_f1": 0.08352776481567896,
      "total_tp": 358,
      "total_fp": 448,
      "total_fn": 7408
    }
  },
  "examples": [
    {
      "sample_id": "0000000",
      "image_id": 154,
      "file_name": "COCO_train2014_000000000154.jpg",
      "target_type": "multi-target",
      "expression": "three zebras standing on the savannah.",
      "true_count_class": 3,
      "pred_count_class": 2,
      "gt_candidate_indices": [
        0,
        1,
        2,
        3
      ],
      "pred_candidate_indices": [
        1,
        3
      ],
      "num_predictions": 2,
      "num_targets": 3,
      "precision": 0.5,
      "recall": 0.3333333333333333,
      "f1": 0.4,
      "exact": 0.0
    },
    {
      "sample_id": "0000001",
      "image_id": 154,
      "file_name": "COCO_train2014_000000000154.jpg",
      "target_type": "multi-target",
      "expression": "a trio of zebras positioned on the grassland.",
      "true_count_class": 3,
      "pred_count_class": 2,
      "gt_candidate_indices": [
        0,
        1,
        2,
        3
      ],
      "pred_candidate_indices": [
        0,
        1
      ],
      "num_predictions": 2,
      "num_targets": 3,
      "precision": 1.0,
      "recall": 0.6666666666666666,
      "f1": 0.8,
      "exact": 0.0
    },
    {
      "sample_id": "0000002",
      "image_id": 154,
      "file_name": "COCO_train2014_000000000154.jpg",
      "target_type": "multi-target",
      "expression": "there are three zebras standing in the prairie.",
      "true_count_class": 3,
      "pred_count_class": 2,
      "gt_candidate_indices": [
        0,
        1,
        2,
        3
      ],
      "pred_candidate_indices": [
        1,
        3
      ],
      "num_predictions": 2,
      "num_targets": 3,
      "precision": 0.5,
      "recall": 0.3333333333333333,
      "f1": 0.4,
      "exact": 0.0
    },
    {
      "sample_id": "0000003",
      "image_id": 154,
      "file_name": "COCO_train2014_000000000154.jpg",
      "target_type": "multi-target",
      "expression": "three zebras, all stationary on the grassy plain.",
      "true_count_class": 3,
      "pred_count_class": 2,
      "gt_candidate_indices": [
        0,
        1,
        2,
        3
      ],
      "pred_candidate_indices": [
        0,
        1
      ],
      "num_predictions": 2,
      "num_targets": 3,