{
  "feature_file": "cache/features/stage5/clip_detector_testB.pt",
  "checkpoint": "checkpoints/stage5/clip_5pct_seed0/best.pt",
  "clip_model": "ViT-B/32",
  "feature_dim": 512,
  "candidate_feature_dim": 512,
  "text_feature_dim": 512,
  "representation": {
    "name": "clip",
    "model_ids": {
      "clip": "ViT-B/32"
    },
    "candidate_feature_dim": 512,
    "text_feature_dim": 512,
    "component_normalization": {
      "clip_image": "l2",
      "clip_text": "l2"
    },
    "fusion": "none",
    "encoder_parameters": {
      "clip": {
        "total": 151277313,
        "trainable": 0
      }
    }
  },
  "device": "cuda",
  "batch_size": 64,
  "selection_policy": "cardinality-threshold",
  "membership_threshold": 0.5,
  "config": {
    "match_threshold": 0.5,
    "overlap_metric": "giou",
    "prediction_score_threshold": null,
    "image_f1_threshold": 1.0
  },
  "official": {
    "F1_score": 0.2963954429434103,
    "T_acc": 0.6192273924495171,
    "N_acc": 0.8007703830515729
  },
  "diagnostics": {
    "num_samples": 16063,
    "mean_precision": 0.3998630392828239,
    "mean_recall": 0.38331467846657924,
    "mean_f1": 0.38535101741383215,
    "exact_set_accuracy": 0.2963954429434103,
    "cardinality_accuracy": 0.5284193488140447,
    "count_class_accuracy": 0.5284193488140447,
    "count_class_evaluated": 16063,
    "micro_precision": 0.35557083906464926,
    "micro_recall": 0.21818437587920847,
    "micro_f1": 0.2704289201441358,
    "total_tp": 4653,
    "total_fp": 8433,
    "total_fn": 16673,
    "no_target_total": 4673,
    "no_target_accuracy": 0.8007703830515729,
    "false_grounding_rate": 0.19922961694842714,
    "single_target_total": 5646,
    "single_target_localization_accuracy": 0.11229188806234502,
    "single_target_exact_accuracy": 0.07385759829968119,
    "multi_target_total": 5744,
    "multi_target_mean_f1": 0.3283820901900649,
    "multi_target_exact_accuracy": 0.1048050139275766
  },
  "by_target_type": {
    "no-target": {
      "num_samples": 4673,
      "mean_precision": 0.8007703830515729,
      "mean_recall": 0.8007703830515729,
      "mean_f1": 0.8007703830515729,
      "exact_set_accuracy": 0.8007703830515729,
      "cardinality_accuracy": 0.8007703830515729,
      "count_class_accuracy": 0.8007703830515729,
      "count_class_evaluated": 4673,
      "micro_precision": 0.0,
      "micro_recall": 0.0,
      "micro_f1": 0.0,
      "total_tp": 0,
      "total_fp": 1129,
      "total_fn": 0
    },
    "single-target": {
      "num_samples": 5646,
      "mean_precision": 0.09307474318101311,
      "mean_recall": 0.11229188806234502,
      "mean_f1": 0.09948045814145713,
      "exact_set_accuracy": 0.07385759829968119,
      "cardinality_accuracy": 0.259121501948282,
      "count_class_accuracy": 0.259121501948282,
      "count_class_evaluated": 5646,
      "micro_precision": 0.23283143591626881,
      "micro_recall": 0.11229188806234502,
      "micro_f1": 0.15151153064882303,
      "total_tp": 634,
      "total_fp": 2089,
      "total_fn": 5012
    },
    "multi-target": {
      "num_samples": 5744,
      "mean_precision": 0.37526114206128136,
      "mean_recall": 0.3100946518469148,
      "mean_f1": 0.3283820901900649,
      "exact_set_accuracy": 0.1048050139275766,
      "cardinality_accuracy": 0.5715529247910863,
      "count_class_accuracy": 0.5715529247910863,
      "count_class_evaluated": 5744,
      "micro_precision": 0.4352393329001516,
      "micro_recall": 0.25631377551020407,
      "micro_f1": 0.32262984667255357,
      "total_tp": 4019,
      "total_fp": 5215,
      "total_fn": 11661
    }
  },
  "by_count_group": {
    "0": {
      "num_samples": 4673,
      "mean_precision": 0.8007703830515729,
      "mean_recall": 0.8007703830515729,
      "mean_f1": 0.8007703830515729,
      "exact_set_accuracy": 0.8007703830515729,
      "cardinality_accuracy": 0.8007703830515729,
      "count_class_accuracy": 0.8007703830515729,
      "count_class_evaluated": 4673,
      "micro_precision": 0.0,
      "micro_recall": 0.0,
      "micro_f1": 0.0,
      "total_tp": 0,
      "total_fp": 1129,
      "total_fn": 0
    },
    "1": {
      "num_samples": 5646,
      "mean_precision": 0.09307474318101311,
      "mean_recall": 0.11229188806234502,
      "mean_f1": 0.09948045814145713,
      "exact_set_accuracy": 0.07385759829968119,
      "cardinality_accuracy": 0.259121501948282,
      "count_class_accuracy": 0.259121501948282,
      "count_class_evaluated": 5646,
      "micro_precision": 0.23283143591626881,
      "micro_recall": 0.11229188806234502,
      "micro_f1": 0.15151153064882303,
      "total_tp": 634,
      "total_fp": 2089,
      "total_fn": 5012
    },
    "2": {
      "num_samples": 3957,
      "mean_precision": 0.37907505686125853,
      "mean_recall": 0.36997725549658833,
      "mean_f1": 0.37300985595147873,
      "exact_set_accuracy": 0.15213545615365176,
      "cardinality_accuracy": 0.8296689411170078,
      "count_class_accuracy": 0.8296689411170078,
      "count_class_evaluated": 3957,
      "micro_precision": 0.43636363636363634,
      "micro_recall": 0.36997725549658833,
      "micro_f1": 0.40043763676148797,
      "total_tp": 2928,
      "total_fp": 3782,
      "total_fn": 4986
    },
    "3+": {
      "num_samples": 1787,
      "mean_precision": 0.3668158925573587,
      "mean_recall": 0.17749506447044172,
      "mean_f1": 0.22956168217779774,
      "exact_set_accuracy": 0.0,
      "cardinality_accuracy": 0.0,
      "count_class_accuracy": 0.0,
      "count_class_evaluated": 1787,
      "micro_precision": 0.43225039619651345,
      "micro_recall": 0.14048416173062064,
      "micro_f1": 0.21205053449951408,
      "total_tp": 1091,
      "total_fp": 1433,
      "total_fn": 6675
    }
  },
  "examples": [
    {
      "sample_id": "0000000",
      "image_id": 154,
      "file_name": "COCO_train2014_000000000154.jpg",
      "target_type": "multi-target",
      "expression": "three zebras standing on the savannah.",
      "true_count_class": 3,
      "pred_count_class": 2,
      "gt_candidate_indices": [
        0,
        1,
        2,
        3
      ],
      "pred_candidate_indices": [
        1,
        3
      ],
      "num_predictions": 2,
      "num_targets": 3,
      "precision": 0.5,
      "recall": 0.3333333333333333,
      "f1": 0.4,
      "exact": 0.0
    },
    {
      "sample_id": "0000001",
      "image_id": 154,
      "file_name": "COCO_train2014_000000000154.jpg",
      "target_type": "multi-target",
      "expression": "a trio of zebras positioned on the grassland.",
      "true_count_class": 3,
      "pred_count_class": 2,
      "gt_candidate_indices": [
        0,
        1,
        2,
        3
      ],
      "pred_candidate_indices": [
        1,
        3
      ],
      "num_predictions": 2,
      "num_targets": 3,
      "precision": 0.5,
      "recall": 0.3333333333333333,
      "f1": 0.4,
      "exact": 0.0
    },
    {
      "sample_id": "0000002",
      "image_id": 154,
      "file_name": "COCO_train2014_000000000154.jpg",
      "target_type": "multi-target",
      "expression": "there are three zebras standing in the prairie.",
      "true_count_class": 3,
      "pred_count_class": 2,
      "gt_candidate_indices": [
        0,
        1,
        2,
        3
      ],
      "pred_candidate_indices": [
        1,
        3
      ],
      "num_predictions": 2,
      "num_targets": 3,
      "precision": 0.5,
      "recall": 0.3333333333333333,
      "f1": 0.4,
      "exact": 0.0
    },
    {
      "sample_id": "0000003",
      "image_id": 154,
      "file_name": "COCO_train2014_000000000154.jpg",
      "target_type": "multi-target",
      "expression": "three zebras, all stationary on the grassy plain.",
      "true_count_class": 3,
      "pred_count_class": 2,
      "gt_candidate_indices": [
        0,
        1,
        2,
        3
      ],
      "pred_candidate_indices": [
        1,
        3
      ],
      "num_predictions": 2,
      "num_targets": 3,