{
  "feature_file": "cache/features/stage5/clip_detector_testA.pt",
  "checkpoint": "checkpoints/stage5/clip_5pct_seed0/last.pt",
  "clip_model": "ViT-B/32",
  "feature_dim": 512,
  "candidate_feature_dim": 512,
  "text_feature_dim": 512,
  "representation": {
    "name": "clip",
    "model_ids": {
      "clip": "ViT-B/32"
    },
    "candidate_feature_dim": 512,
    "text_feature_dim": 512,
    "component_normalization": {
      "clip_image": "l2",
      "clip_text": "l2"
    },
    "fusion": "none",
    "encoder_parameters": {
      "clip": {
        "total": 151277313,
        "trainable": 0
      }
    }
  },
  "device": "cuda",
  "batch_size": 64,
  "selection_policy": "cardinality-threshold",
  "membership_threshold": 0.5,
  "config": {
    "match_threshold": 0.5,
    "overlap_metric": "giou",
    "prediction_score_threshold": null,
    "image_f1_threshold": 1.0
  },
  "official": {
    "F1_score": 0.3055729166666667,
    "T_acc": 0.9377033622559653,
    "N_acc": 0.5096672661870504
  },
  "diagnostics": {
    "num_samples": 19200,
    "mean_precision": 0.4894791666666667,
    "mean_recall": 0.44839293417808657,
    "mean_f1": 0.45729973672160845,
    "exact_set_accuracy": 0.3055729166666667,
    "cardinality_accuracy": 0.64734375,
    "count_class_accuracy": 0.64734375,
    "count_class_evaluated": 19200,
    "micro_precision": 0.4759459348424469,
    "micro_recall": 0.39151740452855693,
    "micro_f1": 0.42962303684337394,
    "total_tp": 11585,
    "total_fp": 12756,
    "total_fn": 18005,
    "no_target_total": 4448,
    "no_target_accuracy": 0.5096672661870504,
    "false_grounding_rate": 0.4903327338129496,
    "single_target_total": 5917,
    "single_target_localization_accuracy": 0.3718100388710495,
    "single_target_exact_accuracy": 0.3255027885752915,
    "multi_target_total": 8835,
    "multi_target_mean_f1": 0.4985272527887199,
    "multi_target_exact_accuracy": 0.18947368421052632
  },
  "by_target_type": {
    "no-target": {
      "num_samples": 4448,
      "mean_precision": 0.5096672661870504,
      "mean_recall": 0.5096672661870504,
      "mean_f1": 0.5096672661870504,
      "exact_set_accuracy": 0.5096672661870504,
      "cardinality_accuracy": 0.5096672661870504,
      "count_class_accuracy": 0.5096672661870504,
      "count_class_evaluated": 4448,
      "micro_precision": 0.0,
      "micro_recall": 0.0,
      "micro_f1": 0.0,
      "total_tp": 0,
      "total_fp": 2614,
      "total_fn": 0
    },
    "single-target": {
      "num_samples": 5917,
      "mean_precision": 0.3486564137231705,
      "mean_recall": 0.3718100388710495,
      "mean_f1": 0.35637428877246496,
      "exact_set_accuracy": 0.3255027885752915,
      "cardinality_accuracy": 0.797363528815278,
      "count_class_accuracy": 0.797363528815278,
      "count_class_evaluated": 5917,
      "micro_precision": 0.3863716192483316,
      "micro_recall": 0.3718100388710495,
      "micro_f1": 0.37895099474636124,
      "total_tp": 2200,
      "total_fp": 3494,
      "total_fn": 3717
    },
    "multi-target": {
      "num_samples": 8835,
      "mean_precision": 0.5736276174306735,
      "mean_recall": 0.46883354116800785,
      "mean_f1": 0.4985272527887199,
      "exact_set_accuracy": 0.18947368421052632,
      "cardinality_accuracy": 0.6161856253537068,
      "count_class_accuracy": 0.6161856253537068,
      "count_class_evaluated": 8835,
      "micro_precision": 0.5853552048899145,
      "micro_recall": 0.39644320533941624,
      "micro_f1": 0.4727245252606659,
      "total_tp": 9385,
      "total_fp": 6648,
      "total_fn": 14288
    }
  },
  "by_count_group": {
    "0": {
      "num_samples": 4448,
      "mean_precision": 0.5096672661870504,
      "mean_recall": 0.5096672661870504,
      "mean_f1": 0.5096672661870504,
      "exact_set_accuracy": 0.5096672661870504,
      "cardinality_accuracy": 0.5096672661870504,
      "count_class_accuracy": 0.5096672661870504,
      "count_class_evaluated": 4448,
      "micro_precision": 0.0,
      "micro_recall": 0.0,
      "micro_f1": 0.0,
      "total_tp": 0,
      "total_fp": 2614,
      "total_fn": 0
    },
    "1": {
      "num_samples": 5917,
      "mean_precision": 0.3486564137231705,
      "mean_recall": 0.3718100388710495,
      "mean_f1": 0.35637428877246496,
      "exact_set_accuracy": 0.3255027885752915,
      "cardinality_accuracy": 0.797363528815278,
      "count_class_accuracy": 0.797363528815278,
      "count_class_evaluated": 5917,
      "micro_precision": 0.3863716192483316,
      "micro_recall": 0.3718100388710495,
      "micro_f1": 0.37895099474636124,
      "total_tp": 2200,
      "total_fp": 3494,
      "total_fn": 3717
    },
    "2": {
      "num_samples": 5940,
      "mean_precision": 0.581060606060606,
      "mean_recall": 0.560942760942761,
      "mean_f1": 0.5676487093153738,
      "exact_set_accuracy": 0.2818181818181818,
      "cardinality_accuracy": 0.9164983164983165,
      "count_class_accuracy": 0.9164983164983165,
      "count_class_evaluated": 5940,
      "micro_precision": 0.591724382880483,
      "micro_recall": 0.560942760942761,
      "micro_f1": 0.5759225650332729,
      "total_tp": 6664,
      "total_fp": 4598,
      "total_fn": 5216
    },
    "3+": {
      "num_samples": 2895,
      "mean_precision": 0.5583765112262522,
      "mean_recall": 0.2798426031845736,
      "mean_f1": 0.3567029171174179,
      "exact_set_accuracy": 0.0,
      "cardinality_accuracy": 0.0,
      "count_class_accuracy": 0.0,
      "count_class_evaluated": 2895,
      "micro_precision": 0.5703206874869,
      "micro_recall": 0.23073009412363266,
      "micro_f1": 0.3285438299927554,
      "total_tp": 2721,
      "total_fp": 2050,
      "total_fn": 9072
    }
  },
  "examples": [
    {
      "sample_id": "0000000",
      "image_id": 839,
      "file_name": "COCO_train2014_000000000839.jpg",
      "target_type": "multi-target",
      "expression": "blue shirt and a frisbee",
      "true_count_class": 2,
      "pred_count_class": 2,
      "gt_candidate_indices": [
        0,
        1
      ],
      "pred_candidate_indices": [
        0,
        2
      ],
      "num_predictions": 2,
      "num_targets": 2,
      "precision": 0.5,
      "recall": 0.5,
      "f1": 0.5,
      "exact": 0.0
    },
    {
      "sample_id": "0000001",
      "image_id": 839,
      "file_name": "COCO_train2014_000000000839.jpg",
      "target_type": "multi-target",
      "expression": "blue shirt and frisbee",
      "true_count_class": 2,
      "pred_count_class": 2,
      "gt_candidate_indices": [
        0,
        1
      ],
      "pred_candidate_indices": [
        0,
        2
      ],
      "num_predictions": 2,
      "num_targets": 2,
      "precision": 0.5,
      "recall": 0.5,
      "f1": 0.5,
      "exact": 0.0
    },
    {
      "sample_id": "0000002",
      "image_id": 839,
      "file_name": "COCO_train2014_000000000839.jpg",
      "target_type": "multi-target",
      "expression": "blue shirt and white shirt",
      "true_count_class": 2,
      "pred_count_class": 2,
      "gt_candidate_indices": [
        0,
        2
      ],
      "pred_candidate_indices": [
        0,
        2
      ],
      "num_predictions": 2,
      "num_targets": 2,
      "precision": 1.0,
      "recall": 1.0,
      "f1": 1.0,
      "exact": 1.0
    },
    {
      "sample_id": "0000003",
      "image_id": 839,
      "file_name": "COCO_train2014_000000000839.jpg",
      "target_type": "multi-target",
      "expression": "blue cshirt and falling",
      "true_count_class": 2,
      "pred_count_class": 2,
      "gt_candidate_indices": [
        0,
        2
      ],
      "pred_candidate_indices": [
        0,
        2
      ],
      "num_predictions": 2,
      "num_targets": 2,
      "precision": 1.0,
      "recall": 1.0,
      "f1": 1.0,
      "exact": 1.0
    },
    {
      "sample_id": "0000004",
      "image_id": 839,
      "file_name": "COCO_train2014_000000000839.jpg",
      "target_type": "multi-target",