{
  "feature_file": "cache/features/stage5/siglip2_detector_testB.pt",
  "checkpoint": "checkpoints/stage5/siglip2_10pct_seed1/last.pt",
  "clip_model": "none",
  "feature_dim": 768,
  "candidate_feature_dim": 768,
  "text_feature_dim": 768,
  "representation": {
    "name": "siglip2",
    "model_ids": {
      "siglip2": "google/siglip2-base-patch16-224"
    },
    "candidate_feature_dim": 768,
    "text_feature_dim": 768,
    "component_normalization": {
      "siglip2_image": "l2",
      "siglip2_text": "l2"
    },
    "fusion": "none",
    "similarity_source": "normalized SigLIP 2 image/text embeddings",
    "encoder_parameters": {
      "siglip2": {
        "total": 375187970,
        "trainable": 0
      }
    }
  },
  "device": "cuda",
  "batch_size": 64,
  "selection_policy": "cardinality-threshold",
  "membership_threshold": 0.5,
  "config": {
    "match_threshold": 0.5,
    "overlap_metric": "giou",
    "prediction_score_threshold": null,
    "image_f1_threshold": 1.0
  },
  "official": {
    "F1_score": 0.34918757392765987,
    "T_acc": 0.978665496049166,
    "N_acc": 0.5274983950353093
  },
  "diagnostics": {
    "num_samples": 16063,
    "mean_precision": 0.48483518540827614,
    "mean_recall": 0.47281756405830205,
    "mean_f1": 0.46996456118889507,
    "exact_set_accuracy": 0.34918757392765987,
    "cardinality_accuracy": 0.7031065180850401,
    "count_class_accuracy": 0.725269252318994,
    "count_class_evaluated": 16063,
    "micro_precision": 0.41645932115863105,
    "micro_recall": 0.4159711150708056,
    "micro_f1": 0.4162150749524949,
    "total_tp": 8871,
    "total_fp": 12430,
    "total_fn": 12455,
    "no_target_total": 4673,
    "no_target_accuracy": 0.5274983950353093,
    "false_grounding_rate": 0.4725016049646908,
    "single_target_total": 5646,
    "single_target_localization_accuracy": 0.42260007084661705,
    "single_target_exact_accuracy": 0.3699964576691463,
    "multi_target_total": 5744,
    "multi_target_mean_f1": 0.48711247905824206,
    "multi_target_exact_accuracy": 0.1836699164345404
  },
  "by_target_type": {
    "no-target": {
      "num_samples": 4673,
      "mean_precision": 0.5274983950353093,
      "mean_recall": 0.5274983950353093,
      "mean_f1": 0.5274983950353093,
      "exact_set_accuracy": 0.5274983950353093,
      "cardinality_accuracy": 0.5274983950353093,
      "count_class_accuracy": 0.5274983950353093,
      "count_class_evaluated": 4673,
      "micro_precision": 0.0,
      "micro_recall": 0.0,
      "micro_f1": 0.0,
      "total_tp": 0,
      "total_fp": 2452,
      "total_fn": 0
    },
    "single-target": {
      "num_samples": 5646,
      "mean_precision": 0.39613590742708704,
      "mean_recall": 0.42260007084661705,
      "mean_f1": 0.40490022434762135,
      "exact_set_accuracy": 0.3699964576691463,
      "cardinality_accuracy": 0.840772228126107,
      "count_class_accuracy": 0.840772228126107,
      "count_class_evaluated": 5646,
      "micro_precision": 0.3887259693711307,
      "micro_recall": 0.42260007084661705,
      "micro_f1": 0.40495587236931435,
      "total_tp": 2386,
      "total_fp": 3752,
      "total_fn": 3260
    },
    "multi-target": {
      "num_samples": 5744,
      "mean_precision": 0.5373127175974594,
      "mean_recall": 0.4776929894617917,
      "mean_f1": 0.48711247905824206,
      "exact_set_accuracy": 0.1836699164345404,
      "cardinality_accuracy": 0.7106545961002786,
      "count_class_accuracy": 0.7726323119777159,
      "count_class_evaluated": 5744,
      "micro_precision": 0.5101880261191094,
      "micro_recall": 0.4135841836734694,
      "micro_f1": 0.4568349124722623,
      "total_tp": 6485,
      "total_fp": 6226,
      "total_fn": 9195
    }
  },
  "by_count_group": {
    "0": {
      "num_samples": 4673,
      "mean_precision": 0.5274983950353093,
      "mean_recall": 0.5274983950353093,
      "mean_f1": 0.5274983950353093,
      "exact_set_accuracy": 0.5274983950353093,
      "cardinality_accuracy": 0.5274983950353093,
      "count_class_accuracy": 0.5274983950353093,
      "count_class_evaluated": 4673,
      "micro_precision": 0.0,
      "micro_recall": 0.0,
      "micro_f1": 0.0,
      "total_tp": 0,
      "total_fp": 2452,
      "total_fn": 0
    },
    "1": {
      "num_samples": 5646,
      "mean_precision": 0.39613590742708704,
      "mean_recall": 0.42260007084661705,
      "mean_f1": 0.40490022434762135,
      "exact_set_accuracy": 0.3699964576691463,
      "cardinality_accuracy": 0.840772228126107,
      "count_class_accuracy": 0.840772228126107,
      "count_class_evaluated": 5646,
      "micro_precision": 0.3887259693711307,
      "micro_recall": 0.42260007084661705,
      "micro_f1": 0.40495587236931435,
      "total_tp": 2386,
      "total_fp": 3752,
      "total_fn": 3260
    },
    "2": {
      "num_samples": 3957,
      "mean_precision": 0.5422443048485506,
      "mean_recall": 0.5387920141521354,
      "mean_f1": 0.5391925500720038,
      "exact_set_accuracy": 0.25701288855193327,
      "cardinality_accuracy": 0.973717462724286,
      "count_class_accuracy": 0.973717462724286,
      "count_class_evaluated": 3957,
      "micro_precision": 0.5421487603305785,
      "micro_recall": 0.5387920141521354,
      "micro_f1": 0.5404651752329045,
      "total_tp": 4264,
      "total_fp": 3601,
      "total_fn": 3650
    },
    "3+": {
      "num_samples": 1787,
      "mean_precision": 0.5263925772770522,
      "mean_recall": 0.3423998497305721,
      "mean_f1": 0.3717902401094612,
      "exact_set_accuracy": 0.021264689423614997,
      "cardinality_accuracy": 0.1281477336317851,
      "count_class_accuracy": 0.32736429770565195,
      "count_class_evaluated": 1787,
      "micro_precision": 0.4583161370202229,
      "micro_recall": 0.2859902137522534,
      "micro_f1": 0.3522042499207104,
      "total_tp": 2221,
      "total_fp": 2625,
      "total_fn": 5545
    }
  },
  "examples": [
    {
      "sample_id": "0000000",
      "image_id": 154,
      "file_name": "COCO_train2014_000000000154.jpg",
      "target_type": "multi-target",
      "expression": "three zebras standing on the savannah.",
      "true_count_class": 3,
      "pred_count_class": 3,
      "gt_candidate_indices": [
        0,
        1,
        2,
        3
      ],
      "pred_candidate_indices": [
        0,
        1,
        3
      ],
      "num_predictions": 3,
      "num_targets": 3,
      "precision": 0.6666666666666666,
      "recall": 0.6666666666666666,
      "f1": 0.6666666666666666,
      "exact": 0.0
    },
    {
      "sample_id": "0000001",
      "image_id": 154,
      "file_name": "COCO_train2014_000000000154.jpg",
      "target_type": "multi-target",
      "expression": "a trio of zebras positioned on the grassland.",
      "true_count_class": 3,
      "pred_count_class": 2,
      "gt_candidate_indices": [
        0,
        1,
        2,
        3
      ],
      "pred_candidate_indices": [
        1,
        3
      ],
      "num_predictions": 2,
      "num_targets": 3,
      "precision": 0.5,
      "recall": 0.3333333333333333,
      "f1": 0.4,
      "exact": 0.0
    },
    {
      "sample_id": "0000002",
      "image_id": 154,
      "file_name": "COCO_train2014_000000000154.jpg",
      "target_type": "multi-target",
      "expression": "there are three zebras standing in the prairie.",
      "true_count_class": 3,
      "pred_count_class": 3,
      "gt_candidate_indices": [
        0,
        1,
        2,
        3
      ],
      "pred_candidate_indices": [
        0,
        1,
        3
      ],
      "num_predictions": 3,
      "num_targets": 3,
      "precision": 0.6666666666666666,
      "recall": 0.6666666666666666,
      "f1": 0.6666666666666666,
      "exact": 0.0
    },
    {
      "sample_id": "0000003",
      "image_id": 154,
      "file_name": "COCO_train2014_000000000154.jpg",
      "target_type": "multi-target",
      "expression": "three zebras, all stationary on the grassy plain.",
      "true_count_class": 3,