{
  "feature_file": "cache/features/stage5/siglip2_detector_testB.pt",
  "checkpoint": "checkpoints/stage5/siglip2_10pct_seed1/best.pt",
  "clip_model": "none",
  "feature_dim": 768,
  "candidate_feature_dim": 768,
  "text_feature_dim": 768,
  "representation": {
    "name": "siglip2",
    "model_ids": {
      "siglip2": "google/siglip2-base-patch16-224"
    },
    "candidate_feature_dim": 768,
    "text_feature_dim": 768,
    "component_normalization": {
      "siglip2_image": "l2",
      "siglip2_text": "l2"
    },
    "fusion": "none",
    "similarity_source": "normalized SigLIP 2 image/text embeddings",
    "encoder_parameters": {
      "siglip2": {
        "total": 375187970,
        "trainable": 0
      }
    }
  },
  "device": "cuda",
  "batch_size": 64,
  "selection_policy": "cardinality-threshold",
  "membership_threshold": 0.5,
  "config": {
    "match_threshold": 0.5,
    "overlap_metric": "giou",
    "prediction_score_threshold": null,
    "image_f1_threshold": 1.0
  },
  "official": {
    "F1_score": 0.35174002365685114,
    "T_acc": 0.7841966637401229,
    "N_acc": 0.8089022041515087
  },
  "diagnostics": {
    "num_samples": 16063,
    "mean_precision": 0.4785220693519268,
    "mean_recall": 0.45222864406547164,
    "mean_f1": 0.45644098045735304,
    "exact_set_accuracy": 0.35174002365685114,
    "cardinality_accuracy": 0.6507501712008965,
    "count_class_accuracy": 0.6507501712008965,
    "count_class_evaluated": 16063,
    "micro_precision": 0.4169505109196554,
    "micro_recall": 0.29274125480633967,
    "micro_f1": 0.3439764180831428,
    "total_tp": 6243,
    "total_fp": 8730,
    "total_fn": 15083,
    "no_target_total": 4673,
    "no_target_accuracy": 0.8089022041515087,
    "false_grounding_rate": 0.19109779584849132,
    "single_target_total": 5646,
    "single_target_localization_accuracy": 0.22830322352107688,
    "single_target_exact_accuracy": 0.1916400991852639,
    "multi_target_total": 5744,
    "multi_target_mean_f1": 0.40595603570447075,
    "multi_target_exact_accuracy": 0.1371866295264624
  },
  "by_target_type": {
    "no-target": {
      "num_samples": 4673,
      "mean_precision": 0.8089022041515087,
      "mean_recall": 0.8089022041515087,
      "mean_f1": 0.8089022041515087,
      "exact_set_accuracy": 0.8089022041515087,
      "cardinality_accuracy": 0.8089022041515087,
      "count_class_accuracy": 0.8089022041515087,
      "count_class_evaluated": 4673,
      "micro_precision": 0.0,
      "micro_recall": 0.0,
      "micro_f1": 0.0,
      "total_tp": 0,
      "total_fp": 1005,
      "total_fn": 0
    },
    "single-target": {
      "num_samples": 5646,
      "mean_precision": 0.20997166135317039,
      "mean_recall": 0.22830322352107688,
      "mean_f1": 0.2160821820758058,
      "exact_set_accuracy": 0.1916400991852639,
      "cardinality_accuracy": 0.5327665603967411,
      "count_class_accuracy": 0.5327665603967411,
      "count_class_evaluated": 5646,
      "micro_precision": 0.31256062075654706,
      "micro_recall": 0.22830322352107688,
      "micro_f1": 0.2638689866939611,
      "total_tp": 1289,
      "total_fp": 2835,
      "total_fn": 4357
    },
    "multi-target": {
      "num_samples": 5744,
      "mean_precision": 0.4737116991643454,
      "mean_recall": 0.38216377256680145,
      "mean_f1": 0.40595603570447075,
      "exact_set_accuracy": 0.1371866295264624,
      "cardinality_accuracy": 0.6380571030640668,
      "count_class_accuracy": 0.6380571030640668,
      "count_class_evaluated": 5744,
      "micro_precision": 0.5032507110930516,
      "micro_recall": 0.31594387755102044,
      "micro_f1": 0.3881836702711174,
      "total_tp": 4954,
      "total_fp": 4890,
      "total_fn": 10726
    }
  },
  "by_count_group": {
    "0": {
      "num_samples": 4673,
      "mean_precision": 0.8089022041515087,
      "mean_recall": 0.8089022041515087,
      "mean_f1": 0.8089022041515087,
      "exact_set_accuracy": 0.8089022041515087,
      "cardinality_accuracy": 0.8089022041515087,
      "count_class_accuracy": 0.8089022041515087,
      "count_class_evaluated": 4673,
      "micro_precision": 0.0,
      "micro_recall": 0.0,
      "micro_f1": 0.0,
      "total_tp": 0,
      "total_fp": 1005,
      "total_fn": 0
    },
    "1": {
      "num_samples": 5646,
      "mean_precision": 0.20997166135317039,
      "mean_recall": 0.22830322352107688,
      "mean_f1": 0.2160821820758058,
      "exact_set_accuracy": 0.1916400991852639,
      "cardinality_accuracy": 0.5327665603967411,
      "count_class_accuracy": 0.5327665603967411,
      "count_class_evaluated": 5646,
      "micro_precision": 0.31256062075654706,
      "micro_recall": 0.22830322352107688,
      "micro_f1": 0.2638689866939611,
      "total_tp": 1289,
      "total_fp": 2835,
      "total_fn": 4357
    },
    "2": {
      "num_samples": 3957,
      "mean_precision": 0.4699267121556735,
      "mean_recall": 0.46044983573414205,
      "mean_f1": 0.4636087945413197,
      "exact_set_accuracy": 0.19914076320444782,
      "cardinality_accuracy": 0.9259540055597675,
      "count_class_accuracy": 0.9259540055597675,
      "count_class_evaluated": 3957,
      "micro_precision": 0.48899624261943103,
      "micro_recall": 0.46044983573414205,
      "micro_f1": 0.47429389561369256,
      "total_tp": 3644,
      "total_fp": 3808,
      "total_fn": 4270
    },
    "3+": {
      "num_samples": 1787,
      "mean_precision": 0.4820928931169558,
      "mean_recall": 0.20881293207818022,
      "mean_f1": 0.27829405097172144,
      "exact_set_accuracy": 0.0,
      "cardinality_accuracy": 0.0005595970900951316,
      "count_class_accuracy": 0.0005595970900951316,
      "count_class_evaluated": 1787,
      "micro_precision": 0.5476588628762542,
      "micro_recall": 0.1686840072109194,
      "micro_f1": 0.2579247883441622,
      "total_tp": 1310,
      "total_fp": 1082,
      "total_fn": 6456
    }
  },
  "examples": [
    {
      "sample_id": "0000000",
      "image_id": 154,
      "file_name": "COCO_train2014_000000000154.jpg",
      "target_type": "multi-target",
      "expression": "three zebras standing on the savannah.",
      "true_count_class": 3,
      "pred_count_class": 2,
      "gt_candidate_indices": [
        0,
        1,
        2,
        3
      ],
      "pred_candidate_indices": [
        1,
        3
      ],
      "num_predictions": 2,
      "num_targets": 3,
      "precision": 0.5,
      "recall": 0.3333333333333333,
      "f1": 0.4,
      "exact": 0.0
    },
    {
      "sample_id": "0000001",
      "image_id": 154,
      "file_name": "COCO_train2014_000000000154.jpg",
      "target_type": "multi-target",
      "expression": "a trio of zebras positioned on the grassland.",
      "true_count_class": 3,
      "pred_count_class": 2,
      "gt_candidate_indices": [
        0,
        1,
        2,
        3
      ],
      "pred_candidate_indices": [
        1,
        3
      ],
      "num_predictions": 2,
      "num_targets": 3,
      "precision": 0.5,
      "recall": 0.3333333333333333,
      "f1": 0.4,
      "exact": 0.0
    },
    {
      "sample_id": "0000002",
      "image_id": 154,
      "file_name": "COCO_train2014_000000000154.jpg",
      "target_type": "multi-target",
      "expression": "there are three zebras standing in the prairie.",
      "true_count_class": 3,
      "pred_count_class": 2,
      "gt_candidate_indices": [
        0,
        1,
        2,
        3
      ],
      "pred_candidate_indices": [
        1,
        3
      ],
      "num_predictions": 2,
      "num_targets": 3,
      "precision": 0.5,
      "recall": 0.3333333333333333,
      "f1": 0.4,
      "exact": 0.0
    },
    {
      "sample_id": "0000003",
      "image_id": 154,
      "file_name": "COCO_train2014_000000000154.jpg",
      "target_type": "multi-target",
      "expression": "three zebras, all stationary on the grassy plain.",
      "true_count_class": 3,
      "pred_count_class": 2,