{
  "feature_file": "cache/features/stage5/clip_detector_testB.pt",
  "checkpoint": "checkpoints/stage5_5/clip_10pct_seed0_hierarchical/selected.pt",
  "clip_model": "ViT-B/32",
  "feature_dim": 512,
  "candidate_feature_dim": 512,
  "text_feature_dim": 512,
  "representation": {
    "name": "clip",
    "model_ids": {
      "clip": "ViT-B/32"
    },
    "candidate_feature_dim": 512,
    "text_feature_dim": 512,
    "component_normalization": {
      "clip_image": "l2",
      "clip_text": "l2"
    },
    "fusion": "none",
    "encoder_parameters": {
      "clip": {
        "total": 151277313,
        "trainable": 0
      }
    }
  },
  "device": "cuda",
  "batch_size": 128,
  "selection_policy": "cardinality-threshold",
  "membership_threshold": 0.6,
  "count_logit_bias": [
    1.0,
    0.0,
    0.0,
    2.0
  ],
  "config": {
    "match_threshold": 0.5,
    "overlap_metric": "giou",
    "prediction_score_threshold": null,
    "image_f1_threshold": 1.0
  },
  "official": {
    "F1_score": 0.31893170640602625,
    "T_acc": 0.9289727831431079,
    "N_acc": 0.5743633640059919
  },
  "diagnostics": {
    "num_samples": 16063,
    "mean_precision": 0.4451499511956775,
    "mean_recall": 0.4324360840484847,
    "mean_f1": 0.43252645468908846,
    "exact_set_accuracy": 0.31893170640602625,
    "cardinality_accuracy": 0.6966320114548964,
    "count_class_accuracy": 0.7275104276909669,
    "count_class_evaluated": 16063,
    "micro_precision": 0.3862742092084419,
    "micro_recall": 0.35444996717621685,
    "micro_f1": 0.36967844479765255,
    "total_tp": 7559,
    "total_fp": 12010,
    "total_fn": 13767,
    "no_target_total": 4673,
    "no_target_accuracy": 0.5743633640059919,
    "false_grounding_rate": 0.42563663599400814,
    "single_target_total": 5646,
    "single_target_localization_accuracy": 0.3271342543393553,
    "single_target_exact_accuracy": 0.28940843074743183,
    "multi_target_total": 5744,
    "multi_target_mean_f1": 0.43335174820174494,
    "multi_target_exact_accuracy": 0.14014623955431754
  },
  "by_target_type": {
    "no-target": {
      "num_samples": 4673,
      "mean_precision": 0.5743633640059919,
      "mean_recall": 0.5743633640059919,
      "mean_f1": 0.5743633640059919,
      "exact_set_accuracy": 0.5743633640059919,
      "cardinality_accuracy": 0.5743633640059919,
      "count_class_accuracy": 0.5743633640059919,
      "count_class_evaluated": 4673,
      "micro_precision": 0.0,
      "micro_recall": 0.0,
      "micro_f1": 0.0,
      "total_tp": 0,
      "total_fp": 2251,
      "total_fn": 0
    },
    "single-target": {
      "num_samples": 5646,
      "mean_precision": 0.30800566772936583,
      "mean_recall": 0.3271342543393553,
      "mean_f1": 0.31429330499468655,
      "exact_set_accuracy": 0.28940843074743183,
      "cardinality_accuracy": 0.8021608218207581,
      "count_class_accuracy": 0.8021608218207581,
      "count_class_evaluated": 5646,
      "micro_precision": 0.3449112978524743,
      "micro_recall": 0.3271342543393553,
      "micro_f1": 0.33578765566766655,
      "total_tp": 1847,
      "total_fp": 3508,
      "total_fn": 3799
    },
    "multi-target": {
      "num_samples": 5744,
      "mean_precision": 0.47483350732175544,
      "mean_recall": 0.42047716192040785,
      "mean_f1": 0.43335174820174494,
      "exact_set_accuracy": 0.14014623955431754,
      "cardinality_accuracy": 0.692374651810585,
      "count_class_accuracy": 0.778725626740947,
      "count_class_evaluated": 5744,
      "micro_precision": 0.47747220596840256,
      "micro_recall": 0.36428571428571427,
      "micro_f1": 0.4132691820714105,
      "total_tp": 5712,
      "total_fp": 6251,
      "total_fn": 9968
    }
  },
  "by_count_group": {
    "0": {
      "num_samples": 4673,
      "mean_precision": 0.5743633640059919,
      "mean_recall": 0.5743633640059919,
      "mean_f1": 0.5743633640059919,
      "exact_set_accuracy": 0.5743633640059919,
      "cardinality_accuracy": 0.5743633640059919,
      "count_class_accuracy": 0.5743633640059919,
      "count_class_evaluated": 4673,
      "micro_precision": 0.0,
      "micro_recall": 0.0,
      "micro_f1": 0.0,
      "total_tp": 0,
      "total_fp": 2251,
      "total_fn": 0
    },
    "1": {
      "num_samples": 5646,
      "mean_precision": 0.30800566772936583,
      "mean_recall": 0.3271342543393553,
      "mean_f1": 0.31429330499468655,
      "exact_set_accuracy": 0.28940843074743183,
      "cardinality_accuracy": 0.8021608218207581,
      "count_class_accuracy": 0.8021608218207581,
      "count_class_evaluated": 5646,
      "micro_precision": 0.3449112978524743,
      "micro_recall": 0.3271342543393553,
      "micro_f1": 0.33578765566766655,
      "total_tp": 1847,
      "total_fp": 3508,
      "total_fn": 3799
    },
    "2": {
      "num_samples": 3957,
      "mean_precision": 0.48419918889971975,
      "mean_recall": 0.4687894869850897,
      "mean_f1": 0.473005844575216,
      "exact_set_accuracy": 0.18802122820318423,
      "cardinality_accuracy": 0.9049785190801112,
      "count_class_accuracy": 0.904725802375537,
      "count_class_evaluated": 3957,
      "micro_precision": 0.48828639115556727,
      "micro_recall": 0.4687894869850897,
      "micro_f1": 0.47833935018050544,
      "total_tp": 3710,
      "total_fp": 3888,
      "total_fn": 4204
    },
    "3+": {
      "num_samples": 1787,
      "mean_precision": 0.45409483804139644,
      "mean_recall": 0.31349793960314365,
      "mean_f1": 0.3455446640664165,
      "exact_set_accuracy": 0.03413542249580302,
      "cardinality_accuracy": 0.22160044767767206,
      "count_class_accuracy": 0.49972020145495244,
      "count_class_evaluated": 1787,
      "micro_precision": 0.4586483390607102,
      "micro_recall": 0.2577903682719547,
      "micro_f1": 0.33006347374495093,
      "total_tp": 2002,
      "total_fp": 2363,
      "total_fn": 5764
    }
  },
  "examples": [
    {
      "sample_id": "0000000",
      "image_id": 154,
      "file_name": "COCO_train2014_000000000154.jpg",
      "target_type": "multi-target",
      "expression": "three zebras standing on the savannah.",
      "true_count_class": 3,
      "pred_count_class": 3,
      "gt_candidate_indices": [
        0,
        1,
        2,
        3
      ],
      "pred_candidate_indices": [
        0,
        1,
        3
      ],
      "num_predictions": 3,
      "num_targets": 3,
      "precision": 0.6666666666666666,
      "recall": 0.6666666666666666,
      "f1": 0.6666666666666666,
      "exact": 0.0
    },
    {
      "sample_id": "0000001",
      "image_id": 154,
      "file_name": "COCO_train2014_000000000154.jpg",
      "target_type": "multi-target",
      "expression": "a trio of zebras positioned on the grassland.",
      "true_count_class": 3,
      "pred_count_class": 3,
      "gt_candidate_indices": [
        0,
        1,
        2,
        3
      ],
      "pred_candidate_indices": [
        0,
        1,
        3
      ],
      "num_predictions": 3,
      "num_targets": 3,
      "precision": 0.6666666666666666,
      "recall": 0.6666666666666666,
      "f1": 0.6666666666666666,
      "exact": 0.0
    },
    {
      "sample_id": "0000002",
      "image_id": 154,
      "file_name": "COCO_train2014_000000000154.jpg",
      "target_type": "multi-target",
      "expression": "there are three zebras standing in the prairie.",
      "true_count_class": 3,
      "pred_count_class": 3,
      "gt_candidate_indices": [
        0,
        1,
        2,
        3
      ],
      "pred_candidate_indices": [
        0,
        1,
        3
      ],
      "num_predictions": 3,
      "num_targets": 3,
      "precision": 0.6666666666666666,
      "recall": 0.6666666666666666,
      "f1": 0.6666666666666666,
      "exact": 0.0
    },
    {
      "sample_id": "0000003",
      "image_id": 154,
      "file_name": "COCO_train2014_000000000154.jpg",
      "target_type": "multi-target",
      "expression": "three zebras, all stationary on the grassy plain.",