{
  "feature_file": "cache/features/stage5/clip_detector_testA.pt",
  "checkpoint": "checkpoints/stage5_5/clip_10pct_seed0_hierarchical/selected.pt",
  "clip_model": "ViT-B/32",
  "feature_dim": 512,
  "candidate_feature_dim": 512,
  "text_feature_dim": 512,
  "representation": {
    "name": "clip",
    "model_ids": {
      "clip": "ViT-B/32"
    },
    "candidate_feature_dim": 512,
    "text_feature_dim": 512,
    "component_normalization": {
      "clip_image": "l2",
      "clip_text": "l2"
    },
    "fusion": "none",
    "encoder_parameters": {
      "clip": {
        "total": 151277313,
        "trainable": 0
      }
    }
  },
  "device": "cuda",
  "batch_size": 128,
  "selection_policy": "cardinality-threshold",
  "membership_threshold": 0.6,
  "count_logit_bias": [
    1.0,
    0.0,
    0.0,
    2.0
  ],
  "config": {
    "match_threshold": 0.5,
    "overlap_metric": "giou",
    "prediction_score_threshold": null,
    "image_f1_threshold": 1.0
  },
  "official": {
    "F1_score": 0.35119791666666667,
    "T_acc": 0.9563449023861171,
    "N_acc": 0.5476618705035972
  },
  "diagnostics": {
    "num_samples": 19200,
    "mean_precision": 0.5270976574062515,
    "mean_recall": 0.49848599360708723,
    "mean_f1": 0.5037763528937664,
    "exact_set_accuracy": 0.35119791666666667,
    "cardinality_accuracy": 0.7141145833333333,
    "count_class_accuracy": 0.7419791666666666,
    "count_class_evaluated": 19200,
    "micro_precision": 0.5022913006950279,
    "micro_recall": 0.44450827982426494,
    "micro_f1": 0.47163654618473894,
    "total_tp": 13153,
    "total_fp": 13033,
    "total_fn": 16437,
    "no_target_total": 4448,
    "no_target_accuracy": 0.5476618705035972,
    "false_grounding_rate": 0.4523381294964029,
    "single_target_total": 5917,
    "single_target_localization_accuracy": 0.4448200101402738,
    "single_target_exact_accuracy": 0.4066249788744296,
    "multi_target_total": 8835,
    "multi_target_mean_f1": 0.5297686446587894,
    "multi_target_exact_accuracy": 0.2151669496321449
  },
  "by_target_type": {
    "no-target": {
      "num_samples": 4448,
      "mean_precision": 0.5476618705035972,
      "mean_recall": 0.5476618705035972,
      "mean_f1": 0.5476618705035972,
      "exact_set_accuracy": 0.5476618705035972,
      "cardinality_accuracy": 0.5476618705035972,
      "count_class_accuracy": 0.5476618705035972,
      "count_class_evaluated": 4448,
      "micro_precision": 0.0,
      "micro_recall": 0.0,
      "micro_f1": 0.0,
      "total_tp": 0,
      "total_fp": 2396,
      "total_fn": 0
    },
    "single-target": {
      "num_samples": 5917,
      "mean_precision": 0.4256098247986028,
      "mean_recall": 0.4448200101402738,
      "mean_f1": 0.43197566334291015,
      "exact_set_accuracy": 0.4066249788744296,
      "cardinality_accuracy": 0.8713875274632416,
      "count_class_accuracy": 0.8713875274632416,
      "count_class_evaluated": 5917,
      "micro_precision": 0.4494535519125683,
      "micro_recall": 0.4448200101402738,
      "micro_f1": 0.4471247770321923,
      "total_tp": 2632,
      "total_fp": 3224,
      "total_fn": 3285
    },
    "multi-target": {
      "num_samples": 8835,
      "mean_precision": 0.584713264161481,
      "mean_recall": 0.5096696182519613,
      "mean_f1": 0.5297686446587894,
      "exact_set_accuracy": 0.2151669496321449,
      "cardinality_accuracy": 0.6925863044708546,
      "count_class_accuracy": 0.7531409168081494,
      "count_class_evaluated": 8835,
      "micro_precision": 0.5866510538641686,
      "micro_recall": 0.4444303637054873,
      "micro_f1": 0.5057322085226044,
      "total_tp": 10521,
      "total_fp": 7413,
      "total_fn": 13152
    }
  },
  "by_count_group": {
    "0": {
      "num_samples": 4448,
      "mean_precision": 0.5476618705035972,
      "mean_recall": 0.5476618705035972,
      "mean_f1": 0.5476618705035972,
      "exact_set_accuracy": 0.5476618705035972,
      "cardinality_accuracy": 0.5476618705035972,
      "count_class_accuracy": 0.5476618705035972,
      "count_class_evaluated": 4448,
      "micro_precision": 0.0,
      "micro_recall": 0.0,
      "micro_f1": 0.0,
      "total_tp": 0,
      "total_fp": 2396,
      "total_fn": 0
    },
    "1": {
      "num_samples": 5917,
      "mean_precision": 0.4256098247986028,
      "mean_recall": 0.4448200101402738,
      "mean_f1": 0.43197566334291015,
      "exact_set_accuracy": 0.4066249788744296,
      "cardinality_accuracy": 0.8713875274632416,
      "count_class_accuracy": 0.8713875274632416,
      "count_class_evaluated": 5917,
      "micro_precision": 0.4494535519125683,
      "micro_recall": 0.4448200101402738,
      "micro_f1": 0.4471247770321923,
      "total_tp": 2632,
      "total_fp": 3224,
      "total_fn": 3285
    },
    "2": {
      "num_samples": 5940,
      "mean_precision": 0.5961026936026939,
      "mean_recall": 0.5803872053872053,
      "mean_f1": 0.584872134038799,
      "exact_set_accuracy": 0.29663299663299664,
      "cardinality_accuracy": 0.9127946127946128,
      "count_class_accuracy": 0.9127946127946128,
      "count_class_evaluated": 5940,
      "micro_precision": 0.6054087277197295,
      "micro_recall": 0.5803872053872053,
      "micro_f1": 0.5926339765353045,
      "total_tp": 6895,
      "total_fp": 4494,
      "total_fn": 4985
    },
    "3+": {
      "num_samples": 2895,
      "mean_precision": 0.5613442794012755,
      "mean_recall": 0.3645703202957102,
      "mean_f1": 0.4167065628220743,
      "exact_set_accuracy": 0.048013816925734025,
      "cardinality_accuracy": 0.24075993091537132,
      "count_class_accuracy": 0.4255613126079447,
      "count_class_evaluated": 2895,
      "micro_precision": 0.5540106951871657,
      "micro_recall": 0.3074705333672518,
      "micro_f1": 0.39546297306140255,
      "total_tp": 3626,
      "total_fp": 2919,
      "total_fn": 8167
    }
  },
  "examples": [
    {
      "sample_id": "0000000",
      "image_id": 839,
      "file_name": "COCO_train2014_000000000839.jpg",
      "target_type": "multi-target",
      "expression": "blue shirt and a frisbee",
      "true_count_class": 2,
      "pred_count_class": 2,
      "gt_candidate_indices": [
        0,
        1
      ],
      "pred_candidate_indices": [
        0,
        2
      ],
      "num_predictions": 2,
      "num_targets": 2,
      "precision": 0.5,
      "recall": 0.5,
      "f1": 0.5,
      "exact": 0.0
    },
    {
      "sample_id": "0000001",
      "image_id": 839,
      "file_name": "COCO_train2014_000000000839.jpg",
      "target_type": "multi-target",
      "expression": "blue shirt and frisbee",
      "true_count_class": 2,
      "pred_count_class": 2,
      "gt_candidate_indices": [
        0,
        1
      ],
      "pred_candidate_indices": [
        0,
        2
      ],
      "num_predictions": 2,
      "num_targets": 2,
      "precision": 0.5,
      "recall": 0.5,
      "f1": 0.5,
      "exact": 0.0
    },
    {
      "sample_id": "0000002",
      "image_id": 839,
      "file_name": "COCO_train2014_000000000839.jpg",
      "target_type": "multi-target",
      "expression": "blue shirt and white shirt",
      "true_count_class": 2,
      "pred_count_class": 2,
      "gt_candidate_indices": [
        0,
        2
      ],
      "pred_candidate_indices": [
        0,
        2
      ],
      "num_predictions": 2,
      "num_targets": 2,
      "precision": 1.0,
      "recall": 1.0,
      "f1": 1.0,
      "exact": 1.0
    },
    {
      "sample_id": "0000003",
      "image_id": 839,
      "file_name": "COCO_train2014_000000000839.jpg",
      "target_type": "multi-target",
      "expression": "blue cshirt and falling",
      "true_count_class": 2,
      "pred_count_class": 1,
      "gt_candidate_indices": [
        0,
        2
      ],
      "pred_candidate_indices": [
        2
      ],
      "num_predictions": 1,
      "num_targets": 2,
      "precision": 1.0,
      "recall": 0.5,
      "f1": 0.6666666666666666,