{
  "feature_file": "cache/features/stage5/siglip2_detector_testA.pt",
  "checkpoint": "checkpoints/stage5/siglip2_5pct_seed1/best.pt",
  "clip_model": "none",
  "feature_dim": 768,
  "candidate_feature_dim": 768,
  "text_feature_dim": 768,
  "representation": {
    "name": "siglip2",
    "model_ids": {
      "siglip2": "google/siglip2-base-patch16-224"
    },
    "candidate_feature_dim": 768,
    "text_feature_dim": 768,
    "component_normalization": {
      "siglip2_image": "l2",
      "siglip2_text": "l2"
    },
    "fusion": "none",
    "similarity_source": "normalized SigLIP 2 image/text embeddings",
    "encoder_parameters": {
      "siglip2": {
        "total": 375187970,
        "trainable": 0
      }
    }
  },
  "device": "cuda",
  "batch_size": 64,
  "selection_policy": "cardinality-threshold",
  "membership_threshold": 0.5,
  "config": {
    "match_threshold": 0.5,
    "overlap_metric": "giou",
    "prediction_score_threshold": null,
    "image_f1_threshold": 1.0
  },
  "official": {
    "F1_score": 0.3380208333333333,
    "T_acc": 0.6837039045553145,
    "N_acc": 0.8318345323741008
  },
  "diagnostics": {
    "num_samples": 19200,
    "mean_precision": 0.4942708333333333,
    "mean_recall": 0.46493432609057456,
    "mean_f1": 0.47149354320447806,
    "exact_set_accuracy": 0.3380208333333333,
    "cardinality_accuracy": 0.58859375,
    "count_class_accuracy": 0.58859375,
    "count_class_evaluated": 19200,
    "micro_precision": 0.5501317812431364,
    "micro_recall": 0.33859411963501185,
    "micro_f1": 0.41918748169532655,
    "total_tp": 10019,
    "total_fp": 8193,
    "total_fn": 19571,
    "no_target_total": 4448,
    "no_target_accuracy": 0.8318345323741008,
    "false_grounding_rate": 0.1681654676258993,
    "single_target_total": 5917,
    "single_target_localization_accuracy": 0.2181848909920568,
    "single_target_exact_accuracy": 0.18252492817306068,
    "multi_target_total": 8835,
    "multi_target_mean_f1": 0.4676864021346267,
    "multi_target_exact_accuracy": 0.1935483870967742
  },
  "by_target_type": {
    "no-target": {
      "num_samples": 4448,
      "mean_precision": 0.8318345323741008,
      "mean_recall": 0.8318345323741008,
      "mean_f1": 0.8318345323741008,
      "exact_set_accuracy": 0.8318345323741008,
      "cardinality_accuracy": 0.8318345323741008,
      "count_class_accuracy": 0.8318345323741008,
      "count_class_evaluated": 4448,
      "micro_precision": 0.0,
      "micro_recall": 0.0,
      "micro_f1": 0.0,
      "total_tp": 0,
      "total_fp": 966,
      "total_fn": 0
    },
    "single-target": {
      "num_samples": 5917,
      "mean_precision": 0.20035490958255872,
      "mean_recall": 0.2181848909920568,
      "mean_f1": 0.20629823671905817,
      "exact_set_accuracy": 0.18252492817306068,
      "cardinality_accuracy": 0.3784012168328545,
      "count_class_accuracy": 0.3784012168328545,
      "count_class_evaluated": 5917,
      "micro_precision": 0.43837011884550087,
      "micro_recall": 0.2181848909920568,
      "micro_f1": 0.2913563529677274,
      "total_tp": 1291,
      "total_fp": 1654,
      "total_fn": 4626
    },
    "multi-target": {
      "num_samples": 8835,
      "mean_precision": 0.5211658177702321,
      "mean_recall": 0.4454713141979704,
      "mean_f1": 0.4676864021346267,
      "exact_set_accuracy": 0.1935483870967742,
      "cardinality_accuracy": 0.6069043576683645,
      "count_class_accuracy": 0.6069043576683645,
      "count_class_evaluated": 8835,
      "micro_precision": 0.6103069715404518,
      "micro_recall": 0.3686900688548135,
      "micro_f1": 0.45968294095960394,
      "total_tp": 8728,
      "total_fp": 5573,
      "total_fn": 14945
    }
  },
  "by_count_group": {
    "0": {
      "num_samples": 4448,
      "mean_precision": 0.8318345323741008,
      "mean_recall": 0.8318345323741008,
      "mean_f1": 0.8318345323741008,
      "exact_set_accuracy": 0.8318345323741008,
      "cardinality_accuracy": 0.8318345323741008,
      "count_class_accuracy": 0.8318345323741008,
      "count_class_evaluated": 4448,
      "micro_precision": 0.0,
      "micro_recall": 0.0,
      "micro_f1": 0.0,
      "total_tp": 0,
      "total_fp": 966,
      "total_fn": 0
    },
    "1": {
      "num_samples": 5917,
      "mean_precision": 0.20035490958255872,
      "mean_recall": 0.2181848909920568,
      "mean_f1": 0.20629823671905817,
      "exact_set_accuracy": 0.18252492817306068,
      "cardinality_accuracy": 0.3784012168328545,
      "count_class_accuracy": 0.3784012168328545,
      "count_class_evaluated": 5917,
      "micro_precision": 0.43837011884550087,
      "micro_recall": 0.2181848909920568,
      "micro_f1": 0.2913563529677274,
      "total_tp": 1291,
      "total_fp": 1654,
      "total_fn": 4626
    },
    "2": {
      "num_samples": 5940,
      "mean_precision": 0.5580808080808081,
      "mean_recall": 0.5495791245791246,
      "mean_f1": 0.552413019079685,
      "exact_set_accuracy": 0.2878787878787879,
      "cardinality_accuracy": 0.9026936026936027,
      "count_class_accuracy": 0.9026936026936027,
      "count_class_evaluated": 5940,
      "micro_precision": 0.600036761327084,
      "micro_recall": 0.5495791245791246,
      "micro_f1": 0.5737006282676508,
      "total_tp": 6529,
      "total_fp": 4352,
      "total_fn": 5351
    },
    "3+": {
      "num_samples": 2895,
      "mean_precision": 0.4454231433506045,
      "mean_recall": 0.23186150636927877,
      "mean_f1": 0.293843188091888,
      "exact_set_accuracy": 0.0,
      "cardinality_accuracy": 0.0,
      "count_class_accuracy": 0.0,
      "count_class_evaluated": 2895,
      "micro_precision": 0.6429824561403509,
      "micro_recall": 0.18646654795217502,
      "micro_f1": 0.2890948530861763,
      "total_tp": 2199,
      "total_fp": 1221,
      "total_fn": 9594
    }
  },
  "examples": [
    {
      "sample_id": "0000000",
      "image_id": 839,
      "file_name": "COCO_train2014_000000000839.jpg",
      "target_type": "multi-target",
      "expression": "blue shirt and a frisbee",
      "true_count_class": 2,
      "pred_count_class": 2,
      "gt_candidate_indices": [
        0,
        1
      ],
      "pred_candidate_indices": [
        0,
        2
      ],
      "num_predictions": 2,
      "num_targets": 2,
      "precision": 0.5,
      "recall": 0.5,
      "f1": 0.5,
      "exact": 0.0
    },
    {
      "sample_id": "0000001",
      "image_id": 839,
      "file_name": "COCO_train2014_000000000839.jpg",
      "target_type": "multi-target",
      "expression": "blue shirt and frisbee",
      "true_count_class": 2,
      "pred_count_class": 2,
      "gt_candidate_indices": [
        0,
        1
      ],
      "pred_candidate_indices": [
        0,
        2
      ],
      "num_predictions": 2,
      "num_targets": 2,
      "precision": 0.5,
      "recall": 0.5,
      "f1": 0.5,
      "exact": 0.0
    },
    {
      "sample_id": "0000002",
      "image_id": 839,
      "file_name": "COCO_train2014_000000000839.jpg",
      "target_type": "multi-target",
      "expression": "blue shirt and white shirt",
      "true_count_class": 2,
      "pred_count_class": 2,
      "gt_candidate_indices": [
        0,
        2
      ],
      "pred_candidate_indices": [
        0,
        2
      ],
      "num_predictions": 2,
      "num_targets": 2,
      "precision": 1.0,
      "recall": 1.0,
      "f1": 1.0,
      "exact": 1.0
    },
    {
      "sample_id": "0000003",
      "image_id": 839,
      "file_name": "COCO_train2014_000000000839.jpg",
      "target_type": "multi-target",
      "expression": "blue cshirt and falling",
      "true_count_class": 2,
      "pred_count_class": 2,
      "gt_candidate_indices": [
        0,
        2
      ],
      "pred_candidate_indices": [
        0,
        2
      ],
      "num_predictions": 2,
      "num_targets": 2,
      "precision": 1.0,
      "recall": 1.0,
      "f1": 1.0,
      "exact": 1.0
    },
    {
      "sample_id": "0000004",
      "image_id": 839,