{
  "feature_file": "cache/features/stage5/siglip2_detector_testA.pt",
  "checkpoint": "checkpoints/stage5/siglip2_5pct_seed1/last.pt",
  "clip_model": "none",
  "feature_dim": 768,
  "candidate_feature_dim": 768,
  "text_feature_dim": 768,
  "representation": {
    "name": "siglip2",
    "model_ids": {
      "siglip2": "google/siglip2-base-patch16-224"
    },
    "candidate_feature_dim": 768,
    "text_feature_dim": 768,
    "component_normalization": {
      "siglip2_image": "l2",
      "siglip2_text": "l2"
    },
    "fusion": "none",
    "similarity_source": "normalized SigLIP 2 image/text embeddings",
    "encoder_parameters": {
      "siglip2": {
        "total": 375187970,
        "trainable": 0
      }
    }
  },
  "device": "cuda",
  "batch_size": 64,
  "selection_policy": "cardinality-threshold",
  "membership_threshold": 0.5,
  "config": {
    "match_threshold": 0.5,
    "overlap_metric": "giou",
    "prediction_score_threshold": null,
    "image_f1_threshold": 1.0
  },
  "official": {
    "F1_score": 0.3879166666666667,
    "T_acc": 0.9261117136659436,
    "N_acc": 0.6121852517985612
  },
  "diagnostics": {
    "num_samples": 19200,
    "mean_precision": 0.5686181952639424,
    "mean_recall": 0.5306090691715704,
    "mean_f1": 0.537078577280456,
    "exact_set_accuracy": 0.3879166666666667,
    "cardinality_accuracy": 0.6882291666666667,
    "count_class_accuracy": 0.6994270833333334,
    "count_class_evaluated": 19200,
    "micro_precision": 0.5490438001233806,
    "micro_recall": 0.4511659344373099,
    "micro_f1": 0.4953158334106298,
    "total_tp": 13350,
    "total_fp": 10965,
    "total_fn": 16240,
    "no_target_total": 4448,
    "no_target_accuracy": 0.6121852517985612,
    "false_grounding_rate": 0.38781474820143885,
    "single_target_total": 5917,
    "single_target_localization_accuracy": 0.4889302011154301,
    "single_target_exact_accuracy": 0.4510731789758323,
    "multi_target_total": 8835,
    "multi_target_mean_f1": 0.5399821185193254,
    "multi_target_exact_accuracy": 0.2327108092812677
  },
  "by_target_type": {
    "no-target": {
      "num_samples": 4448,
      "mean_precision": 0.6121852517985612,
      "mean_recall": 0.6121852517985612,
      "mean_f1": 0.6121852517985612,
      "exact_set_accuracy": 0.6121852517985612,
      "cardinality_accuracy": 0.6121852517985612,
      "count_class_accuracy": 0.6121852517985612,
      "count_class_evaluated": 4448,
      "micro_precision": 0.0,
      "micro_recall": 0.0,
      "micro_f1": 0.0,
      "total_tp": 0,
      "total_fp": 1949,
      "total_fn": 0
    },
    "single-target": {
      "num_samples": 5917,
      "mean_precision": 0.469973522618444,
      "mean_recall": 0.4889302011154301,
      "mean_f1": 0.4762830263083762,
      "exact_set_accuracy": 0.4510731789758323,
      "cardinality_accuracy": 0.8113909075545039,
      "count_class_accuracy": 0.8113909075545039,
      "count_class_evaluated": 5917,
      "micro_precision": 0.533173608551419,
      "micro_recall": 0.4889302011154301,
      "micro_f1": 0.5100943313056511,
      "total_tp": 2893,
      "total_fp": 2533,
      "total_fn": 3024
    },
    "multi-target": {
      "num_samples": 8835,
      "mean_precision": 0.6127488416224499,
      "mean_recall": 0.5174526460774342,
      "mean_f1": 0.5399821185193254,
      "exact_set_accuracy": 0.2327108092812677,
      "cardinality_accuracy": 0.644029428409734,
      "count_class_accuracy": 0.6683644595359366,
      "count_class_evaluated": 8835,
      "micro_precision": 0.6172963400236128,
      "micro_recall": 0.44172686182570864,
      "micro_f1": 0.5149582645950804,
      "total_tp": 10457,
      "total_fp": 6483,
      "total_fn": 13216
    }
  },
  "by_count_group": {
    "0": {
      "num_samples": 4448,
      "mean_precision": 0.6121852517985612,
      "mean_recall": 0.6121852517985612,
      "mean_f1": 0.6121852517985612,
      "exact_set_accuracy": 0.6121852517985612,
      "cardinality_accuracy": 0.6121852517985612,
      "count_class_accuracy": 0.6121852517985612,
      "count_class_evaluated": 4448,
      "micro_precision": 0.0,
      "micro_recall": 0.0,
      "micro_f1": 0.0,
      "total_tp": 0,
      "total_fp": 1949,
      "total_fn": 0
    },
    "1": {
      "num_samples": 5917,
      "mean_precision": 0.469973522618444,
      "mean_recall": 0.4889302011154301,
      "mean_f1": 0.4762830263083762,
      "exact_set_accuracy": 0.4510731789758323,
      "cardinality_accuracy": 0.8113909075545039,
      "count_class_accuracy": 0.8113909075545039,
      "count_class_evaluated": 5917,
      "micro_precision": 0.533173608551419,
      "micro_recall": 0.4889302011154301,
      "micro_f1": 0.5100943313056511,
      "total_tp": 2893,
      "total_fp": 2533,
      "total_fn": 3024
    },
    "2": {
      "num_samples": 5940,
      "mean_precision": 0.6279554807332585,
      "mean_recall": 0.610016835016835,
      "mean_f1": 0.6158019589837748,
      "exact_set_accuracy": 0.3351851851851852,
      "cardinality_accuracy": 0.9255892255892256,
      "count_class_accuracy": 0.9255892255892256,
      "count_class_evaluated": 5940,
      "micro_precision": 0.6403074748188726,
      "micro_recall": 0.610016835016835,
      "micro_f1": 0.624795240969049,
      "total_tp": 7247,
      "total_fp": 4071,
      "total_fn": 4633
    },
    "3+": {
      "num_samples": 2895,
      "mean_precision": 0.5815476546386171,
      "mean_recall": 0.327528196232861,
      "mean_f1": 0.3844139484471704,
      "exact_set_accuracy": 0.022452504317789293,
      "cardinality_accuracy": 0.06632124352331606,
      "count_class_accuracy": 0.14058721934369603,
      "count_class_evaluated": 2895,
      "micro_precision": 0.5709711846318036,
      "micro_recall": 0.27219537013482575,
      "micro_f1": 0.3686477174849268,
      "total_tp": 3210,
      "total_fp": 2412,
      "total_fn": 8583
    }
  },
  "examples": [
    {
      "sample_id": "0000000",
      "image_id": 839,
      "file_name": "COCO_train2014_000000000839.jpg",
      "target_type": "multi-target",
      "expression": "blue shirt and a frisbee",
      "true_count_class": 2,
      "pred_count_class": 2,
      "gt_candidate_indices": [
        0,
        1
      ],
      "pred_candidate_indices": [
        0,
        2
      ],
      "num_predictions": 2,
      "num_targets": 2,
      "precision": 0.5,
      "recall": 0.5,
      "f1": 0.5,
      "exact": 0.0
    },
    {
      "sample_id": "0000001",
      "image_id": 839,
      "file_name": "COCO_train2014_000000000839.jpg",
      "target_type": "multi-target",
      "expression": "blue shirt and frisbee",
      "true_count_class": 2,
      "pred_count_class": 2,
      "gt_candidate_indices": [
        0,
        1
      ],
      "pred_candidate_indices": [
        0,
        2
      ],
      "num_predictions": 2,
      "num_targets": 2,
      "precision": 0.5,
      "recall": 0.5,
      "f1": 0.5,
      "exact": 0.0
    },
    {
      "sample_id": "0000002",
      "image_id": 839,
      "file_name": "COCO_train2014_000000000839.jpg",
      "target_type": "multi-target",
      "expression": "blue shirt and white shirt",
      "true_count_class": 2,
      "pred_count_class": 2,
      "gt_candidate_indices": [
        0,
        2
      ],
      "pred_candidate_indices": [
        0,
        2
      ],
      "num_predictions": 2,
      "num_targets": 2,
      "precision": 1.0,
      "recall": 1.0,
      "f1": 1.0,
      "exact": 1.0
    },
    {
      "sample_id": "0000003",
      "image_id": 839,
      "file_name": "COCO_train2014_000000000839.jpg",
      "target_type": "multi-target",
      "expression": "blue cshirt and falling",
      "true_count_class": 2,
      "pred_count_class": 2,
      "gt_candidate_indices": [
        0,
        2
      ],
      "pred_candidate_indices": [
        0,
        2
      ],
      "num_predictions": 2,
      "num_targets": 2,
      "precision": 1.0,
      "recall": 1.0,
      "f1": 1.0,