{
  "feature_file": "cache/features/stage5/siglip2_detector_testB.pt",
  "checkpoint": "checkpoints/stage5/siglip2_5pct_seed1/last.pt",
  "clip_model": "none",
  "feature_dim": 768,
  "candidate_feature_dim": 768,
  "text_feature_dim": 768,
  "representation": {
    "name": "siglip2",
    "model_ids": {
      "siglip2": "google/siglip2-base-patch16-224"
    },
    "candidate_feature_dim": 768,
    "text_feature_dim": 768,
    "component_normalization": {
      "siglip2_image": "l2",
      "siglip2_text": "l2"
    },
    "fusion": "none",
    "similarity_source": "normalized SigLIP 2 image/text embeddings",
    "encoder_parameters": {
      "siglip2": {
        "total": 375187970,
        "trainable": 0
      }
    }
  },
  "device": "cuda",
  "batch_size": 64,
  "selection_policy": "cardinality-threshold",
  "membership_threshold": 0.5,
  "config": {
    "match_threshold": 0.5,
    "overlap_metric": "giou",
    "prediction_score_threshold": null,
    "image_f1_threshold": 1.0
  },
  "official": {
    "F1_score": 0.348751789827554,
    "T_acc": 0.9240561896400351,
    "N_acc": 0.6227263000213995
  },
  "diagnostics": {
    "num_samples": 16063,
    "mean_precision": 0.4878508292105925,
    "mean_recall": 0.463585192364061,
    "mean_f1": 0.46531162398977355,
    "exact_set_accuracy": 0.348751789827554,
    "cardinality_accuracy": 0.6839942725518272,
    "count_class_accuracy": 0.6930212289111622,
    "count_class_evaluated": 16063,
    "micro_precision": 0.4221075823526251,
    "micro_recall": 0.36832973834755695,
    "micro_f1": 0.3933892575435082,
    "total_tp": 7855,
    "total_fp": 10754,
    "total_fn": 13471,
    "no_target_total": 4673,
    "no_target_accuracy": 0.6227263000213995,
    "false_grounding_rate": 0.3772736999786005,
    "single_target_total": 5646,
    "single_target_localization_accuracy": 0.35458731845554375,
    "single_target_exact_accuracy": 0.3085370173574212,
    "multi_target_total": 5744,
    "multi_target_mean_f1": 0.4612955376965019,
    "multi_target_exact_accuracy": 0.1653899721448468
  },
  "by_target_type": {
    "no-target": {
      "num_samples": 4673,
      "mean_precision": 0.6227263000213995,
      "mean_recall": 0.6227263000213995,
      "mean_f1": 0.6227263000213995,
      "exact_set_accuracy": 0.6227263000213995,
      "cardinality_accuracy": 0.6227263000213995,
      "count_class_accuracy": 0.6227263000213995,
      "count_class_evaluated": 4673,
      "micro_precision": 0.0,
      "micro_recall": 0.0,
      "micro_f1": 0.0,
      "total_tp": 0,
      "total_fp": 1902,
      "total_fn": 0
    },
    "single-target": {
      "num_samples": 5646,
      "mean_precision": 0.33144409021135907,
      "mean_recall": 0.35458731845554375,
      "mean_f1": 0.33911070627330037,
      "exact_set_accuracy": 0.3085370173574212,
      "cardinality_accuracy": 0.7557562876372653,
      "count_class_accuracy": 0.7557562876372653,
      "count_class_evaluated": 5646,
      "micro_precision": 0.3608507570295602,
      "micro_recall": 0.35458731845554375,
      "micro_f1": 0.357691620510988,
      "total_tp": 2002,
      "total_fp": 3546,
      "total_fn": 3644
    },
    "multi-target": {
      "num_samples": 5744,
      "mean_precision": 0.5318618621651142,
      "mean_recall": 0.44125503916155073,
      "mean_f1": 0.4612955376965019,
      "exact_set_accuracy": 0.1653899721448468,
      "cardinality_accuracy": 0.6633008356545961,
      "count_class_accuracy": 0.6885445682451253,
      "count_class_evaluated": 5744,
      "micro_precision": 0.5245093646384085,
      "micro_recall": 0.3732780612244898,
      "micro_f1": 0.4361563396549797,
      "total_tp": 5853,
      "total_fp": 5306,
      "total_fn": 9827
    }
  },
  "by_count_group": {
    "0": {
      "num_samples": 4673,
      "mean_precision": 0.6227263000213995,
      "mean_recall": 0.6227263000213995,
      "mean_f1": 0.6227263000213995,
      "exact_set_accuracy": 0.6227263000213995,
      "cardinality_accuracy": 0.6227263000213995,
      "count_class_accuracy": 0.6227263000213995,
      "count_class_evaluated": 4673,
      "micro_precision": 0.0,
      "micro_recall": 0.0,
      "micro_f1": 0.0,
      "total_tp": 0,
      "total_fp": 1902,
      "total_fn": 0
    },
    "1": {
      "num_samples": 5646,
      "mean_precision": 0.33144409021135907,
      "mean_recall": 0.35458731845554375,
      "mean_f1": 0.33911070627330037,
      "exact_set_accuracy": 0.3085370173574212,
      "cardinality_accuracy": 0.7557562876372653,
      "count_class_accuracy": 0.7557562876372653,
      "count_class_evaluated": 5646,
      "micro_precision": 0.3608507570295602,
      "micro_recall": 0.35458731845554375,
      "micro_f1": 0.357691620510988,
      "total_tp": 2002,
      "total_fp": 3546,
      "total_fn": 3644
    },
    "2": {
      "num_samples": 3957,
      "mean_precision": 0.5268343020807009,
      "mean_recall": 0.5145312105130149,
      "mean_f1": 0.5184122170475476,
      "exact_set_accuracy": 0.23730098559514784,
      "cardinality_accuracy": 0.9416224412433661,
      "count_class_accuracy": 0.9416224412433661,
      "count_class_evaluated": 3957,
      "micro_precision": 0.5331936624328925,
      "micro_recall": 0.5145312105130149,
      "micro_f1": 0.5236962253231303,
      "total_tp": 4072,
      "total_fp": 3565,
      "total_fn": 3842
    },
    "3+": {
      "num_samples": 1787,
      "mean_precision": 0.5429945175954585,
      "mean_recall": 0.27899773080243,
      "mean_f1": 0.3348206075386352,
      "exact_set_accuracy": 0.006155567991046447,
      "cardinality_accuracy": 0.047006155567991044,
      "count_class_accuracy": 0.1281477336317851,
      "count_class_evaluated": 1787,
      "micro_precision": 0.5056785917092561,
      "micro_recall": 0.22933298995621942,
      "micro_f1": 0.3155563430191354,
      "total_tp": 1781,
      "total_fp": 1741,
      "total_fn": 5985
    }
  },
  "examples": [
    {
      "sample_id": "0000000",
      "image_id": 154,
      "file_name": "COCO_train2014_000000000154.jpg",
      "target_type": "multi-target",
      "expression": "three zebras standing on the savannah.",
      "true_count_class": 3,
      "pred_count_class": 2,
      "gt_candidate_indices": [
        0,
        1,
        2,
        3
      ],
      "pred_candidate_indices": [
        1,
        3
      ],
      "num_predictions": 2,
      "num_targets": 3,
      "precision": 0.5,
      "recall": 0.3333333333333333,
      "f1": 0.4,
      "exact": 0.0
    },
    {
      "sample_id": "0000001",
      "image_id": 154,
      "file_name": "COCO_train2014_000000000154.jpg",
      "target_type": "multi-target",
      "expression": "a trio of zebras positioned on the grassland.",
      "true_count_class": 3,
      "pred_count_class": 2,
      "gt_candidate_indices": [
        0,
        1,
        2,
        3
      ],
      "pred_candidate_indices": [
        1,
        3
      ],
      "num_predictions": 2,
      "num_targets": 3,
      "precision": 0.5,
      "recall": 0.3333333333333333,
      "f1": 0.4,
      "exact": 0.0
    },
    {
      "sample_id": "0000002",
      "image_id": 154,
      "file_name": "COCO_train2014_000000000154.jpg",
      "target_type": "multi-target",
      "expression": "there are three zebras standing in the prairie.",
      "true_count_class": 3,
      "pred_count_class": 2,
      "gt_candidate_indices": [
        0,
        1,
        2,
        3
      ],
      "pred_candidate_indices": [
        1,
        3
      ],
      "num_predictions": 2,
      "num_targets": 3,
      "precision": 0.5,
      "recall": 0.3333333333333333,
      "f1": 0.4,
      "exact": 0.0
    },
    {
      "sample_id": "0000003",
      "image_id": 154,
      "file_name": "COCO_train2014_000000000154.jpg",
      "target_type": "multi-target",
      "expression": "three zebras, all stationary on the grassy plain.",
      "true_count_class": 3,
      "pred_count_class": 2,