{
  "feature_file": "cache/features/stage5/clip_detector_testB.pt",
  "checkpoint": "checkpoints/stage5/clip_5pct_seed2/best.pt",
  "clip_model": "ViT-B/32",
  "feature_dim": 512,
  "candidate_feature_dim": 512,
  "text_feature_dim": 512,
  "representation": {
    "name": "clip",
    "model_ids": {
      "clip": "ViT-B/32"
    },
    "candidate_feature_dim": 512,
    "text_feature_dim": 512,
    "component_normalization": {
      "clip_image": "l2",
      "clip_text": "l2"
    },
    "fusion": "none",
    "encoder_parameters": {
      "clip": {
        "total": 151277313,
        "trainable": 0
      }
    }
  },
  "device": "cuda",
  "batch_size": 64,
  "selection_policy": "cardinality-threshold",
  "membership_threshold": 0.5,
  "config": {
    "match_threshold": 0.5,
    "overlap_metric": "giou",
    "prediction_score_threshold": null,
    "image_f1_threshold": 1.0
  },
  "official": {
    "F1_score": 0.29340720911411317,
    "T_acc": 0.47796312554872694,
    "N_acc": 0.8790926599614809
  },
  "diagnostics": {
    "num_samples": 16063,
    "mean_precision": 0.3717860922617195,
    "mean_recall": 0.36812861856440277,
    "mean_f1": 0.3672459842135492,
    "exact_set_accuracy": 0.29340720911411317,
    "cardinality_accuracy": 0.48907427006163234,
    "count_class_accuracy": 0.48907427006163234,
    "count_class_evaluated": 16063,
    "micro_precision": 0.32895816242821985,
    "micro_recall": 0.1692300478289412,
    "micro_f1": 0.22348824968263306,
    "total_tp": 3609,
    "total_fp": 7362,
    "total_fn": 17717,
    "no_target_total": 4673,
    "no_target_accuracy": 0.8790926599614809,
    "false_grounding_rate": 0.12090734003851915,
    "single_target_total": 5646,
    "single_target_localization_accuracy": 0.05100956429330499,
    "single_target_exact_accuracy": 0.013460857244066596,
    "multi_target_total": 5744,
    "multi_target_mean_f1": 0.27397961544026994,
    "multi_target_exact_accuracy": 0.09209610027855153
  },
  "by_target_type": {
    "no-target": {
      "num_samples": 4673,
      "mean_precision": 0.8790926599614809,
      "mean_recall": 0.8790926599614809,
      "mean_f1": 0.8790926599614809,
      "exact_set_accuracy": 0.8790926599614809,
      "cardinality_accuracy": 0.8790926599614809,
      "count_class_accuracy": 0.8790926599614809,
      "count_class_evaluated": 4673,
      "micro_precision": 0.0,
      "micro_recall": 0.0,
      "micro_f1": 0.0,
      "total_tp": 0,
      "total_fp": 813,
      "total_fn": 0
    },
    "single-target": {
      "num_samples": 5646,
      "mean_precision": 0.032235210768685796,
      "mean_recall": 0.05100956429330499,
      "mean_f1": 0.038493328610225426,
      "exact_set_accuracy": 0.013460857244066596,
      "cardinality_accuracy": 0.0965285157633723,
      "count_class_accuracy": 0.0965285157633723,
      "count_class_evaluated": 5646,
      "micro_precision": 0.15023474178403756,
      "micro_recall": 0.05100956429330499,
      "micro_f1": 0.07616025386751289,
      "total_tp": 288,
      "total_fp": 1629,
      "total_fn": 5358
    },
    "multi-target": {
      "num_samples": 5744,
      "mean_precision": 0.2928272980501393,
      "mean_recall": 0.2641451949860727,
      "mean_f1": 0.27397961544026994,
      "exact_set_accuracy": 0.09209610027855153,
      "cardinality_accuracy": 0.557625348189415,
      "count_class_accuracy": 0.557625348189415,
      "count_class_evaluated": 5744,
      "micro_precision": 0.40298507462686567,
      "micro_recall": 0.2117984693877551,
      "micro_f1": 0.2776639772584758,
      "total_tp": 3321,
      "total_fp": 4920,
      "total_fn": 12359
    }
  },
  "by_count_group": {
    "0": {
      "num_samples": 4673,
      "mean_precision": 0.8790926599614809,
      "mean_recall": 0.8790926599614809,
      "mean_f1": 0.8790926599614809,
      "exact_set_accuracy": 0.8790926599614809,
      "cardinality_accuracy": 0.8790926599614809,
      "count_class_accuracy": 0.8790926599614809,
      "count_class_evaluated": 4673,
      "micro_precision": 0.0,
      "micro_recall": 0.0,
      "micro_f1": 0.0,
      "total_tp": 0,
      "total_fp": 813,
      "total_fn": 0
    },
    "1": {
      "num_samples": 5646,
      "mean_precision": 0.032235210768685796,
      "mean_recall": 0.05100956429330499,
      "mean_f1": 0.038493328610225426,
      "exact_set_accuracy": 0.013460857244066596,
      "cardinality_accuracy": 0.0965285157633723,
      "count_class_accuracy": 0.0965285157633723,
      "count_class_evaluated": 5646,
      "micro_precision": 0.15023474178403756,
      "micro_recall": 0.05100956429330499,
      "micro_f1": 0.07616025386751289,
      "total_tp": 288,
      "total_fp": 1629,
      "total_fn": 5358
    },
    "2": {
      "num_samples": 3957,
      "mean_precision": 0.32789992418498864,
      "mean_recall": 0.3266363406621178,
      "mean_f1": 0.3270575351697415,
      "exact_set_accuracy": 0.13368713671973717,
      "cardinality_accuracy": 0.809451604751074,
      "count_class_accuracy": 0.809451604751074,
      "count_class_evaluated": 3957,
      "micro_precision": 0.4008995037220844,
      "micro_recall": 0.3266363406621178,
      "micro_f1": 0.35997771898064335,
      "total_tp": 2585,
      "total_fp": 3863,
      "total_fn": 5329
    },
    "3+": {
      "num_samples": 1787,
      "mean_precision": 0.21516508114157806,
      "mean_recall": 0.1257694459988809,
      "mean_f1": 0.15644781445005368,
      "exact_set_accuracy": 0.0,
      "cardinality_accuracy": 0.0,
      "count_class_accuracy": 0.0,
      "count_class_evaluated": 1787,
      "micro_precision": 0.41048522030117124,
      "micro_recall": 0.09477208344063869,
      "micro_f1": 0.15399100324301704,
      "total_tp": 736,
      "total_fp": 1057,
      "total_fn": 7030
    }
  },
  "examples": [
    {
      "sample_id": "0000000",
      "image_id": 154,
      "file_name": "COCO_train2014_000000000154.jpg",
      "target_type": "multi-target",
      "expression": "three zebras standing on the savannah.",
      "true_count_class": 3,
      "pred_count_class": 2,
      "gt_candidate_indices": [
        0,
        1,
        2,
        3
      ],
      "pred_candidate_indices": [
        1,
        3
      ],
      "num_predictions": 2,
      "num_targets": 3,
      "precision": 0.5,
      "recall": 0.3333333333333333,
      "f1": 0.4,
      "exact": 0.0
    },
    {
      "sample_id": "0000001",
      "image_id": 154,
      "file_name": "COCO_train2014_000000000154.jpg",
      "target_type": "multi-target",
      "expression": "a trio of zebras positioned on the grassland.",
      "true_count_class": 3,
      "pred_count_class": 2,
      "gt_candidate_indices": [
        0,
        1,
        2,
        3
      ],
      "pred_candidate_indices": [
        1,
        3
      ],
      "num_predictions": 2,
      "num_targets": 3,
      "precision": 0.5,
      "recall": 0.3333333333333333,
      "f1": 0.4,
      "exact": 0.0
    },
    {
      "sample_id": "0000002",
      "image_id": 154,
      "file_name": "COCO_train2014_000000000154.jpg",
      "target_type": "multi-target",
      "expression": "there are three zebras standing in the prairie.",
      "true_count_class": 3,
      "pred_count_class": 0,
      "gt_candidate_indices": [
        0,
        1,
        2,
        3
      ],
      "pred_candidate_indices": [],
      "num_predictions": 0,
      "num_targets": 3,
      "precision": 0.0,
      "recall": 0.0,
      "f1": 0.0,
      "exact": 0.0
    },
    {
      "sample_id": "0000003",
      "image_id": 154,
      "file_name": "COCO_train2014_000000000154.jpg",
      "target_type": "multi-target",
      "expression": "three zebras, all stationary on the grassy plain.",
      "true_count_class": 3,
      "pred_count_class": 2,
      "gt_candidate_indices": [
        0,
        1,
        2,
        3
      ],
      "pred_candidate_indices": [
        1,
        3
      ],
      "num_predictions": 2,
      "num_targets": 3,
      "precision": 0.5,