{
  "feature_file": "cache/features/stage5/clip_detector_testA.pt",
  "checkpoint": "checkpoints/stage5/clip_5pct_seed2/last.pt",
  "clip_model": "ViT-B/32",
  "feature_dim": 512,
  "candidate_feature_dim": 512,
  "text_feature_dim": 512,
  "representation": {
    "name": "clip",
    "model_ids": {
      "clip": "ViT-B/32"
    },
    "candidate_feature_dim": 512,
    "text_feature_dim": 512,
    "component_normalization": {
      "clip_image": "l2",
      "clip_text": "l2"
    },
    "fusion": "none",
    "encoder_parameters": {
      "clip": {
        "total": 151277313,
        "trainable": 0
      }
    }
  },
  "device": "cuda",
  "batch_size": 64,
  "selection_policy": "cardinality-threshold",
  "membership_threshold": 0.5,
  "config": {
    "match_threshold": 0.5,
    "overlap_metric": "giou",
    "prediction_score_threshold": null,
    "image_f1_threshold": 1.0
  },
  "official": {
    "F1_score": 0.2981770833333333,
    "T_acc": 0.9519387201735358,
    "N_acc": 0.4714478417266187
  },
  "diagnostics": {
    "num_samples": 19200,
    "mean_precision": 0.4815318652143624,
    "mean_recall": 0.43941862261002523,
    "mean_f1": 0.4484122359748709,
    "exact_set_accuracy": 0.2981770833333333,
    "cardinality_accuracy": 0.6473958333333333,
    "count_class_accuracy": 0.64921875,
    "count_class_evaluated": 19200,
    "micro_precision": 0.4687664467025626,
    "micro_recall": 0.3913146333220683,
    "micro_f1": 0.4265532040301339,
    "total_tp": 11579,
    "total_fp": 13122,
    "total_fn": 18011,
    "no_target_total": 4448,
    "no_target_accuracy": 0.4714478417266187,
    "false_grounding_rate": 0.5285521582733813,
    "single_target_total": 5917,
    "single_target_localization_accuracy": 0.37265506168666557,
    "single_target_exact_accuracy": 0.3293898935271252,
    "multi_target_total": 8835,
    "multi_target_mean_f1": 0.4972097638993707,
    "multi_target_exact_accuracy": 0.19003961516694964
  },
  "by_target_type": {
    "no-target": {
      "num_samples": 4448,
      "mean_precision": 0.4714478417266187,
      "mean_recall": 0.4714478417266187,
      "mean_f1": 0.4714478417266187,
      "exact_set_accuracy": 0.4714478417266187,
      "cardinality_accuracy": 0.4714478417266187,
      "count_class_accuracy": 0.4714478417266187,
      "count_class_evaluated": 4448,
      "micro_precision": 0.0,
      "micro_recall": 0.0,
      "micro_f1": 0.0,
      "total_tp": 0,
      "total_fp": 2751,
      "total_fn": 0
    },
    "single-target": {
      "num_samples": 5917,
      "mean_precision": 0.35102247760689537,
      "mean_recall": 0.37265506168666557,
      "mean_f1": 0.3582333389668199,
      "exact_set_accuracy": 0.3293898935271252,
      "cardinality_accuracy": 0.835389555517999,
      "count_class_accuracy": 0.835389555517999,
      "count_class_evaluated": 5917,
      "micro_precision": 0.37737463631696044,
      "micro_recall": 0.37265506168666557,
      "micro_f1": 0.375,
      "total_tp": 2205,
      "total_fp": 3638,
      "total_fn": 3712
    },
    "multi-target": {
      "num_samples": 8835,
      "mean_precision": 0.5740137874494352,
      "mean_recall": 0.46800651433079404,
      "mean_f1": 0.4972097638993707,
      "exact_set_accuracy": 0.19003961516694964,
      "cardinality_accuracy": 0.610073571024335,
      "count_class_accuracy": 0.6140350877192983,
      "count_class_evaluated": 8835,
      "micro_precision": 0.5819829887626498,
      "micro_recall": 0.3959785409538293,
      "micro_f1": 0.4712921065862242,
      "total_tp": 9374,
      "total_fp": 6733,
      "total_fn": 14299
    }
  },
  "by_count_group": {
    "0": {
      "num_samples": 4448,
      "mean_precision": 0.4714478417266187,
      "mean_recall": 0.4714478417266187,
      "mean_f1": 0.4714478417266187,
      "exact_set_accuracy": 0.4714478417266187,
      "cardinality_accuracy": 0.4714478417266187,
      "count_class_accuracy": 0.4714478417266187,
      "count_class_evaluated": 4448,
      "micro_precision": 0.0,
      "micro_recall": 0.0,
      "micro_f1": 0.0,
      "total_tp": 0,
      "total_fp": 2751,
      "total_fn": 0
    },
    "1": {
      "num_samples": 5917,
      "mean_precision": 0.35102247760689537,
      "mean_recall": 0.37265506168666557,
      "mean_f1": 0.3582333389668199,
      "exact_set_accuracy": 0.3293898935271252,
      "cardinality_accuracy": 0.835389555517999,
      "count_class_accuracy": 0.835389555517999,
      "count_class_evaluated": 5917,
      "micro_precision": 0.37737463631696044,
      "micro_recall": 0.37265506168666557,
      "micro_f1": 0.375,
      "total_tp": 2205,
      "total_fp": 3638,
      "total_fn": 3712
    },
    "2": {
      "num_samples": 5940,
      "mean_precision": 0.5838383838383838,
      "mean_recall": 0.5588383838383838,
      "mean_f1": 0.5671717171717144,
      "exact_set_accuracy": 0.280976430976431,
      "cardinality_accuracy": 0.9035353535353535,
      "count_class_accuracy": 0.9035353535353535,
      "count_class_evaluated": 5940,
      "micro_precision": 0.5928737274513306,
      "micro_recall": 0.5588383838383838,
      "micro_f1": 0.5753531501863246,
      "total_tp": 6639,
      "total_fp": 4559,
      "total_fn": 5241
    },
    "3+": {
      "num_samples": 2895,
      "mean_precision": 0.5538555482265144,
      "mean_recall": 0.2816364608333536,
      "mean_f1": 0.3536608856825127,
      "exact_set_accuracy": 0.0034542314335060447,
      "cardinality_accuracy": 0.007944732297063902,
      "count_class_accuracy": 0.02003454231433506,
      "count_class_evaluated": 2895,
      "micro_precision": 0.5571399470360562,
      "micro_recall": 0.23191723904010855,
      "micro_f1": 0.32750568794156387,
      "total_tp": 2735,
      "total_fp": 2174,
      "total_fn": 9058
    }
  },
  "examples": [
    {
      "sample_id": "0000000",
      "image_id": 839,
      "file_name": "COCO_train2014_000000000839.jpg",
      "target_type": "multi-target",
      "expression": "blue shirt and a frisbee",
      "true_count_class": 2,
      "pred_count_class": 2,
      "gt_candidate_indices": [
        0,
        1
      ],
      "pred_candidate_indices": [
        0,
        2
      ],
      "num_predictions": 2,
      "num_targets": 2,
      "precision": 0.5,
      "recall": 0.5,
      "f1": 0.5,
      "exact": 0.0
    },
    {
      "sample_id": "0000001",
      "image_id": 839,
      "file_name": "COCO_train2014_000000000839.jpg",
      "target_type": "multi-target",
      "expression": "blue shirt and frisbee",
      "true_count_class": 2,
      "pred_count_class": 2,
      "gt_candidate_indices": [
        0,
        1
      ],
      "pred_candidate_indices": [
        0,
        2
      ],
      "num_predictions": 2,
      "num_targets": 2,
      "precision": 0.5,
      "recall": 0.5,
      "f1": 0.5,
      "exact": 0.0
    },
    {
      "sample_id": "0000002",
      "image_id": 839,
      "file_name": "COCO_train2014_000000000839.jpg",
      "target_type": "multi-target",
      "expression": "blue shirt and white shirt",
      "true_count_class": 2,
      "pred_count_class": 2,
      "gt_candidate_indices": [
        0,
        2
      ],
      "pred_candidate_indices": [
        0,
        2
      ],
      "num_predictions": 2,
      "num_targets": 2,
      "precision": 1.0,
      "recall": 1.0,
      "f1": 1.0,
      "exact": 1.0
    },
    {
      "sample_id": "0000003",
      "image_id": 839,
      "file_name": "COCO_train2014_000000000839.jpg",
      "target_type": "multi-target",
      "expression": "blue cshirt and falling",
      "true_count_class": 2,
      "pred_count_class": 2,
      "gt_candidate_indices": [
        0,
        2
      ],
      "pred_candidate_indices": [
        0,
        2
      ],
      "num_predictions": 2,
      "num_targets": 2,
      "precision": 1.0,
      "recall": 1.0,
      "f1": 1.0,
      "exact": 1.0
    },
    {
      "sample_id": "0000004",
      "image_id": 839,
      "file_name": "COCO_train2014_000000000839.jpg",