{
  "feature_file": "cache/features/stage5/clip_detector_testA.pt",
  "checkpoint": "checkpoints/stage5/clip_5pct_seed2/best.pt",
  "clip_model": "ViT-B/32",
  "feature_dim": 512,
  "candidate_feature_dim": 512,
  "text_feature_dim": 512,
  "representation": {
    "name": "clip",
    "model_ids": {
      "clip": "ViT-B/32"
    },
    "candidate_feature_dim": 512,
    "text_feature_dim": 512,
    "component_normalization": {
      "clip_image": "l2",
      "clip_text": "l2"
    },
    "fusion": "none",
    "encoder_parameters": {
      "clip": {
        "total": 151277313,
        "trainable": 0
      }
    }
  },
  "device": "cuda",
  "batch_size": 64,
  "selection_policy": "cardinality-threshold",
  "membership_threshold": 0.5,
  "config": {
    "match_threshold": 0.5,
    "overlap_metric": "giou",
    "prediction_score_threshold": null,
    "image_f1_threshold": 1.0
  },
  "official": {
    "F1_score": 0.28848958333333335,
    "T_acc": 0.7608459869848156,
    "N_acc": 0.7135791366906474
  },
  "diagnostics": {
    "num_samples": 19200,
    "mean_precision": 0.4534635416666667,
    "mean_recall": 0.4165721007869415,
    "mean_f1": 0.4245992453726832,
    "exact_set_accuracy": 0.28848958333333335,
    "cardinality_accuracy": 0.5842708333333333,
    "count_class_accuracy": 0.5842708333333333,
    "count_class_evaluated": 19200,
    "micro_precision": 0.46755676933191725,
    "micro_recall": 0.3124366339979723,
    "micro_f1": 0.3745720478901201,
    "total_tp": 9245,
    "total_fp": 10528,
    "total_fn": 20345,
    "no_target_total": 4448,
    "no_target_accuracy": 0.7135791366906474,
    "false_grounding_rate": 0.2864208633093525,
    "single_target_total": 5917,
    "single_target_localization_accuracy": 0.21666384992394794,
    "single_target_exact_accuracy": 0.1761027547743789,
    "multi_target_total": 8835,
    "multi_target_mean_f1": 0.42742563793498123,
    "multi_target_exact_accuracy": 0.1497453310696095
  },
  "by_target_type": {
    "no-target": {
      "num_samples": 4448,
      "mean_precision": 0.7135791366906474,
      "mean_recall": 0.7135791366906474,
      "mean_f1": 0.7135791366906474,
      "exact_set_accuracy": 0.7135791366906474,
      "cardinality_accuracy": 0.7135791366906474,
      "count_class_accuracy": 0.7135791366906474,
      "count_class_evaluated": 4448,
      "micro_precision": 0.0,
      "micro_recall": 0.0,
      "micro_f1": 0.0,
      "total_tp": 0,
      "total_fp": 1626,
      "total_fn": 0
    },
    "single-target": {
      "num_samples": 5917,
      "mean_precision": 0.19638330234916343,
      "mean_recall": 0.21666384992394794,
      "mean_f1": 0.20314348487409156,
      "exact_set_accuracy": 0.1761027547743789,
      "cardinality_accuracy": 0.5185059996619908,
      "count_class_accuracy": 0.5185059996619908,
      "count_class_evaluated": 5917,
      "micro_precision": 0.3221105527638191,
      "micro_recall": 0.21666384992394794,
      "micro_f1": 0.2590684045670405,
      "total_tp": 1282,
      "total_fp": 2698,
      "total_fn": 4635
    },
    "multi-target": {
      "num_samples": 8835,
      "mean_precision": 0.4946802490096208,
      "mean_recall": 0.4009263537192257,
      "mean_f1": 0.42742563793498123,
      "exact_set_accuracy": 0.1497453310696095,
      "cardinality_accuracy": 0.5632144878324844,
      "count_class_accuracy": 0.5632144878324844,
      "count_class_evaluated": 8835,
      "micro_precision": 0.5620808922143008,
      "micro_recall": 0.3363747729480843,
      "micro_f1": 0.420877378435518,
      "total_tp": 7963,
      "total_fp": 6204,
      "total_fn": 15710
    }
  },
  "by_count_group": {
    "0": {
      "num_samples": 4448,
      "mean_precision": 0.7135791366906474,
      "mean_recall": 0.7135791366906474,
      "mean_f1": 0.7135791366906474,
      "exact_set_accuracy": 0.7135791366906474,
      "cardinality_accuracy": 0.7135791366906474,
      "count_class_accuracy": 0.7135791366906474,
      "count_class_evaluated": 4448,
      "micro_precision": 0.0,
      "micro_recall": 0.0,
      "micro_f1": 0.0,
      "total_tp": 0,
      "total_fp": 1626,
      "total_fn": 0
    },
    "1": {
      "num_samples": 5917,
      "mean_precision": 0.19638330234916343,
      "mean_recall": 0.21666384992394794,
      "mean_f1": 0.20314348487409156,
      "exact_set_accuracy": 0.1761027547743789,
      "cardinality_accuracy": 0.5185059996619908,
      "count_class_accuracy": 0.5185059996619908,
      "count_class_evaluated": 5917,
      "micro_precision": 0.3221105527638191,
      "micro_recall": 0.21666384992394794,
      "micro_f1": 0.2590684045670405,
      "total_tp": 1282,
      "total_fp": 2698,
      "total_fn": 4635
    },
    "2": {
      "num_samples": 5940,
      "mean_precision": 0.5058922558922558,
      "mean_recall": 0.4831649831649832,
      "mean_f1": 0.49074074074073937,
      "exact_set_accuracy": 0.22272727272727272,
      "cardinality_accuracy": 0.8377104377104377,
      "count_class_accuracy": 0.8377104377104377,
      "count_class_evaluated": 5940,
      "micro_precision": 0.5502828108522673,
      "micro_recall": 0.4831649831649832,
      "micro_f1": 0.51454439514141,
      "total_tp": 5740,
      "total_fp": 4691,
      "total_fn": 6140
    },
    "3+": {
      "num_samples": 2895,
      "mean_precision": 0.47167530224525045,
      "mean_recall": 0.23218802594450363,
      "mean_f1": 0.2975148570485307,
      "exact_set_accuracy": 0.0,
      "cardinality_accuracy": 0.0,
      "count_class_accuracy": 0.0,
      "count_class_evaluated": 2895,
      "micro_precision": 0.5950214132762313,
      "micro_recall": 0.18850165352327652,
      "micro_f1": 0.2863030459140962,
      "total_tp": 2223,
      "total_fp": 1513,
      "total_fn": 9570
    }
  },
  "examples": [
    {
      "sample_id": "0000000",
      "image_id": 839,
      "file_name": "COCO_train2014_000000000839.jpg",
      "target_type": "multi-target",
      "expression": "blue shirt and a frisbee",
      "true_count_class": 2,
      "pred_count_class": 2,
      "gt_candidate_indices": [
        0,
        1
      ],
      "pred_candidate_indices": [
        0,
        2
      ],
      "num_predictions": 2,
      "num_targets": 2,
      "precision": 0.5,
      "recall": 0.5,
      "f1": 0.5,
      "exact": 0.0
    },
    {
      "sample_id": "0000001",
      "image_id": 839,
      "file_name": "COCO_train2014_000000000839.jpg",
      "target_type": "multi-target",
      "expression": "blue shirt and frisbee",
      "true_count_class": 2,
      "pred_count_class": 2,
      "gt_candidate_indices": [
        0,
        1
      ],
      "pred_candidate_indices": [
        0,
        2
      ],
      "num_predictions": 2,
      "num_targets": 2,
      "precision": 0.5,
      "recall": 0.5,
      "f1": 0.5,
      "exact": 0.0
    },
    {
      "sample_id": "0000002",
      "image_id": 839,
      "file_name": "COCO_train2014_000000000839.jpg",
      "target_type": "multi-target",
      "expression": "blue shirt and white shirt",
      "true_count_class": 2,
      "pred_count_class": 2,
      "gt_candidate_indices": [
        0,
        2
      ],
      "pred_candidate_indices": [
        0,
        2
      ],
      "num_predictions": 2,
      "num_targets": 2,
      "precision": 1.0,
      "recall": 1.0,
      "f1": 1.0,
      "exact": 1.0
    },
    {
      "sample_id": "0000003",
      "image_id": 839,
      "file_name": "COCO_train2014_000000000839.jpg",
      "target_type": "multi-target",
      "expression": "blue cshirt and falling",
      "true_count_class": 2,
      "pred_count_class": 2,
      "gt_candidate_indices": [
        0,
        2
      ],
      "pred_candidate_indices": [
        0,
        2
      ],
      "num_predictions": 2,
      "num_targets": 2,
      "precision": 1.0,
      "recall": 1.0,
      "f1": 1.0,
      "exact": 1.0
    },
    {
      "sample_id": "0000004",
      "image_id": 839,
      "file_name": "COCO_train2014_000000000839.jpg",
      "target_type": "multi-target",