{
  "feature_file": "cache/features/stage5/siglip2_detector_testB.pt",
  "checkpoint": "checkpoints/stage5/siglip2_10pct_seed0/best.pt",
  "clip_model": "none",
  "feature_dim": 768,
  "candidate_feature_dim": 768,
  "text_feature_dim": 768,
  "representation": {
    "name": "siglip2",
    "model_ids": {
      "siglip2": "google/siglip2-base-patch16-224"
    },
    "candidate_feature_dim": 768,
    "text_feature_dim": 768,
    "component_normalization": {
      "siglip2_image": "l2",
      "siglip2_text": "l2"
    },
    "fusion": "none",
    "similarity_source": "normalized SigLIP 2 image/text embeddings",
    "encoder_parameters": {
      "siglip2": {
        "total": 375187970,
        "trainable": 0
      }
    }
  },
  "device": "cuda",
  "batch_size": 64,
  "selection_policy": "cardinality-threshold",
  "membership_threshold": 0.5,
  "config": {
    "match_threshold": 0.5,
    "overlap_metric": "giou",
    "prediction_score_threshold": null,
    "image_f1_threshold": 1.0
  },
  "official": {
    "F1_score": 0.28195231276847416,
    "T_acc": 0.48121158911325723,
    "N_acc": 0.8076182323988872
  },
  "diagnostics": {
    "num_samples": 16063,
    "mean_precision": 0.36761501587499223,
    "mean_recall": 0.3601865566489236,
    "mean_f1": 0.3601270736706217,
    "exact_set_accuracy": 0.28195231276847416,
    "cardinality_accuracy": 0.4787399614019797,
    "count_class_accuracy": 0.4787399614019797,
    "count_class_evaluated": 16063,
    "micro_precision": 0.35919617914751734,
    "micro_recall": 0.18690799962487106,
    "micro_f1": 0.24587484193319556,
    "total_tp": 3986,
    "total_fp": 7111,
    "total_fn": 17340,
    "no_target_total": 4673,
    "no_target_accuracy": 0.8076182323988872,
    "false_grounding_rate": 0.19238176760111278,
    "single_target_total": 5646,
    "single_target_localization_accuracy": 0.06110520722635494,
    "single_target_exact_accuracy": 0.02497343251859724,
    "multi_target_total": 5744,
    "multi_target_mean_f1": 0.30183168251587456,
    "multi_target_exact_accuracy": 0.1068941504178273
  },
  "by_target_type": {
    "no-target": {
      "num_samples": 4673,
      "mean_precision": 0.8076182323988872,
      "mean_recall": 0.8076182323988872,
      "mean_f1": 0.8076182323988872,
      "exact_set_accuracy": 0.8076182323988872,
      "cardinality_accuracy": 0.8076182323988872,
      "count_class_accuracy": 0.8076182323988872,
      "count_class_evaluated": 4673,
      "micro_precision": 0.0,
      "micro_recall": 0.0,
      "micro_f1": 0.0,
      "total_tp": 0,
      "total_fp": 995,
      "total_fn": 0
    },
    "single-target": {
      "num_samples": 5646,
      "mean_precision": 0.04303931987247609,
      "mean_recall": 0.06110520722635494,
      "mean_f1": 0.04906128232376901,
      "exact_set_accuracy": 0.02497343251859724,
      "cardinality_accuracy": 0.09971661353170386,
      "count_class_accuracy": 0.09971661353170386,
      "count_class_evaluated": 5646,
      "micro_precision": 0.1961341671404207,
      "micro_recall": 0.06110520722635494,
      "micro_f1": 0.09318028359216746,
      "total_tp": 345,
      "total_fp": 1414,
      "total_fn": 5301
    },
    "multi-target": {
      "num_samples": 5744,
      "mean_precision": 0.3286908077994429,
      "mean_recall": 0.29015958555913285,
      "mean_f1": 0.30183168251587456,
      "exact_set_accuracy": 0.1068941504178273,
      "cardinality_accuracy": 0.5837395543175488,
      "count_class_accuracy": 0.5837395543175488,
      "count_class_evaluated": 5744,
      "micro_precision": 0.4364137600383555,
      "micro_recall": 0.2322066326530612,
      "micro_f1": 0.30312617075302833,
      "total_tp": 3641,
      "total_fp": 4702,
      "total_fn": 12039
    }
  },
  "by_count_group": {
    "0": {
      "num_samples": 4673,
      "mean_precision": 0.8076182323988872,
      "mean_recall": 0.8076182323988872,
      "mean_f1": 0.8076182323988872,
      "exact_set_accuracy": 0.8076182323988872,
      "cardinality_accuracy": 0.8076182323988872,
      "count_class_accuracy": 0.8076182323988872,
      "count_class_evaluated": 4673,
      "micro_precision": 0.0,
      "micro_recall": 0.0,
      "micro_f1": 0.0,
      "total_tp": 0,
      "total_fp": 995,
      "total_fn": 0
    },
    "1": {
      "num_samples": 5646,
      "mean_precision": 0.04303931987247609,
      "mean_recall": 0.06110520722635494,
      "mean_f1": 0.04906128232376901,
      "exact_set_accuracy": 0.02497343251859724,
      "cardinality_accuracy": 0.09971661353170386,
      "count_class_accuracy": 0.09971661353170386,
      "count_class_evaluated": 5646,
      "micro_precision": 0.1961341671404207,
      "micro_recall": 0.06110520722635494,
      "micro_f1": 0.09318028359216746,
      "total_tp": 345,
      "total_fp": 1414,
      "total_fn": 5301
    },
    "2": {
      "num_samples": 3957,
      "mean_precision": 0.3640384129390953,
      "mean_recall": 0.3612585291887794,
      "mean_f1": 0.3621851571055514,
      "exact_set_accuracy": 0.15516805660854183,
      "cardinality_accuracy": 0.8473591104371999,
      "count_class_accuracy": 0.8473591104371999,
      "count_class_evaluated": 3957,
      "micro_precision": 0.42374388617163183,
      "micro_recall": 0.3612585291887794,
      "micro_f1": 0.39001432371598116,
      "total_tp": 2859,
      "total_fp": 3888,
      "total_fn": 5055
    },
    "3+": {
      "num_samples": 1787,
      "mean_precision": 0.25041969781757134,
      "mean_recall": 0.13272336846763255,
      "mean_f1": 0.16818943352239446,
      "exact_set_accuracy": 0.0,
      "cardinality_accuracy": 0.0,
      "count_class_accuracy": 0.0,
      "count_class_evaluated": 1787,
      "micro_precision": 0.4899749373433584,
      "micro_recall": 0.1006953386556786,
      "micro_f1": 0.16705832087160863,
      "total_tp": 782,
      "total_fp": 814,
      "total_fn": 6984
    }
  },
  "examples": [
    {
      "sample_id": "0000000",
      "image_id": 154,
      "file_name": "COCO_train2014_000000000154.jpg",
      "target_type": "multi-target",
      "expression": "three zebras standing on the savannah.",
      "true_count_class": 3,
      "pred_count_class": 2,
      "gt_candidate_indices": [
        0,
        1,
        2,
        3
      ],
      "pred_candidate_indices": [
        1,
        3
      ],
      "num_predictions": 2,
      "num_targets": 3,
      "precision": 0.5,
      "recall": 0.3333333333333333,
      "f1": 0.4,
      "exact": 0.0
    },
    {
      "sample_id": "0000001",
      "image_id": 154,
      "file_name": "COCO_train2014_000000000154.jpg",
      "target_type": "multi-target",
      "expression": "a trio of zebras positioned on the grassland.",
      "true_count_class": 3,
      "pred_count_class": 2,
      "gt_candidate_indices": [
        0,
        1,
        2,
        3
      ],
      "pred_candidate_indices": [
        1,
        3
      ],
      "num_predictions": 2,
      "num_targets": 3,
      "precision": 0.5,
      "recall": 0.3333333333333333,
      "f1": 0.4,
      "exact": 0.0
    },
    {
      "sample_id": "0000002",
      "image_id": 154,
      "file_name": "COCO_train2014_000000000154.jpg",
      "target_type": "multi-target",
      "expression": "there are three zebras standing in the prairie.",
      "true_count_class": 3,
      "pred_count_class": 2,
      "gt_candidate_indices": [
        0,
        1,
        2,
        3
      ],
      "pred_candidate_indices": [
        1,
        3
      ],
      "num_predictions": 2,
      "num_targets": 3,
      "precision": 0.5,
      "recall": 0.3333333333333333,
      "f1": 0.4,
      "exact": 0.0
    },
    {
      "sample_id": "0000003",
      "image_id": 154,
      "file_name": "COCO_train2014_000000000154.jpg",
      "target_type": "multi-target",
      "expression": "three zebras, all stationary on the grassy plain.",
      "true_count_class": 3,
      "pred_count_class": 2,
      "gt_candidate_indices": [
        0,
        1,
        2,
        3
      ],