{
  "feature_file": "cache/features/stage5/siglip2_detector_testA.pt",
  "checkpoint": "checkpoints/stage5/siglip2_10pct_seed0/best.pt",
  "clip_model": "none",
  "feature_dim": 768,
  "candidate_feature_dim": 768,
  "text_feature_dim": 768,
  "representation": {
    "name": "siglip2",
    "model_ids": {
      "siglip2": "google/siglip2-base-patch16-224"
    },
    "candidate_feature_dim": 768,
    "text_feature_dim": 768,
    "component_normalization": {
      "siglip2_image": "l2",
      "siglip2_text": "l2"
    },
    "fusion": "none",
    "similarity_source": "normalized SigLIP 2 image/text embeddings",
    "encoder_parameters": {
      "siglip2": {
        "total": 375187970,
        "trainable": 0
      }
    }
  },
  "device": "cuda",
  "batch_size": 64,
  "selection_policy": "cardinality-threshold",
  "membership_threshold": 0.5,
  "config": {
    "match_threshold": 0.5,
    "overlap_metric": "giou",
    "prediction_score_threshold": null,
    "image_f1_threshold": 1.0
  },
  "official": {
    "F1_score": 0.33640625,
    "T_acc": 0.7233595444685467,
    "N_acc": 0.7713579136690647
  },
  "diagnostics": {
    "num_samples": 19200,
    "mean_precision": 0.4919791666666667,
    "mean_recall": 0.45642007081460056,
    "mean_f1": 0.46491301060050877,
    "exact_set_accuracy": 0.33640625,
    "cardinality_accuracy": 0.6009895833333333,
    "count_class_accuracy": 0.6009895833333333,
    "count_class_evaluated": 19200,
    "micro_precision": 0.5417818990293368,
    "micro_recall": 0.33764785400473135,
    "micro_f1": 0.41602298515542047,
    "total_tp": 9991,
    "total_fp": 8450,
    "total_fn": 19599,
    "no_target_total": 4448,
    "no_target_accuracy": 0.7713579136690647,
    "false_grounding_rate": 0.22864208633093525,
    "single_target_total": 5917,
    "single_target_localization_accuracy": 0.2579009633260098,
    "single_target_exact_accuracy": 0.22950819672131148,
    "multi_target_total": 8835,
    "multi_target_mean_f1": 0.45561174912618624,
    "multi_target_exact_accuracy": 0.18902093944538767
  },
  "by_target_type": {
    "no-target": {
      "num_samples": 4448,
      "mean_precision": 0.7713579136690647,
      "mean_recall": 0.7713579136690647,
      "mean_f1": 0.7713579136690647,
      "exact_set_accuracy": 0.7713579136690647,
      "cardinality_accuracy": 0.7713579136690647,
      "count_class_accuracy": 0.7713579136690647,
      "count_class_evaluated": 4448,
      "micro_precision": 0.0,
      "micro_recall": 0.0,
      "micro_f1": 0.0,
      "total_tp": 0,
      "total_fp": 1153,
      "total_fn": 0
    },
    "single-target": {
      "num_samples": 5917,
      "mean_precision": 0.24370458002366063,
      "mean_recall": 0.2579009633260098,
      "mean_f1": 0.24843670779111093,
      "exact_set_accuracy": 0.22950819672131148,
      "cardinality_accuracy": 0.5220550954875781,
      "count_class_accuracy": 0.5220550954875781,
      "count_class_evaluated": 5917,
      "micro_precision": 0.42026989809969706,
      "micro_recall": 0.2579009633260098,
      "micro_f1": 0.3196480938416422,
      "total_tp": 1526,
      "total_fp": 2105,
      "total_fn": 4391
    },
    "multi-target": {
      "num_samples": 8835,
      "mean_precision": 0.5176004527447652,
      "mean_recall": 0.4308166790764435,
      "mean_f1": 0.45561174912618624,
      "exact_set_accuracy": 0.18902093944538767,
      "cardinality_accuracy": 0.568081494057725,
      "count_class_accuracy": 0.568081494057725,
      "count_class_evaluated": 8835,
      "micro_precision": 0.6198286592955993,
      "micro_recall": 0.3575803658175981,
      "micro_f1": 0.4535226359496384,
      "total_tp": 8465,
      "total_fp": 5192,
      "total_fn": 15208
    }
  },
  "by_count_group": {
    "0": {
      "num_samples": 4448,
      "mean_precision": 0.7713579136690647,
      "mean_recall": 0.7713579136690647,
      "mean_f1": 0.7713579136690647,
      "exact_set_accuracy": 0.7713579136690647,
      "cardinality_accuracy": 0.7713579136690647,
      "count_class_accuracy": 0.7713579136690647,
      "count_class_evaluated": 4448,
      "micro_precision": 0.0,
      "micro_recall": 0.0,
      "micro_f1": 0.0,
      "total_tp": 0,
      "total_fp": 1153,
      "total_fn": 0
    },
    "1": {
      "num_samples": 5917,
      "mean_precision": 0.24370458002366063,
      "mean_recall": 0.2579009633260098,
      "mean_f1": 0.24843670779111093,
      "exact_set_accuracy": 0.22950819672131148,
      "cardinality_accuracy": 0.5220550954875781,
      "count_class_accuracy": 0.5220550954875781,
      "count_class_evaluated": 5917,
      "micro_precision": 0.42026989809969706,
      "micro_recall": 0.2579009633260098,
      "micro_f1": 0.3196480938416422,
      "total_tp": 1526,
      "total_fp": 2105,
      "total_fn": 4391
    },
    "2": {
      "num_samples": 5940,
      "mean_precision": 0.5454545454545454,
      "mean_recall": 0.5287878787878788,
      "mean_f1": 0.534343434343433,
      "exact_set_accuracy": 0.28114478114478114,
      "cardinality_accuracy": 0.8449494949494949,
      "count_class_accuracy": 0.8449494949494949,
      "count_class_evaluated": 5940,
      "micro_precision": 0.605961223111797,
      "micro_recall": 0.5287878787878788,
      "micro_f1": 0.564750303411696,
      "total_tp": 6282,
      "total_fp": 4085,
      "total_fn": 5598
    },
    "3+": {
      "num_samples": 2895,
      "mean_precision": 0.4604490500863558,
      "mean_recall": 0.22979805168924425,
      "mean_f1": 0.29406901676331226,
      "exact_set_accuracy": 0.0,
      "cardinality_accuracy": 0.0,
      "count_class_accuracy": 0.0,
      "count_class_evaluated": 2895,
      "micro_precision": 0.6635258358662613,
      "micro_recall": 0.18510981090477402,
      "micro_f1": 0.2894649605516144,
      "total_tp": 2183,
      "total_fp": 1107,
      "total_fn": 9610
    }
  },
  "examples": [
    {
      "sample_id": "0000000",
      "image_id": 839,
      "file_name": "COCO_train2014_000000000839.jpg",
      "target_type": "multi-target",
      "expression": "blue shirt and a frisbee",
      "true_count_class": 2,
      "pred_count_class": 2,
      "gt_candidate_indices": [
        0,
        1
      ],
      "pred_candidate_indices": [
        0,
        2
      ],
      "num_predictions": 2,
      "num_targets": 2,
      "precision": 0.5,
      "recall": 0.5,
      "f1": 0.5,
      "exact": 0.0
    },
    {
      "sample_id": "0000001",
      "image_id": 839,
      "file_name": "COCO_train2014_000000000839.jpg",
      "target_type": "multi-target",
      "expression": "blue shirt and frisbee",
      "true_count_class": 2,
      "pred_count_class": 2,
      "gt_candidate_indices": [
        0,
        1
      ],
      "pred_candidate_indices": [
        0,
        2
      ],
      "num_predictions": 2,
      "num_targets": 2,
      "precision": 0.5,
      "recall": 0.5,
      "f1": 0.5,
      "exact": 0.0
    },
    {
      "sample_id": "0000002",
      "image_id": 839,
      "file_name": "COCO_train2014_000000000839.jpg",
      "target_type": "multi-target",
      "expression": "blue shirt and white shirt",
      "true_count_class": 2,
      "pred_count_class": 2,
      "gt_candidate_indices": [
        0,
        2
      ],
      "pred_candidate_indices": [
        0,
        2
      ],
      "num_predictions": 2,
      "num_targets": 2,
      "precision": 1.0,
      "recall": 1.0,
      "f1": 1.0,
      "exact": 1.0
    },
    {
      "sample_id": "0000003",
      "image_id": 839,
      "file_name": "COCO_train2014_000000000839.jpg",
      "target_type": "multi-target",
      "expression": "blue cshirt and falling",
      "true_count_class": 2,
      "pred_count_class": 2,
      "gt_candidate_indices": [
        0,
        2
      ],
      "pred_candidate_indices": [
        0,
        2
      ],
      "num_predictions": 2,
      "num_targets": 2,
      "precision": 1.0,
      "recall": 1.0,
      "f1": 1.0,
      "exact": 1.0
    },
    {
      "sample_id": "0000004",
      "image_id": 839,