{
  "feature_file": "cache/features/stage5/siglip2_detector_testB.pt",
  "checkpoint": "checkpoints/stage5/siglip2_10pct_seed0/last.pt",
  "clip_model": "none",
  "feature_dim": 768,
  "candidate_feature_dim": 768,
  "text_feature_dim": 768,
  "representation": {
    "name": "siglip2",
    "model_ids": {
      "siglip2": "google/siglip2-base-patch16-224"
    },
    "candidate_feature_dim": 768,
    "text_feature_dim": 768,
    "component_normalization": {
      "siglip2_image": "l2",
      "siglip2_text": "l2"
    },
    "fusion": "none",
    "similarity_source": "normalized SigLIP 2 image/text embeddings",
    "encoder_parameters": {
      "siglip2": {
        "total": 375187970,
        "trainable": 0
      }
    }
  },
  "device": "cuda",
  "batch_size": 64,
  "selection_policy": "cardinality-threshold",
  "membership_threshold": 0.5,
  "config": {
    "match_threshold": 0.5,
    "overlap_metric": "giou",
    "prediction_score_threshold": null,
    "image_f1_threshold": 1.0
  },
  "official": {
    "F1_score": 0.36612089896034367,
    "T_acc": 0.9517998244073749,
    "N_acc": 0.603894714316285
  },
  "diagnostics": {
    "num_samples": 16063,
    "mean_precision": 0.5013180764648415,
    "mean_recall": 0.4808976595146665,
    "mean_f1": 0.48170987785926456,
    "exact_set_accuracy": 0.36612089896034367,
    "cardinality_accuracy": 0.7168025898026521,
    "count_class_accuracy": 0.736724148664633,
    "count_class_evaluated": 16063,
    "micro_precision": 0.4331894336519683,
    "micro_recall": 0.39524524055143956,
    "micro_f1": 0.4133483719105532,
    "total_tp": 8429,
    "total_fp": 11029,
    "total_fn": 12897,
    "no_target_total": 4673,
    "no_target_accuracy": 0.603894714316285,
    "false_grounding_rate": 0.39610528568371495,
    "single_target_total": 5646,
    "single_target_localization_accuracy": 0.3993978037548707,
    "single_target_exact_accuracy": 0.36291179596174283,
    "multi_target_total": 5744,
    "multi_target_mean_f1": 0.4751983115227546,
    "multi_target_exact_accuracy": 0.1758356545961003
  },
  "by_target_type": {
    "no-target": {
      "num_samples": 4673,
      "mean_precision": 0.603894714316285,
      "mean_recall": 0.603894714316285,
      "mean_f1": 0.603894714316285,
      "exact_set_accuracy": 0.603894714316285,
      "cardinality_accuracy": 0.603894714316285,
      "count_class_accuracy": 0.603894714316285,
      "count_class_evaluated": 4673,
      "micro_precision": 0.0,
      "micro_recall": 0.0,
      "micro_f1": 0.0,
      "total_tp": 0,
      "total_fp": 1967,
      "total_fn": 0
    },
    "single-target": {
      "num_samples": 5646,
      "mean_precision": 0.38112528043452587,
      "mean_recall": 0.3993978037548707,
      "mean_f1": 0.3872062817333811,
      "exact_set_accuracy": 0.36291179596174283,
      "cardinality_accuracy": 0.8404179950407368,
      "count_class_accuracy": 0.8404179950407368,
      "count_class_evaluated": 5646,
      "micro_precision": 0.3989738145789101,
      "micro_recall": 0.3993978037548707,
      "micro_f1": 0.3991856965834661,
      "total_tp": 2255,
      "total_fp": 3397,
      "total_fn": 3391
    },
    "multi-target": {
      "num_samples": 5744,
      "mean_precision": 0.5360095628345097,
      "mean_recall": 0.46094343746241384,
      "mean_f1": 0.4751983115227546,
      "exact_set_accuracy": 0.1758356545961003,
      "cardinality_accuracy": 0.6871518105849582,
      "count_class_accuracy": 0.7428621169916435,
      "count_class_evaluated": 5744,
      "micro_precision": 0.5214967480361516,
      "micro_recall": 0.39375,
      "micro_f1": 0.4487081652676333,
      "total_tp": 6174,
      "total_fp": 5665,
      "total_fn": 9506
    }
  },
  "by_count_group": {
    "0": {
      "num_samples": 4673,
      "mean_precision": 0.603894714316285,
      "mean_recall": 0.603894714316285,
      "mean_f1": 0.603894714316285,
      "exact_set_accuracy": 0.603894714316285,
      "cardinality_accuracy": 0.603894714316285,
      "count_class_accuracy": 0.603894714316285,
      "count_class_evaluated": 4673,
      "micro_precision": 0.0,
      "micro_recall": 0.0,
      "micro_f1": 0.0,
      "total_tp": 0,
      "total_fp": 1967,
      "total_fn": 0
    },
    "1": {
      "num_samples": 5646,
      "mean_precision": 0.38112528043452587,
      "mean_recall": 0.3993978037548707,
      "mean_f1": 0.3872062817333811,
      "exact_set_accuracy": 0.36291179596174283,
      "cardinality_accuracy": 0.8404179950407368,
      "count_class_accuracy": 0.8404179950407368,
      "count_class_evaluated": 5646,
      "micro_precision": 0.3989738145789101,
      "micro_recall": 0.3993978037548707,
      "micro_f1": 0.3991856965834661,
      "total_tp": 2255,
      "total_fp": 3397,
      "total_fn": 3391
    },
    "2": {
      "num_samples": 3957,
      "mean_precision": 0.5415430159933573,
      "mean_recall": 0.5270406873894364,
      "mean_f1": 0.5312012868495061,
      "exact_set_accuracy": 0.24361890320950214,
      "cardinality_accuracy": 0.9305029062421026,
      "count_class_accuracy": 0.9302501895375285,
      "count_class_evaluated": 3957,
      "micro_precision": 0.5437361491330986,
      "micro_recall": 0.5270406873894364,
      "micro_f1": 0.5352582611485402,
      "total_tp": 4171,
      "total_fp": 3500,
      "total_fn": 3743
    },
    "3+": {
      "num_samples": 1787,
      "mean_precision": 0.5237566953753244,
      "mean_recall": 0.31458259920766907,
      "mean_f1": 0.3511894847919374,
      "exact_set_accuracy": 0.02574146614437605,
      "cardinality_accuracy": 0.14829322887520985,
      "count_class_accuracy": 0.3279238947957471,
      "count_class_evaluated": 1787,
      "micro_precision": 0.4805662188099808,
      "micro_recall": 0.2579191346896729,
      "micro_f1": 0.3356795709736886,
      "total_tp": 2003,
      "total_fp": 2165,
      "total_fn": 5763
    }
  },
  "examples": [
    {
      "sample_id": "0000000",
      "image_id": 154,
      "file_name": "COCO_train2014_000000000154.jpg",
      "target_type": "multi-target",
      "expression": "three zebras standing on the savannah.",
      "true_count_class": 3,
      "pred_count_class": 3,
      "gt_candidate_indices": [
        0,
        1,
        2,
        3
      ],
      "pred_candidate_indices": [
        0,
        1,
        3
      ],
      "num_predictions": 3,
      "num_targets": 3,
      "precision": 0.6666666666666666,
      "recall": 0.6666666666666666,
      "f1": 0.6666666666666666,
      "exact": 0.0
    },
    {
      "sample_id": "0000001",
      "image_id": 154,
      "file_name": "COCO_train2014_000000000154.jpg",
      "target_type": "multi-target",
      "expression": "a trio of zebras positioned on the grassland.",
      "true_count_class": 3,
      "pred_count_class": 3,
      "gt_candidate_indices": [
        0,
        1,
        2,
        3
      ],
      "pred_candidate_indices": [
        0,
        1,
        3
      ],
      "num_predictions": 3,
      "num_targets": 3,
      "precision": 0.6666666666666666,
      "recall": 0.6666666666666666,
      "f1": 0.6666666666666666,
      "exact": 0.0
    },
    {
      "sample_id": "0000002",
      "image_id": 154,
      "file_name": "COCO_train2014_000000000154.jpg",
      "target_type": "multi-target",
      "expression": "there are three zebras standing in the prairie.",
      "true_count_class": 3,
      "pred_count_class": 3,
      "gt_candidate_indices": [
        0,
        1,
        2,
        3
      ],
      "pred_candidate_indices": [
        0,
        1,
        3
      ],
      "num_predictions": 3,
      "num_targets": 3,
      "precision": 0.6666666666666666,
      "recall": 0.6666666666666666,
      "f1": 0.6666666666666666,
      "exact": 0.0
    },
    {
      "sample_id": "0000003",
      "image_id": 154,
      "file_name": "COCO_train2014_000000000154.jpg",
      "target_type": "multi-target",
      "expression": "three zebras, all stationary on the grassy plain.",
      "true_count_class": 3,