{
  "feature_file": "cache/features/stage5/siglip2_detector_testB.pt",
  "checkpoint": "checkpoints/stage6/pilots/membership_only_lambda0/selected.pt",
  "clip_model": "none",
  "feature_dim": 768,
  "candidate_feature_dim": 768,
  "text_feature_dim": 768,
  "representation": {
    "name": "siglip2",
    "model_ids": {
      "siglip2": "google/siglip2-base-patch16-224"
    },
    "candidate_feature_dim": 768,
    "text_feature_dim": 768,
    "component_normalization": {
      "siglip2_image": "l2",
      "siglip2_text": "l2"
    },
    "fusion": "none",
    "similarity_source": "normalized SigLIP 2 image/text embeddings",
    "encoder_parameters": {
      "siglip2": {
        "total": 375187970,
        "trainable": 0
      }
    }
  },
  "device": "cuda",
  "batch_size": 128,
  "selection_policy": "membership-only",
  "pre_nms_threshold": null,
  "membership_threshold": 0.4,
  "count_logit_bias": [
    0.0,
    0.0,
    0.0,
    0.0
  ],
  "config": {
    "match_threshold": 0.5,
    "overlap_metric": "giou",
    "prediction_score_threshold": null,
    "image_f1_threshold": 1.0
  },
  "official": {
    "F1_score": 0.2957106393575297,
    "T_acc": 0.7812115891132573,
    "N_acc": 0.7485555317783009
  },
  "diagnostics": {
    "num_samples": 16063,
    "mean_precision": 0.452439197111973,
    "mean_recall": 0.6443423175011296,
    "mean_f1": 0.4866874924828953,
    "exact_set_accuracy": 0.2957106393575297,
    "cardinality_accuracy": 0.34047189192554317,
    "count_class_accuracy": 0.39475813982444125,
    "count_class_evaluated": 16063,
    "micro_precision": 0.2620842572062084,
    "micro_recall": 0.5542530244771641,
    "micro_f1": 0.3558847439255713,
    "total_tp": 11820,
    "total_fp": 33280,
    "total_fn": 9506,
    "no_target_total": 4673,
    "no_target_accuracy": 0.7485555317783009,
    "false_grounding_rate": 0.25144446822169914,
    "single_target_total": 5646,
    "single_target_localization_accuracy": 0.5839532412327312,
    "single_target_exact_accuracy": 0.17003188097768332,
    "multi_target_total": 5744,
    "multi_target_mean_f1": 0.4033024921963845,
    "multi_target_exact_accuracy": 0.05083565459610028
  },
  "by_target_type": {
    "no-target": {
      "num_samples": 4673,
      "mean_precision": 0.7485555317783009,
      "mean_recall": 0.7485555317783009,
      "mean_f1": 0.7485555317783009,
      "exact_set_accuracy": 0.7485555317783009,
      "cardinality_accuracy": 0.7485555317783009,
      "count_class_accuracy": 0.7485555317783009,
      "count_class_evaluated": 4673,
      "micro_precision": 0.0,
      "micro_recall": 0.0,
      "micro_f1": 0.0,
      "total_tp": 0,
      "total_fp": 3250,
      "total_fn": 0
    },
    "single-target": {
      "num_samples": 5646,
      "mean_precision": 0.29563263175578824,
      "mean_recall": 0.5839532412327312,
      "mean_f1": 0.35478067243653616,
      "exact_set_accuracy": 0.17003188097768332,
      "cardinality_accuracy": 0.22015586255756286,
      "count_class_accuracy": 0.22015586255756286,
      "count_class_evaluated": 5646,
      "micro_precision": 0.25245022970903525,
      "micro_recall": 0.5839532412327312,
      "micro_f1": 0.35250721693574255,
      "total_tp": 3297,
      "total_fp": 9763,
      "total_fn": 2349
    },
    "multi-target": {
      "num_samples": 5744,
      "mean_precision": 0.3656666059046907,
      "mean_recall": 0.6189189843350699,
      "mean_f1": 0.4033024921963845,
      "exact_set_accuracy": 0.05083565459610028,
      "cardinality_accuracy": 0.12674094707520892,
      "count_class_accuracy": 0.2785515320334262,
      "count_class_evaluated": 5744,
      "micro_precision": 0.296040291767975,
      "micro_recall": 0.5435586734693878,
      "micro_f1": 0.3833145941083877,
      "total_tp": 8523,
      "total_fp": 20267,
      "total_fn": 7157
    }
  },
  "by_count_group": {
    "0": {
      "num_samples": 4673,
      "mean_precision": 0.7485555317783009,
      "mean_recall": 0.7485555317783009,
      "mean_f1": 0.7485555317783009,
      "exact_set_accuracy": 0.7485555317783009,
      "cardinality_accuracy": 0.7485555317783009,
      "count_class_accuracy": 0.7485555317783009,
      "count_class_evaluated": 4673,
      "micro_precision": 0.0,
      "micro_recall": 0.0,
      "micro_f1": 0.0,
      "total_tp": 0,
      "total_fp": 3250,
      "total_fn": 0
    },
    "1": {
      "num_samples": 5646,
      "mean_precision": 0.29563263175578824,
      "mean_recall": 0.5839532412327312,
      "mean_f1": 0.35478067243653616,
      "exact_set_accuracy": 0.17003188097768332,
      "cardinality_accuracy": 0.22015586255756286,
      "count_class_accuracy": 0.22015586255756286,
      "count_class_evaluated": 5646,
      "micro_precision": 0.25245022970903525,
      "micro_recall": 0.5839532412327312,
      "micro_f1": 0.35250721693574255,
      "total_tp": 3297,
      "total_fp": 9763,
      "total_fn": 2349
    },
    "2": {
      "num_samples": 3957,
      "mean_precision": 0.36414943104446373,
      "mean_recall": 0.6914329037149356,
      "mean_f1": 0.4290160281917467,
      "exact_set_accuracy": 0.06520090978013647,
      "cardinality_accuracy": 0.1354561536517564,
      "count_class_accuracy": 0.1354561536517564,
      "count_class_evaluated": 3957,
      "micro_precision": 0.2842302098483274,
      "micro_recall": 0.6914329037149356,
      "micro_f1": 0.4028565118162409,
      "total_tp": 5472,
      "total_fp": 13780,
      "total_fn": 2442
    },
    "3+": {
      "num_samples": 1787,
      "mean_precision": 0.36902612516709626,
      "mean_recall": 0.45834955009549255,
      "mean_f1": 0.34636434897665624,
      "exact_set_accuracy": 0.019026301063234472,
      "cardinality_accuracy": 0.10744264129826525,
      "count_class_accuracy": 0.5954113038612199,
      "count_class_evaluated": 1787,
      "micro_precision": 0.31987838121199413,
      "micro_recall": 0.39286634045840846,
      "micro_f1": 0.3526352288488211,
      "total_tp": 3051,
      "total_fp": 6487,
      "total_fn": 4715
    }
  },
  "examples": [
    {
      "sample_id": "0000000",
      "image_id": 154,
      "file_name": "COCO_train2014_000000000154.jpg",
      "target_type": "multi-target",
      "expression": "three zebras standing on the savannah.",
      "true_count_class": 3,
      "pred_count_class": 3,
      "gt_candidate_indices": [
        0,
        1,
        2,
        3
      ],
      "pred_candidate_indices": [
        0,
        1,
        3
      ],
      "num_predictions": 3,
      "num_targets": 3,
      "precision": 0.6666666666666666,
      "recall": 0.6666666666666666,
      "f1": 0.6666666666666666,
      "exact": 0.0
    },
    {
      "sample_id": "0000001",
      "image_id": 154,
      "file_name": "COCO_train2014_000000000154.jpg",
      "target_type": "multi-target",
      "expression": "a trio of zebras positioned on the grassland.",
      "true_count_class": 3,
      "pred_count_class": 3,
      "gt_candidate_indices": [
        0,
        1,
        2,
        3
      ],
      "pred_candidate_indices": [
        0,
        1,
        3
      ],
      "num_predictions": 3,
      "num_targets": 3,
      "precision": 0.6666666666666666,
      "recall": 0.6666666666666666,
      "f1": 0.6666666666666666,
      "exact": 0.0
    },
    {
      "sample_id": "0000002",
      "image_id": 154,
      "file_name": "COCO_train2014_000000000154.jpg",
      "target_type": "multi-target",
      "expression": "there are three zebras standing in the prairie.",
      "true_count_class": 3,
      "pred_count_class": 3,
      "gt_candidate_indices": [
        0,
        1,
        2,
        3
      ],
      "pred_candidate_indices": [
        0,
        1,
        3
      ],
      "num_predictions": 3,
      "num_targets": 3,
      "precision": 0.6666666666666666,
      "recall": 0.6666666666666666,
      "f1": 0.6666666666666666,
      "exact": 0.0
    },
    {
      "sample_id": "0000003",
      "image_id": 154,
      "file_name": "COCO_train2014_000000000154.jpg",