{
  "feature_file": "cache/features/stage5/clip_detector_testA.pt",
  "checkpoint": "checkpoints/stage5_6/clip_10pct_seed0_hierarchical/selected.pt",
  "clip_model": "ViT-B/32",
  "feature_dim": 512,
  "candidate_feature_dim": 512,
  "text_feature_dim": 512,
  "representation": {
    "name": "clip",
    "model_ids": {
      "clip": "ViT-B/32"
    },
    "candidate_feature_dim": 512,
    "text_feature_dim": 512,
    "component_normalization": {
      "clip_image": "l2",
      "clip_text": "l2"
    },
    "fusion": "none",
    "encoder_parameters": {
      "clip": {
        "total": 151277313,
        "trainable": 0
      }
    }
  },
  "device": "cuda",
  "batch_size": 128,
  "selection_policy": "cardinality-threshold",
  "membership_threshold": 0.7,
  "count_logit_bias": [
    1.0,
    0.0,
    0.0,
    2.0
  ],
  "config": {
    "match_threshold": 0.5,
    "overlap_metric": "giou",
    "prediction_score_threshold": null,
    "image_f1_threshold": 1.0
  },
  "official": {
    "F1_score": 0.3567708333333333,
    "T_acc": 0.9436008676789588,
    "N_acc": 0.5793615107913669
  },
  "diagnostics": {
    "num_samples": 19200,
    "mean_precision": 0.5292285503847999,
    "mean_recall": 0.5001786877763441,
    "mean_f1": 0.5071600222183835,
    "exact_set_accuracy": 0.3567708333333333,
    "cardinality_accuracy": 0.7146875,
    "count_class_accuracy": 0.7486979166666666,
    "count_class_evaluated": 19200,
    "micro_precision": 0.5109177092237159,
    "micro_recall": 0.4444068942210206,
    "micro_f1": 0.47534702139965296,
    "total_tp": 13150,
    "total_fp": 12588,
    "total_fn": 16440,
    "no_target_total": 4448,
    "no_target_accuracy": 0.5793615107913669,
    "false_grounding_rate": 0.4206384892086331,
    "single_target_total": 5917,
    "single_target_localization_accuracy": 0.4252154808179821,
    "single_target_exact_accuracy": 0.39411864120331247,
    "multi_target_total": 8835,
    "multi_target_mean_f1": 0.5328020101784231,
    "multi_target_exact_accuracy": 0.2196943972835314
  },
  "by_target_type": {
    "no-target": {
      "num_samples": 4448,
      "mean_precision": 0.5793615107913669,
      "mean_recall": 0.5793615107913669,
      "mean_f1": 0.5793615107913669,
      "exact_set_accuracy": 0.5793615107913669,
      "cardinality_accuracy": 0.5793615107913669,
      "count_class_accuracy": 0.5793615107913669,
      "count_class_evaluated": 4448,
      "micro_precision": 0.0,
      "micro_recall": 0.0,
      "micro_f1": 0.0,
      "total_tp": 0,
      "total_fp": 2172,
      "total_fn": 0
    },
    "single-target": {
      "num_samples": 5917,
      "mean_precision": 0.4094135541659625,
      "mean_recall": 0.4252154808179821,
      "mean_f1": 0.41459636076840756,
      "exact_set_accuracy": 0.39411864120331247,
      "cardinality_accuracy": 0.8570221395977692,
      "count_class_accuracy": 0.8570221395977692,
      "count_class_evaluated": 5917,
      "micro_precision": 0.446020209182769,
      "micro_recall": 0.4252154808179821,
      "micro_f1": 0.4353694410797716,
      "total_tp": 2516,
      "total_fp": 3125,
      "total_fn": 3401
    },
    "multi-target": {
      "num_samples": 8835,
      "mean_precision": 0.5842318242657806,
      "mean_recall": 0.5105184839055804,
      "mean_f1": 0.5328020101784231,
      "exact_set_accuracy": 0.2196943972835314,
      "cardinality_accuracy": 0.6874929258630447,
      "count_class_accuracy": 0.7614035087719299,
      "count_class_evaluated": 8835,
      "micro_precision": 0.5932496513249651,
      "micro_recall": 0.44920373421197146,
      "micro_f1": 0.5112745805086784,
      "total_tp": 10634,
      "total_fp": 7291,
      "total_fn": 13039
    }
  },
  "by_count_group": {
    "0": {
      "num_samples": 4448,
      "mean_precision": 0.5793615107913669,
      "mean_recall": 0.5793615107913669,
      "mean_f1": 0.5793615107913669,
      "exact_set_accuracy": 0.5793615107913669,
      "cardinality_accuracy": 0.5793615107913669,
      "count_class_accuracy": 0.5793615107913669,
      "count_class_evaluated": 4448,
      "micro_precision": 0.0,
      "micro_recall": 0.0,
      "micro_f1": 0.0,
      "total_tp": 0,
      "total_fp": 2172,
      "total_fn": 0
    },
    "1": {
      "num_samples": 5917,
      "mean_precision": 0.4094135541659625,
      "mean_recall": 0.4252154808179821,
      "mean_f1": 0.41459636076840756,
      "exact_set_accuracy": 0.39411864120331247,
      "cardinality_accuracy": 0.8570221395977692,
      "count_class_accuracy": 0.8570221395977692,
      "count_class_evaluated": 5917,
      "micro_precision": 0.446020209182769,
      "micro_recall": 0.4252154808179821,
      "micro_f1": 0.4353694410797716,
      "total_tp": 2516,
      "total_fp": 3125,
      "total_fn": 3401
    },
    "2": {
      "num_samples": 5940,
      "mean_precision": 0.5972502805836138,
      "mean_recall": 0.5752525252525252,
      "mean_f1": 0.5821380471380451,
      "exact_set_accuracy": 0.29494949494949496,
      "cardinality_accuracy": 0.8887205387205387,
      "count_class_accuracy": 0.8887205387205387,
      "count_class_evaluated": 5940,
      "micro_precision": 0.6141265276779295,
      "micro_recall": 0.5752525252525252,
      "micro_f1": 0.5940542420027817,
      "total_tp": 6834,
      "total_fp": 4294,
      "total_fn": 5046
    },
    "3+": {
      "num_samples": 2895,
      "mean_precision": 0.5575203802146815,
      "mean_recall": 0.37769630580511504,
      "mean_f1": 0.4315736649141086,
      "exact_set_accuracy": 0.06528497409326425,
      "cardinality_accuracy": 0.27461139896373055,
      "count_class_accuracy": 0.5001727115716753,
      "count_class_evaluated": 2895,
      "micro_precision": 0.5590701780197146,
      "micro_recall": 0.32222504875773766,
      "micro_f1": 0.40882194728348575,
      "total_tp": 3800,
      "total_fp": 2997,
      "total_fn": 7993
    }
  },
  "examples": [
    {
      "sample_id": "0000000",
      "image_id": 839,
      "file_name": "COCO_train2014_000000000839.jpg",
      "target_type": "multi-target",
      "expression": "blue shirt and a frisbee",
      "true_count_class": 2,
      "pred_count_class": 2,
      "gt_candidate_indices": [
        0,
        1
      ],
      "pred_candidate_indices": [
        0,
        2
      ],
      "num_predictions": 2,
      "num_targets": 2,
      "precision": 0.5,
      "recall": 0.5,
      "f1": 0.5,
      "exact": 0.0
    },
    {
      "sample_id": "0000001",
      "image_id": 839,
      "file_name": "COCO_train2014_000000000839.jpg",
      "target_type": "multi-target",
      "expression": "blue shirt and frisbee",
      "true_count_class": 2,
      "pred_count_class": 2,
      "gt_candidate_indices": [
        0,
        1
      ],
      "pred_candidate_indices": [
        0,
        2
      ],
      "num_predictions": 2,
      "num_targets": 2,
      "precision": 0.5,
      "recall": 0.5,
      "f1": 0.5,
      "exact": 0.0
    },
    {
      "sample_id": "0000002",
      "image_id": 839,
      "file_name": "COCO_train2014_000000000839.jpg",
      "target_type": "multi-target",
      "expression": "blue shirt and white shirt",
      "true_count_class": 2,
      "pred_count_class": 2,
      "gt_candidate_indices": [
        0,
        2
      ],
      "pred_candidate_indices": [
        0,
        2
      ],
      "num_predictions": 2,
      "num_targets": 2,
      "precision": 1.0,
      "recall": 1.0,
      "f1": 1.0,
      "exact": 1.0
    },
    {
      "sample_id": "0000003",
      "image_id": 839,
      "file_name": "COCO_train2014_000000000839.jpg",
      "target_type": "multi-target",
      "expression": "blue cshirt and falling",
      "true_count_class": 2,
      "pred_count_class": 2,
      "gt_candidate_indices": [
        0,
        2
      ],
      "pred_candidate_indices": [
        0,
        2
      ],
      "num_predictions": 2,
      "num_targets": 2,
      "precision": 1.0,
      "recall": 1.0,
      "f1": 1.0,
      "exact": 1.0
    },
    {
      "sample_id": "0000004",