{
  "feature_file": "cache/features/stage5/clip_detector_testB.pt",
  "checkpoint": "checkpoints/stage5_6/clip_10pct_seed0_hierarchical/selected.pt",
  "clip_model": "ViT-B/32",
  "feature_dim": 512,
  "candidate_feature_dim": 512,
  "text_feature_dim": 512,
  "representation": {
    "name": "clip",
    "model_ids": {
      "clip": "ViT-B/32"
    },
    "candidate_feature_dim": 512,
    "text_feature_dim": 512,
    "component_normalization": {
      "clip_image": "l2",
      "clip_text": "l2"
    },
    "fusion": "none",
    "encoder_parameters": {
      "clip": {
        "total": 151277313,
        "trainable": 0
      }
    }
  },
  "device": "cuda",
  "batch_size": 128,
  "selection_policy": "cardinality-threshold",
  "membership_threshold": 0.85,
  "count_logit_bias": [
    4.0,
    0.0,
    0.0,
    12.0
  ],
  "config": {
    "match_threshold": 0.5,
    "overlap_metric": "giou",
    "prediction_score_threshold": null,
    "image_f1_threshold": 1.0
  },
  "official": {
    "F1_score": 0.34109444063998007,
    "T_acc": 0.8230026338893767,
    "N_acc": 0.7241600684784935
  },
  "diagnostics": {
    "num_samples": 16063,
    "mean_precision": 0.46119861379152893,
    "mean_recall": 0.4624204098695155,
    "mean_f1": 0.4566258777365063,
    "exact_set_accuracy": 0.34109444063998007,
    "cardinality_accuracy": 0.6584075203884704,
    "count_class_accuracy": 0.7062815165286683,
    "count_class_evaluated": 16063,
    "micro_precision": 0.395401215168657,
    "micro_recall": 0.3539810559879959,
    "micro_f1": 0.3735464397050819,
    "total_tp": 7549,
    "total_fp": 11543,
    "total_fn": 13777,
    "no_target_total": 4673,
    "no_target_accuracy": 0.7241600684784935,
    "false_grounding_rate": 0.27583993152150654,
    "single_target_total": 5646,
    "single_target_localization_accuracy": 0.2747077577045696,
    "single_target_exact_accuracy": 0.22954303931987247,
    "multi_target_total": 5744,
    "multi_target_mean_f1": 0.43737490844037036,
    "multi_target_exact_accuracy": 0.1391016713091922
  },
  "by_target_type": {
    "no-target": {
      "num_samples": 4673,
      "mean_precision": 0.7241600684784935,
      "mean_recall": 0.7241600684784935,
      "mean_f1": 0.7241600684784935,
      "exact_set_accuracy": 0.7241600684784935,
      "cardinality_accuracy": 0.7241600684784935,
      "count_class_accuracy": 0.7241600684784935,
      "count_class_evaluated": 4673,
      "micro_precision": 0.0,
      "micro_recall": 0.0,
      "micro_f1": 0.0,
      "total_tp": 0,
      "total_fp": 1734,
      "total_fn": 0
    },
    "single-target": {
      "num_samples": 5646,
      "mean_precision": 0.24725469358838112,
      "mean_recall": 0.2747077577045696,
      "mean_f1": 0.2547821466524974,
      "exact_set_accuracy": 0.22954303931987247,
      "cardinality_accuracy": 0.6073326248671626,
      "count_class_accuracy": 0.6073326248671626,
      "count_class_evaluated": 5646,
      "micro_precision": 0.3211845102505695,
      "micro_recall": 0.2747077577045696,
      "micro_f1": 0.29613365155131266,
      "total_tp": 1551,
      "total_fp": 3278,
      "total_fn": 4095
    },
    "multi-target": {
      "num_samples": 5744,
      "mean_precision": 0.4575615134633252,
      "mean_recall": 0.4339935661096875,
      "mean_f1": 0.43737490844037036,
      "exact_set_accuracy": 0.1391016713091922,
      "cardinality_accuracy": 0.6551183844011143,
      "count_class_accuracy": 0.7889972144846796,
      "count_class_evaluated": 5744,
      "micro_precision": 0.4787293479128422,
      "micro_recall": 0.38252551020408165,
      "micro_f1": 0.4252543514481194,
      "total_tp": 5998,
      "total_fp": 6531,
      "total_fn": 9682
    }
  },
  "by_count_group": {
    "0": {
      "num_samples": 4673,
      "mean_precision": 0.7241600684784935,
      "mean_recall": 0.7241600684784935,
      "mean_f1": 0.7241600684784935,
      "exact_set_accuracy": 0.7241600684784935,
      "cardinality_accuracy": 0.7241600684784935,
      "count_class_accuracy": 0.7241600684784935,
      "count_class_evaluated": 4673,
      "micro_precision": 0.0,
      "micro_recall": 0.0,
      "micro_f1": 0.0,
      "total_tp": 0,
      "total_fp": 1734,
      "total_fn": 0
    },
    "1": {
      "num_samples": 5646,
      "mean_precision": 0.24725469358838112,
      "mean_recall": 0.2747077577045696,
      "mean_f1": 0.2547821466524974,
      "exact_set_accuracy": 0.22954303931987247,
      "cardinality_accuracy": 0.6073326248671626,
      "count_class_accuracy": 0.6073326248671626,
      "count_class_evaluated": 5646,
      "micro_precision": 0.3211845102505695,
      "micro_recall": 0.2747077577045696,
      "micro_f1": 0.29613365155131266,
      "total_tp": 1551,
      "total_fp": 3278,
      "total_fn": 4095
    },
    "2": {
      "num_samples": 3957,
      "mean_precision": 0.46400471737848503,
      "mean_recall": 0.4728329542582765,
      "mean_f1": 0.4635847262837419,
      "exact_set_accuracy": 0.17841799342936568,
      "cardinality_accuracy": 0.7621935809957038,
      "count_class_accuracy": 0.7616881475865555,
      "count_class_evaluated": 3957,
      "micro_precision": 0.4934071729957806,
      "micro_recall": 0.4728329542582765,
      "micro_f1": 0.48290101948638536,
      "total_tp": 3742,
      "total_fp": 3842,
      "total_fn": 4172
    },
    "3+": {
      "num_samples": 1787,
      "mean_precision": 0.4432941615370266,
      "mean_recall": 0.3479905113229124,
      "mean_f1": 0.3793378355773424,
      "exact_set_accuracy": 0.05204252937884723,
      "cardinality_accuracy": 0.41801902630106325,
      "count_class_accuracy": 0.8494683827644096,
      "count_class_evaluated": 1787,
      "micro_precision": 0.45621840242669365,
      "micro_recall": 0.2904970383723925,
      "micro_f1": 0.35496813783337267,
      "total_tp": 2256,
      "total_fp": 2689,
      "total_fn": 5510
    }
  },
  "examples": [
    {
      "sample_id": "0000000",
      "image_id": 154,
      "file_name": "COCO_train2014_000000000154.jpg",
      "target_type": "multi-target",
      "expression": "three zebras standing on the savannah.",
      "true_count_class": 3,
      "pred_count_class": 3,
      "gt_candidate_indices": [
        0,
        1,
        2,
        3
      ],
      "pred_candidate_indices": [
        0,
        1,
        3
      ],
      "num_predictions": 3,
      "num_targets": 3,
      "precision": 0.6666666666666666,
      "recall": 0.6666666666666666,
      "f1": 0.6666666666666666,
      "exact": 0.0
    },
    {
      "sample_id": "0000001",
      "image_id": 154,
      "file_name": "COCO_train2014_000000000154.jpg",
      "target_type": "multi-target",
      "expression": "a trio of zebras positioned on the grassland.",
      "true_count_class": 3,
      "pred_count_class": 3,
      "gt_candidate_indices": [
        0,
        1,
        2,
        3
      ],
      "pred_candidate_indices": [
        0,
        1,
        3
      ],
      "num_predictions": 3,
      "num_targets": 3,
      "precision": 0.6666666666666666,
      "recall": 0.6666666666666666,
      "f1": 0.6666666666666666,
      "exact": 0.0
    },
    {
      "sample_id": "0000002",
      "image_id": 154,
      "file_name": "COCO_train2014_000000000154.jpg",
      "target_type": "multi-target",
      "expression": "there are three zebras standing in the prairie.",
      "true_count_class": 3,
      "pred_count_class": 3,
      "gt_candidate_indices": [
        0,
        1,
        2,
        3
      ],
      "pred_candidate_indices": [
        0,
        1,
        3
      ],
      "num_predictions": 3,
      "num_targets": 3,
      "precision": 0.6666666666666666,
      "recall": 0.6666666666666666,
      "f1": 0.6666666666666666,
      "exact": 0.0
    },
    {
      "sample_id": "0000003",
      "image_id": 154,
      "file_name": "COCO_train2014_000000000154.jpg",
      "target_type": "multi-target",
      "expression": "three zebras, all stationary on the grassy plain.",
      "true_count_class": 3,