{
  "feature_file": "cache/features/stage5/clip_detector_testA.pt",
  "checkpoint": "checkpoints/stage5_6/clip_10pct_seed0_hierarchical/selected.pt",
  "clip_model": "ViT-B/32",
  "feature_dim": 512,
  "candidate_feature_dim": 512,
  "text_feature_dim": 512,
  "representation": {
    "name": "clip",
    "model_ids": {
      "clip": "ViT-B/32"
    },
    "candidate_feature_dim": 512,
    "text_feature_dim": 512,
    "component_normalization": {
      "clip_image": "l2",
      "clip_text": "l2"
    },
    "fusion": "none",
    "encoder_parameters": {
      "clip": {
        "total": 151277313,
        "trainable": 0
      }
    }
  },
  "device": "cuda",
  "batch_size": 128,
  "selection_policy": "cardinality-threshold",
  "membership_threshold": 0.85,
  "count_logit_bias": [
    4.0,
    0.0,
    0.0,
    12.0
  ],
  "config": {
    "match_threshold": 0.5,
    "overlap_metric": "giou",
    "prediction_score_threshold": null,
    "image_f1_threshold": 1.0
  },
  "official": {
    "F1_score": 0.35802083333333334,
    "T_acc": 0.8941838394793926,
    "N_acc": 0.6695143884892086
  },
  "diagnostics": {
    "num_samples": 19200,
    "mean_precision": 0.5251684027777774,
    "mean_recall": 0.521489131817259,
    "mean_f1": 0.5164170267028684,
    "exact_set_accuracy": 0.35802083333333334,
    "cardinality_accuracy": 0.689375,
    "count_class_accuracy": 0.7403125,
    "count_class_evaluated": 19200,
    "micro_precision": 0.4975545177067628,
    "micro_recall": 0.45724907063197023,
    "micro_f1": 0.47655108042900163,
    "total_tp": 13530,
    "total_fp": 13663,
    "total_fn": 16060,
    "no_target_total": 4448,
    "no_target_accuracy": 0.6695143884892086,
    "false_grounding_rate": 0.33048561151079137,
    "single_target_total": 5917,
    "single_target_localization_accuracy": 0.4010478282913639,
    "single_target_exact_accuracy": 0.34257224945073517,
    "multi_target_total": 8835,
    "multi_target_mean_f1": 0.5337529046627238,
    "multi_target_exact_accuracy": 0.21154499151103565
  },
  "by_target_type": {
    "no-target": {
      "num_samples": 4448,
      "mean_precision": 0.6695143884892086,
      "mean_recall": 0.6695143884892086,
      "mean_f1": 0.6695143884892086,
      "exact_set_accuracy": 0.6695143884892086,
      "cardinality_accuracy": 0.6695143884892086,
      "count_class_accuracy": 0.6695143884892086,
      "count_class_evaluated": 4448,
      "micro_precision": 0.0,
      "micro_recall": 0.0,
      "micro_f1": 0.0,
      "total_tp": 0,
      "total_fp": 2085,
      "total_fn": 0
    },
    "single-target": {
      "num_samples": 5917,
      "mean_precision": 0.3656977071714263,
      "mean_recall": 0.4010478282913639,
      "mean_f1": 0.37544363697819877,
      "exact_set_accuracy": 0.34257224945073517,
      "cardinality_accuracy": 0.7199594389048505,
      "count_class_accuracy": 0.7199594389048505,
      "count_class_evaluated": 5917,
      "micro_precision": 0.42511644571838053,
      "micro_recall": 0.4010478282913639,
      "micro_f1": 0.4127315418732064,
      "total_tp": 2373,
      "total_fp": 3209,
      "total_fn": 3544
    },
    "multi-target": {
      "num_samples": 8835,
      "mean_precision": 0.5592982456140355,
      "mean_recall": 0.5276277680691928,
      "mean_f1": 0.5337529046627238,
      "exact_set_accuracy": 0.21154499151103565,
      "cardinality_accuracy": 0.6788907753254103,
      "count_class_accuracy": 0.789586870401811,
      "count_class_evaluated": 8835,
      "micro_precision": 0.5713919901669569,
      "micro_recall": 0.4712964136357876,
      "micro_f1": 0.5165397347160814,
      "total_tp": 11157,
      "total_fp": 8369,
      "total_fn": 12516
    }
  },
  "by_count_group": {
    "0": {
      "num_samples": 4448,
      "mean_precision": 0.6695143884892086,
      "mean_recall": 0.6695143884892086,
      "mean_f1": 0.6695143884892086,
      "exact_set_accuracy": 0.6695143884892086,
      "cardinality_accuracy": 0.6695143884892086,
      "count_class_accuracy": 0.6695143884892086,
      "count_class_evaluated": 4448,
      "micro_precision": 0.0,
      "micro_recall": 0.0,
      "micro_f1": 0.0,
      "total_tp": 0,
      "total_fp": 2085,
      "total_fn": 0
    },
    "1": {
      "num_samples": 5917,
      "mean_precision": 0.3656977071714263,
      "mean_recall": 0.4010478282913639,
      "mean_f1": 0.37544363697819877,
      "exact_set_accuracy": 0.34257224945073517,
      "cardinality_accuracy": 0.7199594389048505,
      "count_class_accuracy": 0.7199594389048505,
      "count_class_evaluated": 5917,
      "micro_precision": 0.42511644571838053,
      "micro_recall": 0.4010478282913639,
      "micro_f1": 0.4127315418732064,
      "total_tp": 2373,
      "total_fp": 3209,
      "total_fn": 3544
    },
    "2": {
      "num_samples": 5940,
      "mean_precision": 0.5708866442199783,
      "mean_recall": 0.5797138047138047,
      "mean_f1": 0.5702308802308845,
      "exact_set_accuracy": 0.27037037037037037,
      "cardinality_accuracy": 0.7826599326599326,
      "count_class_accuracy": 0.7826599326599326,
      "count_class_evaluated": 5940,
      "micro_precision": 0.5945269337016574,
      "micro_recall": 0.5797138047138047,
      "micro_f1": 0.5870269348789635,
      "total_tp": 6887,
      "total_fp": 4697,
      "total_fn": 4993
    },
    "3+": {
      "num_samples": 2895,
      "mean_precision": 0.5355210132412214,
      "mean_recall": 0.42075693640460393,
      "mean_f1": 0.45890690297883124,
      "exact_set_accuracy": 0.09084628670120898,
      "cardinality_accuracy": 0.46597582037996543,
      "count_class_accuracy": 0.8037996545768566,
      "count_class_evaluated": 2895,
      "micro_precision": 0.5376479476202468,
      "micro_recall": 0.36207919952514206,
      "micro_f1": 0.43273372181403597,
      "total_tp": 4270,
      "total_fp": 3672,
      "total_fn": 7523
    }
  },
  "examples": [
    {
      "sample_id": "0000000",
      "image_id": 839,
      "file_name": "COCO_train2014_000000000839.jpg",
      "target_type": "multi-target",
      "expression": "blue shirt and a frisbee",
      "true_count_class": 2,
      "pred_count_class": 2,
      "gt_candidate_indices": [
        0,
        1
      ],
      "pred_candidate_indices": [
        0,
        2
      ],
      "num_predictions": 2,
      "num_targets": 2,
      "precision": 0.5,
      "recall": 0.5,
      "f1": 0.5,
      "exact": 0.0
    },
    {
      "sample_id": "0000001",
      "image_id": 839,
      "file_name": "COCO_train2014_000000000839.jpg",
      "target_type": "multi-target",
      "expression": "blue shirt and frisbee",
      "true_count_class": 2,
      "pred_count_class": 2,
      "gt_candidate_indices": [
        0,
        1
      ],
      "pred_candidate_indices": [
        0,
        2
      ],
      "num_predictions": 2,
      "num_targets": 2,
      "precision": 0.5,
      "recall": 0.5,
      "f1": 0.5,
      "exact": 0.0
    },
    {
      "sample_id": "0000002",
      "image_id": 839,
      "file_name": "COCO_train2014_000000000839.jpg",
      "target_type": "multi-target",
      "expression": "blue shirt and white shirt",
      "true_count_class": 2,
      "pred_count_class": 2,
      "gt_candidate_indices": [
        0,
        2
      ],
      "pred_candidate_indices": [
        0,
        2
      ],
      "num_predictions": 2,
      "num_targets": 2,
      "precision": 1.0,
      "recall": 1.0,
      "f1": 1.0,
      "exact": 1.0
    },
    {
      "sample_id": "0000003",
      "image_id": 839,
      "file_name": "COCO_train2014_000000000839.jpg",
      "target_type": "multi-target",
      "expression": "blue cshirt and falling",
      "true_count_class": 2,
      "pred_count_class": 3,
      "gt_candidate_indices": [
        0,
        2
      ],
      "pred_candidate_indices": [
        0,
        1,
        2
      ],
      "num_predictions": 3,
      "num_targets": 2,
      "precision": 0.6666666666666666,
      "recall": 1.0,
      "f1": 0.8,