{
  "feature_file": "cache/features/stage5/clip_detector_testB.pt",
  "checkpoint": "checkpoints/stage5_6/clip_10pct_seed0_hierarchical/selected.pt",
  "clip_model": "ViT-B/32",
  "feature_dim": 512,
  "candidate_feature_dim": 512,
  "text_feature_dim": 512,
  "representation": {
    "name": "clip",
    "model_ids": {
      "clip": "ViT-B/32"
    },
    "candidate_feature_dim": 512,
    "text_feature_dim": 512,
    "component_normalization": {
      "clip_image": "l2",
      "clip_text": "l2"
    },
    "fusion": "none",
    "encoder_parameters": {
      "clip": {
        "total": 151277313,
        "trainable": 0
      }
    }
  },
  "device": "cuda",
  "batch_size": 128,
  "selection_policy": "cardinality-threshold",
  "membership_threshold": 0.7,
  "count_logit_bias": [
    1.0,
    0.0,
    0.0,
    2.0
  ],
  "config": {
    "match_threshold": 0.5,
    "overlap_metric": "giou",
    "prediction_score_threshold": null,
    "image_f1_threshold": 1.0
  },
  "official": {
    "F1_score": 0.3344331693955052,
    "T_acc": 0.9032484635645303,
    "N_acc": 0.6259362294029531
  },
  "diagnostics": {
    "num_samples": 16063,
    "mean_precision": 0.457688249620019,
    "mean_recall": 0.4413914562890464,
    "mean_f1": 0.4440049624852227,
    "exact_set_accuracy": 0.3344331693955052,
    "cardinality_accuracy": 0.7006785780987362,
    "count_class_accuracy": 0.7333623856066738,
    "count_class_evaluated": 16063,
    "micro_precision": 0.3998824660754354,
    "micro_recall": 0.3509800243833818,
    "micro_f1": 0.3738387773449206,
    "total_tp": 7485,
    "total_fp": 11233,
    "total_fn": 13841,
    "no_target_total": 4673,
    "no_target_accuracy": 0.6259362294029531,
    "false_grounding_rate": 0.3740637705970469,
    "single_target_total": 5646,
    "single_target_localization_accuracy": 0.30871413390010627,
    "single_target_exact_accuracy": 0.28462628409493446,
    "multi_target_total": 5744,
    "multi_target_mean_f1": 0.4370157345171932,
    "multi_target_exact_accuracy": 0.14623955431754876
  },
  "by_target_type": {
    "no-target": {
      "num_samples": 4673,
      "mean_precision": 0.6259362294029531,
      "mean_recall": 0.6259362294029531,
      "mean_f1": 0.6259362294029531,
      "exact_set_accuracy": 0.6259362294029531,
      "cardinality_accuracy": 0.6259362294029531,
      "count_class_accuracy": 0.6259362294029531,
      "count_class_evaluated": 4673,
      "micro_precision": 0.0,
      "micro_recall": 0.0,
      "micro_f1": 0.0,
      "total_tp": 0,
      "total_fp": 1939,
      "total_fn": 0
    },
    "single-target": {
      "num_samples": 5646,
      "mean_precision": 0.2965226118786161,
      "mean_recall": 0.30871413390010627,
      "mean_f1": 0.3005372535128118,
      "exact_set_accuracy": 0.28462628409493446,
      "cardinality_accuracy": 0.7747077577045696,
      "count_class_accuracy": 0.7747077577045696,
      "count_class_evaluated": 5646,
      "micro_precision": 0.3435159637366969,
      "micro_recall": 0.30871413390010627,
      "micro_f1": 0.3251865671641791,
      "total_tp": 1743,
      "total_fp": 3331,
      "total_fn": 3903
    },
    "multi-target": {
      "num_samples": 5744,
      "mean_precision": 0.47922696500342804,
      "mean_recall": 0.4216697357888171,
      "mean_f1": 0.4370157345171932,
      "exact_set_accuracy": 0.14623955431754876,
      "cardinality_accuracy": 0.6887186629526463,
      "count_class_accuracy": 0.7801183844011143,
      "count_class_evaluated": 5744,
      "micro_precision": 0.4905595899188381,
      "micro_recall": 0.3661989795918367,
      "micro_f1": 0.4193536607631915,
      "total_tp": 5742,
      "total_fp": 5963,
      "total_fn": 9938
    }
  },
  "by_count_group": {
    "0": {
      "num_samples": 4673,
      "mean_precision": 0.6259362294029531,
      "mean_recall": 0.6259362294029531,
      "mean_f1": 0.6259362294029531,
      "exact_set_accuracy": 0.6259362294029531,
      "cardinality_accuracy": 0.6259362294029531,
      "count_class_accuracy": 0.6259362294029531,
      "count_class_evaluated": 4673,
      "micro_precision": 0.0,
      "micro_recall": 0.0,
      "micro_f1": 0.0,
      "total_tp": 0,
      "total_fp": 1939,
      "total_fn": 0
    },
    "1": {
      "num_samples": 5646,
      "mean_precision": 0.2965226118786161,
      "mean_recall": 0.30871413390010627,
      "mean_f1": 0.3005372535128118,
      "exact_set_accuracy": 0.28462628409493446,
      "cardinality_accuracy": 0.7747077577045696,
      "count_class_accuracy": 0.7747077577045696,
      "count_class_evaluated": 5646,
      "micro_precision": 0.3435159637366969,
      "micro_recall": 0.30871413390010627,
      "micro_f1": 0.3251865671641791,
      "total_tp": 1743,
      "total_fp": 3331,
      "total_fn": 3903
    },
    "2": {
      "num_samples": 3957,
      "mean_precision": 0.4892174206048354,
      "mean_recall": 0.46841041192822847,
      "mean_f1": 0.4745430039592295,
      "exact_set_accuracy": 0.19307556229466769,
      "cardinality_accuracy": 0.8766742481678039,
      "count_class_accuracy": 0.8764215314632298,
      "count_class_evaluated": 3957,
      "micro_precision": 0.5016238159675237,
      "micro_recall": 0.46841041192822847,
      "micro_f1": 0.4844485101934135,
      "total_tp": 3707,
      "total_fp": 3683,
      "total_fn": 4207
    },
    "3+": {
      "num_samples": 1787,
      "mean_precision": 0.457104842555318,
      "mean_recall": 0.31817065605537903,
      "mean_f1": 0.3539181378847699,
      "exact_set_accuracy": 0.042529378847229994,
      "cardinality_accuracy": 0.27252378287632906,
      "count_class_accuracy": 0.5668718522663683,
      "count_class_evaluated": 1787,
      "micro_precision": 0.4716106604866744,
      "micro_recall": 0.26203966005665724,
      "micro_f1": 0.33689264133763763,
      "total_tp": 2035,
      "total_fp": 2280,
      "total_fn": 5731
    }
  },
  "examples": [
    {
      "sample_id": "0000000",
      "image_id": 154,
      "file_name": "COCO_train2014_000000000154.jpg",
      "target_type": "multi-target",
      "expression": "three zebras standing on the savannah.",
      "true_count_class": 3,
      "pred_count_class": 3,
      "gt_candidate_indices": [
        0,
        1,
        2,
        3
      ],
      "pred_candidate_indices": [
        0,
        1,
        3
      ],
      "num_predictions": 3,
      "num_targets": 3,
      "precision": 0.6666666666666666,
      "recall": 0.6666666666666666,
      "f1": 0.6666666666666666,
      "exact": 0.0
    },
    {
      "sample_id": "0000001",
      "image_id": 154,
      "file_name": "COCO_train2014_000000000154.jpg",
      "target_type": "multi-target",
      "expression": "a trio of zebras positioned on the grassland.",
      "true_count_class": 3,
      "pred_count_class": 3,
      "gt_candidate_indices": [
        0,
        1,
        2,
        3
      ],
      "pred_candidate_indices": [
        0,
        1,
        3
      ],
      "num_predictions": 3,
      "num_targets": 3,
      "precision": 0.6666666666666666,
      "recall": 0.6666666666666666,
      "f1": 0.6666666666666666,
      "exact": 0.0
    },
    {
      "sample_id": "0000002",
      "image_id": 154,
      "file_name": "COCO_train2014_000000000154.jpg",
      "target_type": "multi-target",
      "expression": "there are three zebras standing in the prairie.",
      "true_count_class": 3,
      "pred_count_class": 3,
      "gt_candidate_indices": [
        0,
        1,
        2,
        3
      ],
      "pred_candidate_indices": [
        0,
        1,
        3
      ],
      "num_predictions": 3,
      "num_targets": 3,
      "precision": 0.6666666666666666,
      "recall": 0.6666666666666666,
      "f1": 0.6666666666666666,
      "exact": 0.0
    },
    {
      "sample_id": "0000003",
      "image_id": 154,
      "file_name": "COCO_train2014_000000000154.jpg",
      "target_type": "multi-target",
      "expression": "three zebras, all stationary on the grassy plain.",
      "true_count_class": 3,