{
  "feature_file": "cache/features/stage5/siglip2_detector_testB.pt",
  "checkpoint": "checkpoints/stage5/siglip2_10pct_seed2/last.pt",
  "clip_model": "none",
  "feature_dim": 768,
  "candidate_feature_dim": 768,
  "text_feature_dim": 768,
  "representation": {
    "name": "siglip2",
    "model_ids": {
      "siglip2": "google/siglip2-base-patch16-224"
    },
    "candidate_feature_dim": 768,
    "text_feature_dim": 768,
    "component_normalization": {
      "siglip2_image": "l2",
      "siglip2_text": "l2"
    },
    "fusion": "none",
    "similarity_source": "normalized SigLIP 2 image/text embeddings",
    "encoder_parameters": {
      "siglip2": {
        "total": 375187970,
        "trainable": 0
      }
    }
  },
  "device": "cuda",
  "batch_size": 64,
  "selection_policy": "cardinality-threshold",
  "membership_threshold": 0.5,
  "config": {
    "match_threshold": 0.5,
    "overlap_metric": "giou",
    "prediction_score_threshold": null,
    "image_f1_threshold": 1.0
  },
  "official": {
    "F1_score": 0.3690468779181971,
    "T_acc": 0.9517998244073749,
    "N_acc": 0.6021827519794565
  },
  "diagnostics": {
    "num_samples": 16063,
    "mean_precision": 0.5048601857079329,
    "mean_recall": 0.4895432052781235,
    "mean_f1": 0.48862203822117695,
    "exact_set_accuracy": 0.3690468779181971,
    "cardinality_accuracy": 0.715806511859553,
    "count_class_accuracy": 0.7381560107078379,
    "count_class_evaluated": 16063,
    "micro_precision": 0.43779662728466123,
    "micro_recall": 0.4065928913063866,
    "micro_f1": 0.4216182048040455,
    "total_tp": 8671,
    "total_fp": 11135,
    "total_fn": 12655,
    "no_target_total": 4673,
    "no_target_accuracy": 0.6021827519794565,
    "false_grounding_rate": 0.3978172480205435,
    "single_target_total": 5646,
    "single_target_localization_accuracy": 0.4160467587672689,
    "single_target_exact_accuracy": 0.365391427559334,
    "multi_target_total": 5744,
    "multi_target_mean_f1": 0.4842274489229478,
    "multi_target_exact_accuracy": 0.18297353760445684
  },
  "by_target_type": {
    "no-target": {
      "num_samples": 4673,
      "mean_precision": 0.6021827519794565,
      "mean_recall": 0.6021827519794565,
      "mean_f1": 0.6021827519794565,
      "exact_set_accuracy": 0.6021827519794565,
      "cardinality_accuracy": 0.6021827519794565,
      "count_class_accuracy": 0.6021827519794565,
      "count_class_evaluated": 4673,
      "micro_precision": 0.0,
      "micro_recall": 0.0,
      "micro_f1": 0.0,
      "total_tp": 0,
      "total_fp": 2016,
      "total_fn": 0
    },
    "single-target": {
      "num_samples": 5646,
      "mean_precision": 0.39066005431573975,
      "mean_recall": 0.4160467587672689,
      "mean_f1": 0.3991026095170632,
      "exact_set_accuracy": 0.365391427559334,
      "cardinality_accuracy": 0.8227063407722282,
      "count_class_accuracy": 0.8227063407722282,
      "count_class_evaluated": 5646,
      "micro_precision": 0.4031233911103484,
      "micro_recall": 0.4160467587672689,
      "micro_f1": 0.4094831343153491,
      "total_tp": 2349,
      "total_fp": 3478,
      "total_fn": 3297
    },
    "multi-target": {
      "num_samples": 5744,
      "mean_precision": 0.5379356713718402,
      "mean_recall": 0.47014841684932185,
      "mean_f1": 0.4842274489229478,
      "exact_set_accuracy": 0.18297353760445684,
      "cardinality_accuracy": 0.7031685236768802,
      "count_class_accuracy": 0.7656685236768802,
      "count_class_evaluated": 5744,
      "micro_precision": 0.528462760177213,
      "micro_recall": 0.4031887755102041,
      "micro_f1": 0.45740332091307023,
      "total_tp": 6322,
      "total_fp": 5641,
      "total_fn": 9358
    }
  },
  "by_count_group": {
    "0": {
      "num_samples": 4673,
      "mean_precision": 0.6021827519794565,
      "mean_recall": 0.6021827519794565,
      "mean_f1": 0.6021827519794565,
      "exact_set_accuracy": 0.6021827519794565,
      "cardinality_accuracy": 0.6021827519794565,
      "count_class_accuracy": 0.6021827519794565,
      "count_class_evaluated": 4673,
      "micro_precision": 0.0,
      "micro_recall": 0.0,
      "micro_f1": 0.0,
      "total_tp": 0,
      "total_fp": 2016,
      "total_fn": 0
    },
    "1": {
      "num_samples": 5646,
      "mean_precision": 0.39066005431573975,
      "mean_recall": 0.4160467587672689,
      "mean_f1": 0.3991026095170632,
      "exact_set_accuracy": 0.365391427559334,
      "cardinality_accuracy": 0.8227063407722282,
      "count_class_accuracy": 0.8227063407722282,
      "count_class_evaluated": 5646,
      "micro_precision": 0.4031233911103484,
      "micro_recall": 0.4160467587672689,
      "micro_f1": 0.4094831343153491,
      "total_tp": 2349,
      "total_fp": 3478,
      "total_fn": 3297
    },
    "2": {
      "num_samples": 3957,
      "mean_precision": 0.5443749473506868,
      "mean_recall": 0.536643922163255,
      "mean_f1": 0.5386849104059113,
      "exact_set_accuracy": 0.2552438716199141,
      "cardinality_accuracy": 0.9588071771544099,
      "count_class_accuracy": 0.9585544604498357,
      "count_class_evaluated": 3957,
      "micro_precision": 0.5465191095097156,
      "micro_recall": 0.536643922163255,
      "micro_f1": 0.541536499840612,
      "total_tp": 4247,
      "total_fp": 3524,
      "total_fn": 3667
    },
    "3+": {
      "num_samples": 1787,
      "mean_precision": 0.5236770171758152,
      "mean_recall": 0.32290571146195074,
      "mean_f1": 0.3636408931937318,
      "exact_set_accuracy": 0.02294348069390039,
      "cardinality_accuracy": 0.1371012870733072,
      "count_class_accuracy": 0.33855623950755453,
      "count_class_evaluated": 1787,
      "micro_precision": 0.4949904580152672,
      "micro_recall": 0.26719031676538757,
      "micro_f1": 0.3470480013380164,
      "total_tp": 2075,
      "total_fp": 2117,
      "total_fn": 5691
    }
  },
  "examples": [
    {
      "sample_id": "0000000",
      "image_id": 154,
      "file_name": "COCO_train2014_000000000154.jpg",
      "target_type": "multi-target",
      "expression": "three zebras standing on the savannah.",
      "true_count_class": 3,
      "pred_count_class": 3,
      "gt_candidate_indices": [
        0,
        1,
        2,
        3
      ],
      "pred_candidate_indices": [
        0,
        1,
        3
      ],
      "num_predictions": 3,
      "num_targets": 3,
      "precision": 0.6666666666666666,
      "recall": 0.6666666666666666,
      "f1": 0.6666666666666666,
      "exact": 0.0
    },
    {
      "sample_id": "0000001",
      "image_id": 154,
      "file_name": "COCO_train2014_000000000154.jpg",
      "target_type": "multi-target",
      "expression": "a trio of zebras positioned on the grassland.",
      "true_count_class": 3,
      "pred_count_class": 3,
      "gt_candidate_indices": [
        0,
        1,
        2,
        3
      ],
      "pred_candidate_indices": [
        0,
        1,
        3
      ],
      "num_predictions": 3,
      "num_targets": 3,
      "precision": 0.6666666666666666,
      "recall": 0.6666666666666666,
      "f1": 0.6666666666666666,
      "exact": 0.0
    },
    {
      "sample_id": "0000002",
      "image_id": 154,
      "file_name": "COCO_train2014_000000000154.jpg",
      "target_type": "multi-target",
      "expression": "there are three zebras standing in the prairie.",
      "true_count_class": 3,
      "pred_count_class": 3,
      "gt_candidate_indices": [
        0,
        1,
        2,
        3
      ],
      "pred_candidate_indices": [
        0,
        1,
        3
      ],
      "num_predictions": 3,
      "num_targets": 3,
      "precision": 0.6666666666666666,
      "recall": 0.6666666666666666,
      "f1": 0.6666666666666666,
      "exact": 0.0
    },
    {
      "sample_id": "0000003",
      "image_id": 154,
      "file_name": "COCO_train2014_000000000154.jpg",
      "target_type": "multi-target",
      "expression": "three zebras, all stationary on the grassy plain.",