{
  "feature_file": "cache/features/stage5/siglip2_detector_testB.pt",
  "checkpoint": "checkpoints/stage5/siglip2_10pct_seed2/best.pt",
  "clip_model": "none",
  "feature_dim": 768,
  "candidate_feature_dim": 768,
  "text_feature_dim": 768,
  "representation": {
    "name": "siglip2",
    "model_ids": {
      "siglip2": "google/siglip2-base-patch16-224"
    },
    "candidate_feature_dim": 768,
    "text_feature_dim": 768,
    "component_normalization": {
      "siglip2_image": "l2",
      "siglip2_text": "l2"
    },
    "fusion": "none",
    "similarity_source": "normalized SigLIP 2 image/text embeddings",
    "encoder_parameters": {
      "siglip2": {
        "total": 375187970,
        "trainable": 0
      }
    }
  },
  "device": "cuda",
  "batch_size": 64,
  "selection_policy": "cardinality-threshold",
  "membership_threshold": 0.5,
  "config": {
    "match_threshold": 0.5,
    "overlap_metric": "giou",
    "prediction_score_threshold": null,
    "image_f1_threshold": 1.0
  },
  "official": {
    "F1_score": 0.2853140758264334,
    "T_acc": 0.50342405618964,
    "N_acc": 0.8251658463513802
  },
  "diagnostics": {
    "num_samples": 16063,
    "mean_precision": 0.37287555251198407,
    "mean_recall": 0.36992643010354465,
    "mean_f1": 0.36846197546876197,
    "exact_set_accuracy": 0.2853140758264334,
    "cardinality_accuracy": 0.49274730747681006,
    "count_class_accuracy": 0.49274730747681006,
    "count_class_evaluated": 16063,
    "micro_precision": 0.3477788911155645,
    "micro_recall": 0.19530150989402606,
    "micro_f1": 0.2501351270193982,
    "total_tp": 4165,
    "total_fp": 7811,
    "total_fn": 17161,
    "no_target_total": 4673,
    "no_target_accuracy": 0.8251658463513802,
    "false_grounding_rate": 0.17483415364861973,
    "single_target_total": 5646,
    "single_target_localization_accuracy": 0.0563230605738576,
    "single_target_exact_accuracy": 0.012752391073326248,
    "multi_target_total": 5744,
    "multi_target_mean_f1": 0.3180022130840377,
    "multi_target_exact_accuracy": 0.11403203342618384
  },
  "by_target_type": {
    "no-target": {
      "num_samples": 4673,
      "mean_precision": 0.8251658463513802,
      "mean_recall": 0.8251658463513802,
      "mean_f1": 0.8251658463513802,
      "exact_set_accuracy": 0.8251658463513802,
      "cardinality_accuracy": 0.8251658463513802,
      "count_class_accuracy": 0.8251658463513802,
      "count_class_evaluated": 4673,
      "micro_precision": 0.0,
      "micro_recall": 0.0,
      "micro_f1": 0.0,
      "total_tp": 0,
      "total_fp": 1002,
      "total_fn": 0
    },
    "single-target": {
      "num_samples": 5646,
      "mean_precision": 0.03453772582359192,
      "mean_recall": 0.0563230605738576,
      "mean_f1": 0.04179950407368035,
      "exact_set_accuracy": 0.012752391073326248,
      "cardinality_accuracy": 0.0696068012752391,
      "count_class_accuracy": 0.0696068012752391,
      "count_class_evaluated": 5646,
      "micro_precision": 0.17273221075502446,
      "micro_recall": 0.0563230605738576,
      "micro_f1": 0.08494724188593562,
      "total_tp": 318,
      "total_fp": 1523,
      "total_fn": 5328
    },
    "multi-target": {
      "num_samples": 5744,
      "mean_precision": 0.3374825905292479,
      "mean_recall": 0.3078217699779326,
      "mean_f1": 0.3180022130840377,
      "exact_set_accuracy": 0.11403203342618384,
      "cardinality_accuracy": 0.6382311977715878,
      "count_class_accuracy": 0.6382311977715878,
      "count_class_evaluated": 5744,
      "micro_precision": 0.42121975254571337,
      "micro_recall": 0.24534438775510203,
      "micro_f1": 0.31007939386611855,
      "total_tp": 3847,
      "total_fp": 5286,
      "total_fn": 11833
    }
  },
  "by_count_group": {
    "0": {
      "num_samples": 4673,
      "mean_precision": 0.8251658463513802,
      "mean_recall": 0.8251658463513802,
      "mean_f1": 0.8251658463513802,
      "exact_set_accuracy": 0.8251658463513802,
      "cardinality_accuracy": 0.8251658463513802,
      "count_class_accuracy": 0.8251658463513802,
      "count_class_evaluated": 4673,
      "micro_precision": 0.0,
      "micro_recall": 0.0,
      "micro_f1": 0.0,
      "total_tp": 0,
      "total_fp": 1002,
      "total_fn": 0
    },
    "1": {
      "num_samples": 5646,
      "mean_precision": 0.03453772582359192,
      "mean_recall": 0.0563230605738576,
      "mean_f1": 0.04179950407368035,
      "exact_set_accuracy": 0.012752391073326248,
      "cardinality_accuracy": 0.0696068012752391,
      "count_class_accuracy": 0.0696068012752391,
      "count_class_evaluated": 5646,
      "micro_precision": 0.17273221075502446,
      "micro_recall": 0.0563230605738576,
      "micro_f1": 0.08494724188593562,
      "total_tp": 318,
      "total_fp": 1523,
      "total_fn": 5328
    },
    "2": {
      "num_samples": 3957,
      "mean_precision": 0.38640384129390953,
      "mean_recall": 0.38577204953247407,
      "mean_f1": 0.38598264678628597,
      "exact_set_accuracy": 0.1655294414960829,
      "cardinality_accuracy": 0.9264594389689158,
      "count_class_accuracy": 0.9264594389689158,
      "count_class_evaluated": 3957,
      "micro_precision": 0.415826750204304,
      "micro_recall": 0.38577204953247407,
      "micro_f1": 0.40023597273203987,
      "total_tp": 3053,
      "total_fp": 4289,
      "total_fn": 4861
    },
    "3+": {
      "num_samples": 1787,
      "mean_precision": 0.22915500839395636,
      "mean_recall": 0.13521446376790544,
      "mean_f1": 0.16747139262528238,
      "exact_set_accuracy": 0.0,
      "cardinality_accuracy": 0.0,
      "count_class_accuracy": 0.0,
      "count_class_evaluated": 1787,
      "micro_precision": 0.4433277498604132,
      "micro_recall": 0.1022405356682977,
      "micro_f1": 0.1661609291618709,
      "total_tp": 794,
      "total_fp": 997,
      "total_fn": 6972
    }
  },
  "examples": [
    {
      "sample_id": "0000000",
      "image_id": 154,
      "file_name": "COCO_train2014_000000000154.jpg",
      "target_type": "multi-target",
      "expression": "three zebras standing on the savannah.",
      "true_count_class": 3,
      "pred_count_class": 2,
      "gt_candidate_indices": [
        0,
        1,
        2,
        3
      ],
      "pred_candidate_indices": [
        1,
        3
      ],
      "num_predictions": 2,
      "num_targets": 3,
      "precision": 0.5,
      "recall": 0.3333333333333333,
      "f1": 0.4,
      "exact": 0.0
    },
    {
      "sample_id": "0000001",
      "image_id": 154,
      "file_name": "COCO_train2014_000000000154.jpg",
      "target_type": "multi-target",
      "expression": "a trio of zebras positioned on the grassland.",
      "true_count_class": 3,
      "pred_count_class": 2,
      "gt_candidate_indices": [
        0,
        1,
        2,
        3
      ],
      "pred_candidate_indices": [
        1,
        3
      ],
      "num_predictions": 2,
      "num_targets": 3,
      "precision": 0.5,
      "recall": 0.3333333333333333,
      "f1": 0.4,
      "exact": 0.0
    },
    {
      "sample_id": "0000002",
      "image_id": 154,
      "file_name": "COCO_train2014_000000000154.jpg",
      "target_type": "multi-target",
      "expression": "there are three zebras standing in the prairie.",
      "true_count_class": 3,
      "pred_count_class": 2,
      "gt_candidate_indices": [
        0,
        1,
        2,
        3
      ],
      "pred_candidate_indices": [
        1,
        3
      ],
      "num_predictions": 2,
      "num_targets": 3,
      "precision": 0.5,
      "recall": 0.3333333333333333,
      "f1": 0.4,
      "exact": 0.0
    },
    {
      "sample_id": "0000003",
      "image_id": 154,
      "file_name": "COCO_train2014_000000000154.jpg",
      "target_type": "multi-target",
      "expression": "three zebras, all stationary on the grassy plain.",
      "true_count_class": 3,
      "pred_count_class": 2,
      "gt_candidate_indices": [
        0,
        1,
        2,
        3
      ],