{
  "feature_file": "cache/features/stage5/siglip2_detector_testA.pt",
  "checkpoint": "checkpoints/stage5/siglip2_10pct_seed2/last.pt",
  "clip_model": "none",
  "feature_dim": 768,
  "candidate_feature_dim": 768,
  "text_feature_dim": 768,
  "representation": {
    "name": "siglip2",
    "model_ids": {
      "siglip2": "google/siglip2-base-patch16-224"
    },
    "candidate_feature_dim": 768,
    "text_feature_dim": 768,
    "component_normalization": {
      "siglip2_image": "l2",
      "siglip2_text": "l2"
    },
    "fusion": "none",
    "similarity_source": "normalized SigLIP 2 image/text embeddings",
    "encoder_parameters": {
      "siglip2": {
        "total": 375187970,
        "trainable": 0
      }
    }
  },
  "device": "cuda",
  "batch_size": 64,
  "selection_policy": "cardinality-threshold",
  "membership_threshold": 0.5,
  "config": {
    "match_threshold": 0.5,
    "overlap_metric": "giou",
    "prediction_score_threshold": null,
    "image_f1_threshold": 1.0
  },
  "official": {
    "F1_score": 0.4117708333333333,
    "T_acc": 0.9562093275488069,
    "N_acc": 0.5609262589928058
  },
  "diagnostics": {
    "num_samples": 19200,
    "mean_precision": 0.5863020525562586,
    "mean_recall": 0.5582397830034569,
    "mean_f1": 0.5623004497568416,
    "exact_set_accuracy": 0.4117708333333333,
    "cardinality_accuracy": 0.718125,
    "count_class_accuracy": 0.7426041666666666,
    "count_class_evaluated": 19200,
    "micro_precision": 0.5584177336136059,
    "micro_recall": 0.4937816830010139,
    "micro_f1": 0.524114429199175,
    "total_tp": 14611,
    "total_fp": 11554,
    "total_fn": 14979,
    "no_target_total": 4448,
    "no_target_accuracy": 0.5609262589928058,
    "false_grounding_rate": 0.43907374100719426,
    "single_target_total": 5917,
    "single_target_localization_accuracy": 0.569883386851445,
    "single_target_exact_accuracy": 0.5308433327699847,
    "multi_target_total": 8835,
    "multi_target_mean_f1": 0.5667100080413976,
    "multi_target_exact_accuracy": 0.2569326542161856
  },
  "by_target_type": {
    "no-target": {
      "num_samples": 4448,
      "mean_precision": 0.5609262589928058,
      "mean_recall": 0.5609262589928058,
      "mean_f1": 0.5609262589928058,
      "exact_set_accuracy": 0.5609262589928058,
      "cardinality_accuracy": 0.5609262589928058,
      "count_class_accuracy": 0.5609262589928058,
      "count_class_evaluated": 4448,
      "micro_precision": 0.0,
      "micro_recall": 0.0,
      "micro_f1": 0.0,
      "total_tp": 0,
      "total_fp": 2227,
      "total_fn": 0
    },
    "single-target": {
      "num_samples": 5917,
      "mean_precision": 0.550250690101966,
      "mean_recall": 0.569883386851445,
      "mean_f1": 0.5567493179458685,
      "exact_set_accuracy": 0.5308433327699847,
      "cardinality_accuracy": 0.8921750887273956,
      "count_class_accuracy": 0.8921750887273956,
      "count_class_evaluated": 5917,
      "micro_precision": 0.5707515233581584,
      "micro_recall": 0.569883386851445,
      "micro_f1": 0.5703171247357294,
      "total_tp": 3372,
      "total_fp": 2536,
      "total_fn": 2545
    },
    "multi-target": {
      "num_samples": 8835,
      "mean_precision": 0.6232219666946059,
      "mean_recall": 0.5490892850782472,
      "mean_f1": 0.5667100080413976,
      "exact_set_accuracy": 0.2569326542161856,
      "cardinality_accuracy": 0.6807017543859649,
      "count_class_accuracy": 0.7338992642897566,
      "count_class_evaluated": 8835,
      "micro_precision": 0.6233499722684415,
      "micro_recall": 0.47476027541925403,
      "micro_f1": 0.5390019902644894,
      "total_tp": 11239,
      "total_fp": 6791,
      "total_fn": 12434
    }
  },
  "by_count_group": {
    "0": {
      "num_samples": 4448,
      "mean_precision": 0.5609262589928058,
      "mean_recall": 0.5609262589928058,
      "mean_f1": 0.5609262589928058,
      "exact_set_accuracy": 0.5609262589928058,
      "cardinality_accuracy": 0.5609262589928058,
      "count_class_accuracy": 0.5609262589928058,
      "count_class_evaluated": 4448,
      "micro_precision": 0.0,
      "micro_recall": 0.0,
      "micro_f1": 0.0,
      "total_tp": 0,
      "total_fp": 2227,
      "total_fn": 0
    },
    "1": {
      "num_samples": 5917,
      "mean_precision": 0.550250690101966,
      "mean_recall": 0.569883386851445,
      "mean_f1": 0.5567493179458685,
      "exact_set_accuracy": 0.5308433327699847,
      "cardinality_accuracy": 0.8921750887273956,
      "count_class_accuracy": 0.8921750887273956,
      "count_class_evaluated": 5917,
      "micro_precision": 0.5707515233581584,
      "micro_recall": 0.569883386851445,
      "micro_f1": 0.5703171247357294,
      "total_tp": 3372,
      "total_fp": 2536,
      "total_fn": 2545
    },
    "2": {
      "num_samples": 5940,
      "mean_precision": 0.6508175986443958,
      "mean_recall": 0.6377946127946128,
      "mean_f1": 0.6410962689813879,
      "exact_set_accuracy": 0.36447811447811446,
      "cardinality_accuracy": 0.9451178451178451,
      "count_class_accuracy": 0.9451178451178451,
      "count_class_evaluated": 5940,
      "micro_precision": 0.6506096513824489,
      "micro_recall": 0.6377946127946128,
      "micro_f1": 0.6441384000680098,
      "total_tp": 7577,
      "total_fp": 4069,
      "total_fn": 4303
    },
    "3+": {
      "num_samples": 2895,
      "mean_precision": 0.5666008773053989,
      "mean_recall": 0.3670824986757636,
      "mean_f1": 0.4140832757500074,
      "exact_set_accuracy": 0.03626943005181347,
      "cardinality_accuracy": 0.1381692573402418,
      "count_class_accuracy": 0.3005181347150259,
      "count_class_evaluated": 2895,
      "micro_precision": 0.5736215538847118,
      "micro_recall": 0.310523191723904,
      "micro_f1": 0.4029267755955328,
      "total_tp": 3662,
      "total_fp": 2722,
      "total_fn": 8131
    }
  },
  "examples": [
    {
      "sample_id": "0000000",
      "image_id": 839,
      "file_name": "COCO_train2014_000000000839.jpg",
      "target_type": "multi-target",
      "expression": "blue shirt and a frisbee",
      "true_count_class": 2,
      "pred_count_class": 2,
      "gt_candidate_indices": [
        0,
        1
      ],
      "pred_candidate_indices": [
        0,
        2
      ],
      "num_predictions": 2,
      "num_targets": 2,
      "precision": 0.5,
      "recall": 0.5,
      "f1": 0.5,
      "exact": 0.0
    },
    {
      "sample_id": "0000001",
      "image_id": 839,
      "file_name": "COCO_train2014_000000000839.jpg",
      "target_type": "multi-target",
      "expression": "blue shirt and frisbee",
      "true_count_class": 2,
      "pred_count_class": 2,
      "gt_candidate_indices": [
        0,
        1
      ],
      "pred_candidate_indices": [
        0,
        2
      ],
      "num_predictions": 2,
      "num_targets": 2,
      "precision": 0.5,
      "recall": 0.5,
      "f1": 0.5,
      "exact": 0.0
    },
    {
      "sample_id": "0000002",
      "image_id": 839,
      "file_name": "COCO_train2014_000000000839.jpg",
      "target_type": "multi-target",
      "expression": "blue shirt and white shirt",
      "true_count_class": 2,
      "pred_count_class": 2,
      "gt_candidate_indices": [
        0,
        2
      ],
      "pred_candidate_indices": [
        0,
        2
      ],
      "num_predictions": 2,
      "num_targets": 2,
      "precision": 1.0,
      "recall": 1.0,
      "f1": 1.0,
      "exact": 1.0
    },
    {
      "sample_id": "0000003",
      "image_id": 839,
      "file_name": "COCO_train2014_000000000839.jpg",
      "target_type": "multi-target",
      "expression": "blue cshirt and falling",
      "true_count_class": 2,
      "pred_count_class": 2,
      "gt_candidate_indices": [
        0,
        2
      ],
      "pred_candidate_indices": [
        0,
        2
      ],
      "num_predictions": 2,
      "num_targets": 2,
      "precision": 1.0,
      "recall": 1.0,
      "f1": 1.0,