{
  "feature_file": "cache/features/stage5/siglip2_detector_testA.pt",
  "checkpoint": "checkpoints/stage6/confirmation/membership_only_seed1/selected.pt",
  "clip_model": "none",
  "feature_dim": 768,
  "candidate_feature_dim": 768,
  "text_feature_dim": 768,
  "representation": {
    "name": "siglip2",
    "model_ids": {
      "siglip2": "google/siglip2-base-patch16-224"
    },
    "candidate_feature_dim": 768,
    "text_feature_dim": 768,
    "component_normalization": {
      "siglip2_image": "l2",
      "siglip2_text": "l2"
    },
    "fusion": "none",
    "similarity_source": "normalized SigLIP 2 image/text embeddings",
    "encoder_parameters": {
      "siglip2": {
        "total": 375187970,
        "trainable": 0
      }
    }
  },
  "device": "cuda",
  "batch_size": 128,
  "selection_policy": "membership-only",
  "pre_nms_threshold": null,
  "membership_threshold": 0.4,
  "count_logit_bias": [
    0.0,
    0.0,
    0.0,
    0.0
  ],
  "config": {
    "match_threshold": 0.5,
    "overlap_metric": "giou",
    "prediction_score_threshold": null,
    "image_f1_threshold": 1.0
  },
  "official": {
    "F1_score": 0.30416666666666664,
    "T_acc": 0.8617136659436009,
    "N_acc": 0.7542715827338129
  },
  "diagnostics": {
    "num_samples": 19200,
    "mean_precision": 0.5264335076793817,
    "mean_recall": 0.7146940749499329,
    "mean_f1": 0.5580133279194799,
    "exact_set_accuracy": 0.30416666666666664,
    "cardinality_accuracy": 0.35270833333333335,
    "count_class_accuracy": 0.420625,
    "count_class_evaluated": 19200,
    "micro_precision": 0.35523374663278756,
    "micro_recall": 0.628387968908415,
    "micro_f1": 0.4538830507853978,
    "total_tp": 18594,
    "total_fp": 33749,
    "total_fn": 10996,
    "no_target_total": 4448,
    "no_target_accuracy": 0.7542715827338129,
    "false_grounding_rate": 0.24572841726618705,
    "single_target_total": 5917,
    "single_target_localization_accuracy": 0.7360148724015548,
    "single_target_exact_accuracy": 0.25198580361669765,
    "multi_target_total": 8835,
    "multi_target_mean_f1": 0.5072138684689178,
    "multi_target_exact_accuracy": 0.11250707413695529
  },
  "by_target_type": {
    "no-target": {
      "num_samples": 4448,
      "mean_precision": 0.7542715827338129,
      "mean_recall": 0.7542715827338129,
      "mean_f1": 0.7542715827338129,
      "exact_set_accuracy": 0.7542715827338129,
      "cardinality_accuracy": 0.7542715827338129,
      "count_class_accuracy": 0.7542715827338129,
      "count_class_evaluated": 4448,
      "micro_precision": 0.0,
      "micro_recall": 0.0,
      "micro_f1": 0.0,
      "total_tp": 0,
      "total_fp": 2761,
      "total_fn": 0
    },
    "single-target": {
      "num_samples": 5917,
      "mean_precision": 0.41395234719480023,
      "mean_recall": 0.7360148724015548,
      "mean_f1": 0.48633114215503453,
      "exact_set_accuracy": 0.25198580361669765,
      "cardinality_accuracy": 0.2972790265337164,
      "count_class_accuracy": 0.2972790265337164,
      "count_class_evaluated": 5917,
      "micro_precision": 0.3265596880623875,
      "micro_recall": 0.7360148724015548,
      "micro_f1": 0.4523970290344362,
      "total_tp": 4355,
      "total_fp": 8981,
      "total_fn": 1562
    },
    "multi-target": {
      "num_samples": 8835,
      "mean_precision": 0.48705911817684894,
      "mean_recall": 0.6804896705193819,
      "mean_f1": 0.5072138684689178,
      "exact_set_accuracy": 0.11250707413695529,
      "cardinality_accuracy": 0.18766270514997171,
      "count_class_accuracy": 0.3352574985851726,
      "count_class_evaluated": 8835,
      "micro_precision": 0.392843348231529,
      "micro_recall": 0.6014869260338782,
      "micro_f1": 0.47527495452193796,
      "total_tp": 14239,
      "total_fp": 22007,
      "total_fn": 9434
    }
  },
  "by_count_group": {
    "0": {
      "num_samples": 4448,
      "mean_precision": 0.7542715827338129,
      "mean_recall": 0.7542715827338129,
      "mean_f1": 0.7542715827338129,
      "exact_set_accuracy": 0.7542715827338129,
      "cardinality_accuracy": 0.7542715827338129,
      "count_class_accuracy": 0.7542715827338129,
      "count_class_evaluated": 4448,
      "micro_precision": 0.0,
      "micro_recall": 0.0,
      "micro_f1": 0.0,
      "total_tp": 0,
      "total_fp": 2761,
      "total_fn": 0
    },
    "1": {
      "num_samples": 5917,
      "mean_precision": 0.41395234719480023,
      "mean_recall": 0.7360148724015548,
      "mean_f1": 0.48633114215503453,
      "exact_set_accuracy": 0.25198580361669765,
      "cardinality_accuracy": 0.2972790265337164,
      "count_class_accuracy": 0.2972790265337164,
      "count_class_evaluated": 5917,
      "micro_precision": 0.3265596880623875,
      "micro_recall": 0.7360148724015548,
      "micro_f1": 0.4523970290344362,
      "total_tp": 4355,
      "total_fp": 8981,
      "total_fn": 1562
    },
    "2": {
      "num_samples": 5940,
      "mean_precision": 0.4982958207244744,
      "mean_recall": 0.7704545454545455,
      "mean_f1": 0.5486196580779059,
      "exact_set_accuracy": 0.14915824915824916,
      "cardinality_accuracy": 0.21868686868686868,
      "count_class_accuracy": 0.21868686868686868,
      "count_class_evaluated": 5940,
      "micro_precision": 0.36804857453054,
      "micro_recall": 0.7704545454545455,
      "micro_f1": 0.498136003700781,
      "total_tp": 9153,
      "total_fp": 15716,
      "total_fn": 2727
    },
    "3+": {
      "num_samples": 2895,
      "mean_precision": 0.46400350051437383,
      "mean_recall": 0.49589852816536767,
      "mean_f1": 0.4222569115509869,
      "exact_set_accuracy": 0.03730569948186528,
      "cardinality_accuracy": 0.12400690846286701,
      "count_class_accuracy": 0.5744386873920553,
      "count_class_evaluated": 2895,
      "micro_precision": 0.44704227828074183,
      "micro_recall": 0.4312727889425931,
      "micro_f1": 0.4390159689253345,
      "total_tp": 5086,
      "total_fp": 6291,
      "total_fn": 6707
    }
  },
  "examples": [
    {
      "sample_id": "0000000",
      "image_id": 839,
      "file_name": "COCO_train2014_000000000839.jpg",
      "target_type": "multi-target",
      "expression": "blue shirt and a frisbee",
      "true_count_class": 2,
      "pred_count_class": 2,
      "gt_candidate_indices": [
        0,
        1
      ],
      "pred_candidate_indices": [
        0,
        2
      ],
      "num_predictions": 2,
      "num_targets": 2,
      "precision": 0.5,
      "recall": 0.5,
      "f1": 0.5,
      "exact": 0.0
    },
    {
      "sample_id": "0000001",
      "image_id": 839,
      "file_name": "COCO_train2014_000000000839.jpg",
      "target_type": "multi-target",
      "expression": "blue shirt and frisbee",
      "true_count_class": 2,
      "pred_count_class": 2,
      "gt_candidate_indices": [
        0,
        1
      ],
      "pred_candidate_indices": [
        0,
        2
      ],
      "num_predictions": 2,
      "num_targets": 2,
      "precision": 0.5,
      "recall": 0.5,
      "f1": 0.5,
      "exact": 0.0
    },
    {
      "sample_id": "0000002",
      "image_id": 839,
      "file_name": "COCO_train2014_000000000839.jpg",
      "target_type": "multi-target",
      "expression": "blue shirt and white shirt",
      "true_count_class": 2,
      "pred_count_class": 2,
      "gt_candidate_indices": [
        0,
        2
      ],
      "pred_candidate_indices": [
        0,
        2
      ],
      "num_predictions": 2,
      "num_targets": 2,
      "precision": 1.0,
      "recall": 1.0,
      "f1": 1.0,
      "exact": 1.0
    },
    {
      "sample_id": "0000003",
      "image_id": 839,
      "file_name": "COCO_train2014_000000000839.jpg",
      "target_type": "multi-target",
      "expression": "blue cshirt and falling",
      "true_count_class": 2,
      "pred_count_class": 2,
      "gt_candidate_indices": [
        0,
        2
      ],
      "pred_candidate_indices": [
        0,
        2
      ],
      "num_predictions": 2,