{
  "feature_file": "cache/features/stage5/siglip2_detector_testB.pt",
  "checkpoint": "checkpoints/stage6/confirmation/membership_only_seed1/selected.pt",
  "clip_model": "none",
  "feature_dim": 768,
  "candidate_feature_dim": 768,
  "text_feature_dim": 768,
  "representation": {
    "name": "siglip2",
    "model_ids": {
      "siglip2": "google/siglip2-base-patch16-224"
    },
    "candidate_feature_dim": 768,
    "text_feature_dim": 768,
    "component_normalization": {
      "siglip2_image": "l2",
      "siglip2_text": "l2"
    },
    "fusion": "none",
    "similarity_source": "normalized SigLIP 2 image/text embeddings",
    "encoder_parameters": {
      "siglip2": {
        "total": 375187970,
        "trainable": 0
      }
    }
  },
  "device": "cuda",
  "batch_size": 128,
  "selection_policy": "membership-only",
  "pre_nms_threshold": null,
  "membership_threshold": 0.4,
  "count_logit_bias": [
    0.0,
    0.0,
    0.0,
    0.0
  ],
  "config": {
    "match_threshold": 0.5,
    "overlap_metric": "giou",
    "prediction_score_threshold": null,
    "image_f1_threshold": 1.0
  },
  "official": {
    "F1_score": 0.2855008404407645,
    "T_acc": 0.8047410008779631,
    "N_acc": 0.7245880590627006
  },
  "diagnostics": {
    "num_samples": 16063,
    "mean_precision": 0.4512321926387626,
    "mean_recall": 0.6561333274416146,
    "mean_f1": 0.4869702680307095,
    "exact_set_accuracy": 0.2855008404407645,
    "cardinality_accuracy": 0.3285189566083546,
    "count_class_accuracy": 0.3864782419224304,
    "count_class_evaluated": 16063,
    "micro_precision": 0.25744889649844444,
    "micro_recall": 0.5781674950764325,
    "micro_f1": 0.3562605642959303,
    "total_tp": 12330,
    "total_fp": 35563,
    "total_fn": 8996,
    "no_target_total": 4673,
    "no_target_accuracy": 0.7245880590627006,
    "false_grounding_rate": 0.27541194093729937,
    "single_target_total": 5646,
    "single_target_localization_accuracy": 0.608218207580588,
    "single_target_exact_accuracy": 0.15887353878852284,
    "multi_target_total": 5744,
    "multi_target_mean_f1": 0.4215500486115989,
    "multi_target_exact_accuracy": 0.052750696378830085
  },
  "by_target_type": {
    "no-target": {
      "num_samples": 4673,
      "mean_precision": 0.7245880590627006,
      "mean_recall": 0.7245880590627006,
      "mean_f1": 0.7245880590627006,
      "exact_set_accuracy": 0.7245880590627006,
      "cardinality_accuracy": 0.7245880590627006,
      "count_class_accuracy": 0.7245880590627006,
      "count_class_evaluated": 4673,
      "micro_precision": 0.0,
      "micro_recall": 0.0,
      "micro_f1": 0.0,
      "total_tp": 0,
      "total_fp": 3891,
      "total_fn": 0
    },
    "single-target": {
      "num_samples": 5646,
      "mean_precision": 0.29340204071375875,
      "mean_recall": 0.608218207580588,
      "mean_f1": 0.35685794122427156,
      "exact_set_accuracy": 0.15887353878852284,
      "cardinality_accuracy": 0.2077577045696068,
      "count_class_accuracy": 0.2077577045696068,
      "count_class_evaluated": 5646,
      "micro_precision": 0.2404930317249107,
      "micro_recall": 0.608218207580588,
      "micro_f1": 0.3446925972396487,
      "total_tp": 3434,
      "total_fp": 10845,
      "total_fn": 2212
    },
    "multi-target": {
      "num_samples": 5744,
      "mean_precision": 0.3839823796111874,
      "mean_recall": 0.6475399788813767,
      "mean_f1": 0.4215500486115989,
      "exact_set_accuracy": 0.052750696378830085,
      "cardinality_accuracy": 0.125,
      "count_class_accuracy": 0.28708217270194986,
      "count_class_evaluated": 5744,
      "micro_precision": 0.2992968408303334,
      "micro_recall": 0.5673469387755102,
      "micro_f1": 0.39186837874149283,
      "total_tp": 8896,
      "total_fp": 20827,
      "total_fn": 6784
    }
  },
  "by_count_group": {
    "0": {
      "num_samples": 4673,
      "mean_precision": 0.7245880590627006,
      "mean_recall": 0.7245880590627006,
      "mean_f1": 0.7245880590627006,
      "exact_set_accuracy": 0.7245880590627006,
      "cardinality_accuracy": 0.7245880590627006,
      "count_class_accuracy": 0.7245880590627006,
      "count_class_evaluated": 4673,
      "micro_precision": 0.0,
      "micro_recall": 0.0,
      "micro_f1": 0.0,
      "total_tp": 0,
      "total_fp": 3891,
      "total_fn": 0
    },
    "1": {
      "num_samples": 5646,
      "mean_precision": 0.29340204071375875,
      "mean_recall": 0.608218207580588,
      "mean_f1": 0.35685794122427156,
      "exact_set_accuracy": 0.15887353878852284,
      "cardinality_accuracy": 0.2077577045696068,
      "count_class_accuracy": 0.2077577045696068,
      "count_class_evaluated": 5646,
      "micro_precision": 0.2404930317249107,
      "micro_recall": 0.608218207580588,
      "micro_f1": 0.3446925972396487,
      "total_tp": 3434,
      "total_fp": 10845,
      "total_fn": 2212
    },
    "2": {
      "num_samples": 3957,
      "mean_precision": 0.3749088767009148,
      "mean_recall": 0.7235279251958554,
      "mean_f1": 0.44365696578365627,
      "exact_set_accuracy": 0.06722264341672984,
      "cardinality_accuracy": 0.1379833206974981,
      "count_class_accuracy": 0.1379833206974981,
      "count_class_evaluated": 3957,
      "micro_precision": 0.2784613140106016,
      "micro_recall": 0.7235279251958554,
      "micro_f1": 0.40214910278470345,
      "total_tp": 5726,
      "total_fp": 14837,
      "total_fn": 2188
    },
    "3+": {
      "num_samples": 1787,
      "mean_precision": 0.4040740701629212,
      "mean_recall": 0.4792779175683484,
      "mean_f1": 0.3725981340901531,
      "exact_set_accuracy": 0.020705092333519866,
      "cardinality_accuracy": 0.09625069949636261,
      "count_class_accuracy": 0.61723559037493,
      "count_class_evaluated": 1787,
      "micro_precision": 0.3460698689956332,
      "micro_recall": 0.4081895441668813,
      "micro_f1": 0.37457166489424554,
      "total_tp": 3170,
      "total_fp": 5990,
      "total_fn": 4596
    }
  },
  "examples": [
    {
      "sample_id": "0000000",
      "image_id": 154,
      "file_name": "COCO_train2014_000000000154.jpg",
      "target_type": "multi-target",
      "expression": "three zebras standing on the savannah.",
      "true_count_class": 3,
      "pred_count_class": 3,
      "gt_candidate_indices": [
        0,
        1,
        2,
        3
      ],
      "pred_candidate_indices": [
        0,
        1,
        3
      ],
      "num_predictions": 3,
      "num_targets": 3,
      "precision": 0.6666666666666666,
      "recall": 0.6666666666666666,
      "f1": 0.6666666666666666,
      "exact": 0.0
    },
    {
      "sample_id": "0000001",
      "image_id": 154,
      "file_name": "COCO_train2014_000000000154.jpg",
      "target_type": "multi-target",
      "expression": "a trio of zebras positioned on the grassland.",
      "true_count_class": 3,
      "pred_count_class": 3,
      "gt_candidate_indices": [
        0,
        1,
        2,
        3
      ],
      "pred_candidate_indices": [
        0,
        1,
        2,
        3
      ],
      "num_predictions": 4,
      "num_targets": 3,
      "precision": 0.75,
      "recall": 1.0,
      "f1": 0.8571428571428571,
      "exact": 0.0
    },
    {
      "sample_id": "0000002",
      "image_id": 154,
      "file_name": "COCO_train2014_000000000154.jpg",
      "target_type": "multi-target",
      "expression": "there are three zebras standing in the prairie.",
      "true_count_class": 3,
      "pred_count_class": 3,
      "gt_candidate_indices": [
        0,
        1,
        2,
        3
      ],
      "pred_candidate_indices": [
        0,
        1,
        3
      ],
      "num_predictions": 3,
      "num_targets": 3,
      "precision": 0.6666666666666666,
      "recall": 0.6666666666666666,
      "f1": 0.6666666666666666,
      "exact": 0.0
    },
    {
      "sample_id": "0000003",
      "image_id": 154,
      "file_name": "COCO_train2014_000000000154.jpg",
      "target_type": "multi-target",