{
  "feature_file": "cache/features/clip_testA.pt",
  "checkpoint": "checkpoints/clip_baseline_1pct_weighted_w15/best.pt",
  "clip_model": "ViT-B/32",
  "feature_dim": 512,
  "device": "cuda",
  "batch_size": 64,
  "inference_rule": "Predicted count class selects top-k membership logits. Count class 0 selects no boxes; 1 selects top-1; 2 selects top-2; 3 selects top-3.",
  "overall": {
    "num_samples": 19200,
    "count_accuracy": 0.5919270833333333,
    "mean_precision": 0.46901041666666665,
    "mean_recall": 0.4223107420646472,
    "mean_f1": 0.4312011015604824,
    "exact_set_accuracy": 0.2813541666666667,
    "micro_precision": 0.49245953414923016,
    "micro_recall": 0.42156133828996284,
    "micro_f1": 0.4542607428987619,
    "total_tp": 12474,
    "total_fp": 12856,
    "total_fn": 17116,
    "no_target_total": 4448,
    "no_target_accuracy": 0.31339928057553956,
    "false_grounding_rate": 0.6866007194244604,
    "single_target_total": 5917,
    "single_target_exact_accuracy": 0.28223762041575123,
    "multi_target_total": 8835,
    "multi_target_exact_accuracy": 0.2646293152235427
  },
  "by_target_type": {
    "multi-target": {
      "num_samples": 8835,
      "count_accuracy": 0.5925297113752123,
      "mean_precision": 0.6480475382003396,
      "mean_recall": 0.5221693545717329,
      "mean_f1": 0.5577507432515989,
      "exact_set_accuracy": 0.2646293152235427,
      "micro_precision": 0.6666024034445087,
      "micro_recall": 0.43817851560849913,
      "micro_f1": 0.5287760615792425,
      "total_tp": 10373,
      "total_fp": 5188,
      "total_fn": 13300,
      "no_target_total": 0,
      "no_target_accuracy": 0.0,
      "false_grounding_rate": 0.0,
      "single_target_total": 0,
      "single_target_exact_accuracy": 0.0,
      "multi_target_total": 8835,
      "multi_target_exact_accuracy": 0.2646293152235427
    },
    "no-target": {
      "num_samples": 4448,
      "count_accuracy": 0.31339928057553956,
      "mean_precision": 0.31339928057553956,
      "mean_recall": 0.31339928057553956,
      "mean_f1": 0.31339928057553956,
      "exact_set_accuracy": 0.31339928057553956,
      "micro_precision": 0.0,
      "micro_recall": 0.0,
      "micro_f1": 0.0,
      "total_tp": 0,
      "total_fp": 3649,
      "total_fn": 0,
      "no_target_total": 4448,
      "no_target_accuracy": 0.31339928057553956,
      "false_grounding_rate": 0.6866007194244604,
      "single_target_total": 0,
      "single_target_exact_accuracy": 0.0,
      "multi_target_total": 0,
      "multi_target_exact_accuracy": 0.0
    },
    "single-target": {
      "num_samples": 5917,
      "count_accuracy": 0.8004056109514956,
      "mean_precision": 0.31865810376880177,
      "mean_recall": 0.3550785871218523,
      "mean_f1": 0.3307982648864876,
      "exact_set_accuracy": 0.28223762041575123,
      "micro_precision": 0.34330065359477124,
      "micro_recall": 0.3550785871218523,
      "micro_f1": 0.3490903048932458,
      "total_tp": 2101,
      "total_fp": 4019,
      "total_fn": 3816,
      "no_target_total": 0,
      "no_target_accuracy": 0.0,
      "false_grounding_rate": 0.0,
      "single_target_total": 5917,
      "single_target_exact_accuracy": 0.28223762041575123,
      "multi_target_total": 0,
      "multi_target_exact_accuracy": 0.0
    }
  },
  "examples": [
    {
      "sample_id": "0000000",
      "image_id": 839,
      "file_name": "COCO_train2014_000000000839.jpg",
      "target_type": "multi-target",
      "expression": "blue shirt and a frisbee",
      "true_count_class": 2,
      "pred_count_class": 2,
      "gt_candidate_indices": [
        1,
        2
      ],
      "pred_candidate_indices": [
        0,
        2
      ],
      "precision": 0.5,
      "recall": 0.5,
      "f1": 0.5,
      "exact": 0.0
    },
    {
      "sample_id": "0000001",
      "image_id": 839,
      "file_name": "COCO_train2014_000000000839.jpg",
      "target_type": "multi-target",
      "expression": "blue shirt and frisbee",
      "true_count_class": 2,
      "pred_count_class": 2,
      "gt_candidate_indices": [
        1,
        2
      ],
      "pred_candidate_indices": [
        0,
        2
      ],
      "precision": 0.5,
      "recall": 0.5,
      "f1": 0.5,
      "exact": 0.0
    },
    {
      "sample_id": "0000002",
      "image_id": 839,
      "file_name": "COCO_train2014_000000000839.jpg",
      "target_type": "multi-target",
      "expression": "blue shirt and white shirt",
      "true_count_class": 2,
      "pred_count_class": 2,
      "gt_candidate_indices": [
        0,
        2
      ],
      "pred_candidate_indices": [
        0,
        2
      ],
      "precision": 1.0,
      "recall": 1.0,
      "f1": 1.0,
      "exact": 1.0
    },
    {
      "sample_id": "0000003",
      "image_id": 839,
      "file_name": "COCO_train2014_000000000839.jpg",
      "target_type": "multi-target",
      "expression": "blue cshirt and falling",
      "true_count_class": 2,
      "pred_count_class": 2,
      "gt_candidate_indices": [
        0,
        2
      ],
      "pred_candidate_indices": [
        0,
        2
      ],
      "precision": 1.0,
      "recall": 1.0,
      "f1": 1.0,
      "exact": 1.0
    },
    {
      "sample_id": "0000004",
      "image_id": 839,
      "file_name": "COCO_train2014_000000000839.jpg",
      "target_type": "multi-target",
      "expression": "guy flopping around on the right and person on left",
      "true_count_class": 2,
      "pred_count_class": 2,
      "gt_candidate_indices": [
        0,
        2
      ],
      "pred_candidate_indices": [
        0,
        2
      ],
      "precision": 1.0,
      "recall": 1.0,
      "f1": 1.0,
      "exact": 1.0
    },
    {
      "sample_id": "0000005",
      "image_id": 839,
      "file_name": "COCO_train2014_000000000839.jpg",
      "target_type": "multi-target",
      "expression": "guy flopping around on the right and person on the left",
      "true_count_class": 2,
      "pred_count_class": 2,
      "gt_candidate_indices": [
        0,
        2
      ],
      "pred_candidate_indices": [
        0,
        2
      ],
      "precision": 1.0,
      "recall": 1.0,
      "f1": 1.0,
      "exact": 1.0
    },
    {
      "sample_id": "0000006",
      "image_id": 839,
      "file_name": "COCO_train2014_000000000839.jpg",
      "target_type": "multi-target",
      "expression": "person on left and falling",
      "true_count_class": 2,
      "pred_count_class": 2,
      "gt_candidate_indices": [
        0,
        2
      ],
      "pred_candidate_indices": [
        0,
        2
      ],
      "precision": 1.0,
      "recall": 1.0,
      "f1": 1.0,
      "exact": 1.0
    },
    {
      "sample_id": "0000007",
      "image_id": 839,
      "file_name": "COCO_train2014_000000000839.jpg",
      "target_type": "multi-target",
      "expression": "blue cshirt and falling",
      "true_count_class": 2,
      "pred_count_class": 2,
      "gt_candidate_indices": [
        0,
        2
      ],
      "pred_candidate_indices": [
        0,
        2
      ],
      "precision": 1.0,
      "recall": 1.0,
      "f1": 1.0,
      "exact": 1.0
    },
    {
      "sample_id": "0000008",
      "image_id": 839,
      "file_name": "COCO_train2014_000000000839.jpg",
      "target_type": "multi-target",
      "expression": "two individuals and a flying disc.",
      "true_count_class": 3,
      "pred_count_class": 2,
      "gt_candidate_indices": [
        0,
        1,
        2
      ],
      "pred_candidate_indices": [
        0,
        2
      ],
      "precision": 1.0,
      "recall": 0.6666666666666666,
      "f1": 0.8,
      "exact": 0.0
    },
    {
      "sample_id": "0000009",
      "image_id": 839,
      "file_name": "COCO_train2014_000000000839.jpg",
      "target_type": "multi-target",
      "expression": "a pair of people and a frisbee.",
      "true_count_class": 3,
      "pred_count_class": 2,
      "gt_candidate_indices": [
        0,
        1,
        2
      ],