{
  "feature_file": "cache/features/clip_testB.pt",
  "checkpoint": "checkpoints/clip_baseline_1pct_weighted_w15/best.pt",
  "clip_model": "ViT-B/32",
  "feature_dim": 512,
  "device": "cuda",
  "batch_size": 64,
  "inference_rule": "Predicted count class selects top-k membership logits. Count class 0 selects no boxes; 1 selects top-1; 2 selects top-2; 3 selects top-3.",
  "overall": {
    "num_samples": 16063,
    "count_accuracy": 0.5099296519952686,
    "mean_precision": 0.391801033430866,
    "mean_recall": 0.36358061239154377,
    "mean_f1": 0.36551430491385895,
    "exact_set_accuracy": 0.25225673908983376,
    "micro_precision": 0.4232306861156132,
    "micro_recall": 0.367345024852293,
    "micro_f1": 0.3933125815844965,
    "total_tp": 7834,
    "total_fp": 10676,
    "total_fn": 13492,
    "no_target_total": 4673,
    "no_target_accuracy": 0.3231328910763963,
    "false_grounding_rate": 0.6768671089236037,
    "single_target_total": 5646,
    "single_target_exact_accuracy": 0.187743535246192,
    "multi_target_total": 5744,
    "multi_target_exact_accuracy": 0.258008356545961
  },
  "by_target_type": {
    "multi-target": {
      "num_samples": 5744,
      "count_accuracy": 0.5967966573816156,
      "mean_precision": 0.6078516713091922,
      "mean_recall": 0.4885437633783729,
      "mean_f1": 0.520877950295607,
      "exact_set_accuracy": 0.258008356545961,
      "micro_precision": 0.6417166683616394,
      "micro_recall": 0.4024234693877551,
      "micro_f1": 0.49464978638341234,
      "total_tp": 6310,
      "total_fp": 3523,
      "total_fn": 9370,
      "no_target_total": 0,
      "no_target_accuracy": 0.0,
      "false_grounding_rate": 0.0,
      "single_target_total": 0,
      "single_target_exact_accuracy": 0.0,
      "multi_target_total": 5744,
      "multi_target_exact_accuracy": 0.258008356545961
    },
    "no-target": {
      "num_samples": 4673,
      "count_accuracy": 0.3231328910763963,
      "mean_precision": 0.3231328910763963,
      "mean_recall": 0.3231328910763963,
      "mean_f1": 0.3231328910763963,
      "exact_set_accuracy": 0.3231328910763963,
      "micro_precision": 0.0,
      "micro_recall": 0.0,
      "micro_f1": 0.0,
      "total_tp": 0,
      "total_fp": 3626,
      "total_fn": 0,
      "no_target_total": 4673,
      "no_target_accuracy": 0.3231328910763963,
      "false_grounding_rate": 0.6768671089236037,
      "single_target_total": 0,
      "single_target_exact_accuracy": 0.0,
      "multi_target_total": 0,
      "multi_target_exact_accuracy": 0.0
    },
    "single-target": {
      "num_samples": 5646,
      "count_accuracy": 0.5761601133545873,
      "mean_precision": 0.22883457314913214,
      "mean_recall": 0.26992561105207225,
      "mean_f1": 0.24253158578344533,
      "exact_set_accuracy": 0.187743535246192,
      "micro_precision": 0.30172243120174225,
      "micro_recall": 0.26992561105207225,
      "micro_f1": 0.2849397027203889,
      "total_tp": 1524,
      "total_fp": 3527,
      "total_fn": 4122,
      "no_target_total": 0,
      "no_target_accuracy": 0.0,
      "false_grounding_rate": 0.0,
      "single_target_total": 5646,
      "single_target_exact_accuracy": 0.187743535246192,
      "multi_target_total": 0,
      "multi_target_exact_accuracy": 0.0
    }
  },
  "examples": [
    {
      "sample_id": "0000000",
      "image_id": 154,
      "file_name": "COCO_train2014_000000000154.jpg",
      "target_type": "multi-target",
      "expression": "three zebras standing on the savannah.",
      "true_count_class": 3,
      "pred_count_class": 2,
      "gt_candidate_indices": [
        0,
        1,
        2
      ],
      "pred_candidate_indices": [
        0,
        1
      ],
      "precision": 1.0,
      "recall": 0.6666666666666666,
      "f1": 0.8,
      "exact": 0.0
    },
    {
      "sample_id": "0000001",
      "image_id": 154,
      "file_name": "COCO_train2014_000000000154.jpg",
      "target_type": "multi-target",
      "expression": "a trio of zebras positioned on the grassland.",
      "true_count_class": 3,
      "pred_count_class": 2,
      "gt_candidate_indices": [
        0,
        1,
        2
      ],
      "pred_candidate_indices": [
        0,
        1
      ],
      "precision": 1.0,
      "recall": 0.6666666666666666,
      "f1": 0.8,
      "exact": 0.0
    },
    {
      "sample_id": "0000002",
      "image_id": 154,
      "file_name": "COCO_train2014_000000000154.jpg",
      "target_type": "multi-target",
      "expression": "there are three zebras standing in the prairie.",
      "true_count_class": 3,
      "pred_count_class": 2,
      "gt_candidate_indices": [
        0,
        1,
        2
      ],
      "pred_candidate_indices": [
        0,
        1
      ],
      "precision": 1.0,
      "recall": 0.6666666666666666,
      "f1": 0.8,
      "exact": 0.0
    },
    {
      "sample_id": "0000003",
      "image_id": 154,
      "file_name": "COCO_train2014_000000000154.jpg",
      "target_type": "multi-target",
      "expression": "three zebras, all stationary on the grassy plain.",
      "true_count_class": 3,
      "pred_count_class": 2,
      "gt_candidate_indices": [
        0,
        1,
        2
      ],
      "pred_candidate_indices": [
        0,
        1
      ],
      "precision": 1.0,
      "recall": 0.6666666666666666,
      "f1": 0.8,
      "exact": 0.0
    },
    {
      "sample_id": "0000004",
      "image_id": 154,
      "file_name": "COCO_train2014_000000000154.jpg",
      "target_type": "multi-target",
      "expression": "all striped equines",
      "true_count_class": 3,
      "pred_count_class": 2,
      "gt_candidate_indices": [
        0,
        1,
        2
      ],
      "pred_candidate_indices": [
        0,
        1
      ],
      "precision": 1.0,
      "recall": 0.6666666666666666,
      "f1": 0.8,
      "exact": 0.0
    },
    {
      "sample_id": "0000005",
      "image_id": 154,
      "file_name": "COCO_train2014_000000000154.jpg",
      "target_type": "multi-target",
      "expression": "the zebra in the front cloest to us and the zebra in the far background",
      "true_count_class": 2,
      "pred_count_class": 2,
      "gt_candidate_indices": [
        0,
        2
      ],
      "pred_candidate_indices": [
        0,
        1
      ],
      "precision": 0.5,
      "recall": 0.5,
      "f1": 0.5,
      "exact": 0.0
    },
    {
      "sample_id": "0000006",
      "image_id": 154,
      "file_name": "COCO_train2014_000000000154.jpg",
      "target_type": "single-target",
      "expression": "zebra in the middle",
      "true_count_class": 1,
      "pred_count_class": 0,
      "gt_candidate_indices": [
        1
      ],
      "pred_candidate_indices": [],
      "precision": 0.0,
      "recall": 0.0,
      "f1": 0.0,
      "exact": 0.0
    },
    {
      "sample_id": "0000007",
      "image_id": 154,
      "file_name": "COCO_train2014_000000000154.jpg",
      "target_type": "single-target",
      "expression": "giraffe in the middle",
      "true_count_class": 1,
      "pred_count_class": 0,
      "gt_candidate_indices": [
        1
      ],
      "pred_candidate_indices": [],
      "precision": 0.0,
      "recall": 0.0,
      "f1": 0.0,
      "exact": 0.0
    },
    {
      "sample_id": "0000008",
      "image_id": 154,
      "file_name": "COCO_train2014_000000000154.jpg",
      "target_type": "single-target",
      "expression": "middle zebra",
      "true_count_class": 1,
      "pred_count_class": 1,
      "gt_candidate_indices": [
        1
      ],
      "pred_candidate_indices": [
        0
      ],
      "precision": 0.0,
      "recall": 0.0,
      "f1": 0.0,
      "exact": 0.0
    },
    {
      "sample_id": "0000009",
      "image_id": 154,
      "file_name": "COCO_train2014_000000000154.jpg",
      "target_type": "single-target",
      "expression": "mid zebra",
      "true_count_class": 1,
      "pred_count_class": 1,
      "gt_candidate_indices": [
        1
      ],