{
  "feature_file": "cache/features/stage5/clip_detector_testA.pt",
  "checkpoint": "checkpoints/stage5/clip_5pct_seed1/last.pt",
  "clip_model": "ViT-B/32",
  "feature_dim": 512,
  "candidate_feature_dim": 512,
  "text_feature_dim": 512,
  "representation": {
    "name": "clip",
    "model_ids": {
      "clip": "ViT-B/32"
    },
    "candidate_feature_dim": 512,
    "text_feature_dim": 512,
    "component_normalization": {
      "clip_image": "l2",
      "clip_text": "l2"
    },
    "fusion": "none",
    "encoder_parameters": {
      "clip": {
        "total": 151277313,
        "trainable": 0
      }
    }
  },
  "device": "cuda",
  "batch_size": 64,
  "selection_policy": "cardinality-threshold",
  "membership_threshold": 0.5,
  "config": {
    "match_threshold": 0.5,
    "overlap_metric": "giou",
    "prediction_score_threshold": null,
    "image_f1_threshold": 1.0
  },
  "official": {
    "F1_score": 0.3069791666666667,
    "T_acc": 0.9366865509761388,
    "N_acc": 0.5368705035971223
  },
  "diagnostics": {
    "num_samples": 19200,
    "mean_precision": 0.4918333183020685,
    "mean_recall": 0.4518532710056115,
    "mean_f1": 0.45998039157023196,
    "exact_set_accuracy": 0.3069791666666667,
    "cardinality_accuracy": 0.6554166666666666,
    "count_class_accuracy": 0.6571354166666666,
    "count_class_evaluated": 19200,
    "micro_precision": 0.47547526952514196,
    "micro_recall": 0.3905035484961136,
    "micro_f1": 0.4288206041713056,
    "total_tp": 11555,
    "total_fp": 12747,
    "total_fn": 18035,
    "no_target_total": 4448,
    "no_target_accuracy": 0.5368705035971223,
    "false_grounding_rate": 0.4631294964028777,
    "single_target_total": 5917,
    "single_target_localization_accuracy": 0.3631908061517661,
    "single_target_exact_accuracy": 0.3140104782829136,
    "multi_target_total": 8835,
    "multi_target_mean_f1": 0.49707113957539034,
    "multi_target_exact_accuracy": 0.18653084323712507
  },
  "by_target_type": {
    "no-target": {
      "num_samples": 4448,
      "mean_precision": 0.5368705035971223,
      "mean_recall": 0.5368705035971223,
      "mean_f1": 0.5368705035971223,
      "exact_set_accuracy": 0.5368705035971223,
      "cardinality_accuracy": 0.5368705035971223,
      "count_class_accuracy": 0.5368705035971223,
      "count_class_evaluated": 4448,
      "micro_precision": 0.0,
      "micro_recall": 0.0,
      "micro_f1": 0.0,
      "total_tp": 0,
      "total_fp": 2499,
      "total_fn": 0
    },
    "single-target": {
      "num_samples": 5917,
      "mean_precision": 0.3386006422173399,
      "mean_recall": 0.3631908061517661,
      "mean_f1": 0.3467973635288168,
      "exact_set_accuracy": 0.3140104782829136,
      "cardinality_accuracy": 0.7900963326009802,
      "count_class_accuracy": 0.7900963326009802,
      "count_class_evaluated": 5917,
      "micro_precision": 0.37688530340231496,
      "micro_recall": 0.3631908061517661,
      "micro_f1": 0.3699113520957053,
      "total_tp": 2149,
      "total_fp": 3553,
      "total_fn": 3768
    },
    "multi-target": {
      "num_samples": 8835,
      "mean_precision": 0.5717826498471655,
      "mean_recall": 0.4684304248226161,
      "mean_f1": 0.49707113957539034,
      "exact_set_accuracy": 0.18653084323712507,
      "cardinality_accuracy": 0.6249009620826259,
      "count_class_accuracy": 0.6286361063950198,
      "count_class_evaluated": 8835,
      "micro_precision": 0.5841873175579156,
      "micro_recall": 0.3973302918937186,
      "micro_f1": 0.47297229345803793,
      "total_tp": 9406,
      "total_fp": 6695,
      "total_fn": 14267
    }
  },
  "by_count_group": {
    "0": {
      "num_samples": 4448,
      "mean_precision": 0.5368705035971223,
      "mean_recall": 0.5368705035971223,
      "mean_f1": 0.5368705035971223,
      "exact_set_accuracy": 0.5368705035971223,
      "cardinality_accuracy": 0.5368705035971223,
      "count_class_accuracy": 0.5368705035971223,
      "count_class_evaluated": 4448,
      "micro_precision": 0.0,
      "micro_recall": 0.0,
      "micro_f1": 0.0,
      "total_tp": 0,
      "total_fp": 2499,
      "total_fn": 0
    },
    "1": {
      "num_samples": 5917,
      "mean_precision": 0.3386006422173399,
      "mean_recall": 0.3631908061517661,
      "mean_f1": 0.3467973635288168,
      "exact_set_accuracy": 0.3140104782829136,
      "cardinality_accuracy": 0.7900963326009802,
      "count_class_accuracy": 0.7900963326009802,
      "count_class_evaluated": 5917,
      "micro_precision": 0.37688530340231496,
      "micro_recall": 0.3631908061517661,
      "micro_f1": 0.3699113520957053,
      "total_tp": 2149,
      "total_fp": 3553,
      "total_fn": 3768
    },
    "2": {
      "num_samples": 5940,
      "mean_precision": 0.5724747474747475,
      "mean_recall": 0.5564814814814815,
      "mean_f1": 0.5618125701459019,
      "exact_set_accuracy": 0.2764309764309764,
      "cardinality_accuracy": 0.9249158249158249,
      "count_class_accuracy": 0.9249158249158249,
      "count_class_evaluated": 5940,
      "micro_precision": 0.5843203111189677,
      "micro_recall": 0.5564814814814815,
      "micro_f1": 0.5700612227300164,
      "total_tp": 6611,
      "total_fp": 4703,
      "total_fn": 5269
    },
    "3+": {
      "num_samples": 2895,
      "mean_precision": 0.5703625946112991,
      "mean_recall": 0.28776608058991626,
      "mean_f1": 0.36423380016643625,
      "exact_set_accuracy": 0.002072538860103627,
      "cardinality_accuracy": 0.00932642487046632,
      "count_class_accuracy": 0.02072538860103627,
      "count_class_evaluated": 2895,
      "micro_precision": 0.5838729893461458,
      "micro_recall": 0.23700500296786228,
      "micro_f1": 0.33715319662243665,
      "total_tp": 2795,
      "total_fp": 1992,
      "total_fn": 8998
    }
  },
  "examples": [
    {
      "sample_id": "0000000",
      "image_id": 839,
      "file_name": "COCO_train2014_000000000839.jpg",
      "target_type": "multi-target",
      "expression": "blue shirt and a frisbee",
      "true_count_class": 2,
      "pred_count_class": 2,
      "gt_candidate_indices": [
        0,
        1
      ],
      "pred_candidate_indices": [
        0,
        2
      ],
      "num_predictions": 2,
      "num_targets": 2,
      "precision": 0.5,
      "recall": 0.5,
      "f1": 0.5,
      "exact": 0.0
    },
    {
      "sample_id": "0000001",
      "image_id": 839,
      "file_name": "COCO_train2014_000000000839.jpg",
      "target_type": "multi-target",
      "expression": "blue shirt and frisbee",
      "true_count_class": 2,
      "pred_count_class": 2,
      "gt_candidate_indices": [
        0,
        1
      ],
      "pred_candidate_indices": [
        0,
        2
      ],
      "num_predictions": 2,
      "num_targets": 2,
      "precision": 0.5,
      "recall": 0.5,
      "f1": 0.5,
      "exact": 0.0
    },
    {
      "sample_id": "0000002",
      "image_id": 839,
      "file_name": "COCO_train2014_000000000839.jpg",
      "target_type": "multi-target",
      "expression": "blue shirt and white shirt",
      "true_count_class": 2,
      "pred_count_class": 2,
      "gt_candidate_indices": [
        0,
        2
      ],
      "pred_candidate_indices": [
        0,
        2
      ],
      "num_predictions": 2,
      "num_targets": 2,
      "precision": 1.0,
      "recall": 1.0,
      "f1": 1.0,
      "exact": 1.0
    },
    {
      "sample_id": "0000003",
      "image_id": 839,
      "file_name": "COCO_train2014_000000000839.jpg",
      "target_type": "multi-target",
      "expression": "blue cshirt and falling",
      "true_count_class": 2,
      "pred_count_class": 2,
      "gt_candidate_indices": [
        0,
        2
      ],
      "pred_candidate_indices": [
        0,
        2
      ],
      "num_predictions": 2,
      "num_targets": 2,
      "precision": 1.0,
      "recall": 1.0,
      "f1": 1.0,
      "exact": 1.0
    },
    {
      "sample_id": "0000004",
      "image_id": 839,
      "file_name": "COCO_train2014_000000000839.jpg",