{
  "feature_file": "cache/features/stage5/clip_detector_testB.pt",
  "checkpoint": "checkpoints/stage5/clip_5pct_seed1/last.pt",
  "clip_model": "ViT-B/32",
  "feature_dim": 512,
  "candidate_feature_dim": 512,
  "text_feature_dim": 512,
  "representation": {
    "name": "clip",
    "model_ids": {
      "clip": "ViT-B/32"
    },
    "candidate_feature_dim": 512,
    "text_feature_dim": 512,
    "component_normalization": {
      "clip_image": "l2",
      "clip_text": "l2"
    },
    "fusion": "none",
    "encoder_parameters": {
      "clip": {
        "total": 151277313,
        "trainable": 0
      }
    }
  },
  "device": "cuda",
  "batch_size": 64,
  "selection_policy": "cardinality-threshold",
  "membership_threshold": 0.5,
  "config": {
    "match_threshold": 0.5,
    "overlap_metric": "giou",
    "prediction_score_threshold": null,
    "image_f1_threshold": 1.0
  },
  "official": {
    "F1_score": 0.2817032932826994,
    "T_acc": 0.871729587357331,
    "N_acc": 0.5660175476139525
  },
  "diagnostics": {
    "num_samples": 16063,
    "mean_precision": 0.4059491199829243,
    "mean_recall": 0.38573907813464414,
    "mean_f1": 0.3874994949232972,
    "exact_set_accuracy": 0.2817032932826994,
    "cardinality_accuracy": 0.6116541119342589,
    "count_class_accuracy": 0.6139575421776754,
    "count_class_evaluated": 16063,
    "micro_precision": 0.3491352773269155,
    "micro_recall": 0.2925067992122292,
    "micro_f1": 0.31832214936340675,
    "total_tp": 6238,
    "total_fp": 11629,
    "total_fn": 15088,
    "no_target_total": 4673,
    "no_target_accuracy": 0.5660175476139525,
    "false_grounding_rate": 0.4339824523860475,
    "single_target_total": 5646,
    "single_target_localization_accuracy": 0.25256818986893376,
    "single_target_exact_accuracy": 0.19996457669146298,
    "multi_target_total": 5744,
    "multi_target_mean_f1": 0.39213168296534257,
    "multi_target_exact_accuracy": 0.1307451253481894
  },
  "by_target_type": {
    "no-target": {
      "num_samples": 4673,
      "mean_precision": 0.5660175476139525,
      "mean_recall": 0.5660175476139525,
      "mean_f1": 0.5660175476139525,
      "exact_set_accuracy": 0.5660175476139525,
      "cardinality_accuracy": 0.5660175476139525,
      "count_class_accuracy": 0.5660175476139525,
      "count_class_evaluated": 4673,
      "micro_precision": 0.0,
      "micro_recall": 0.0,
      "micro_f1": 0.0,
      "total_tp": 0,
      "total_fp": 2353,
      "total_fn": 0
    },
    "single-target": {
      "num_samples": 5646,
      "mean_precision": 0.22626638328019838,
      "mean_recall": 0.25256818986893376,
      "mean_f1": 0.23503365214311012,
      "exact_set_accuracy": 0.19996457669146298,
      "cardinality_accuracy": 0.6298264257881686,
      "count_class_accuracy": 0.6298264257881686,
      "count_class_evaluated": 5646,
      "micro_precision": 0.27862446268073465,
      "micro_recall": 0.25256818986893376,
      "micro_f1": 0.26495726495726496,
      "total_tp": 1426,
      "total_fp": 3692,
      "total_fn": 4220
    },
    "multi-target": {
      "num_samples": 5744,
      "mean_precision": 0.4523434391165939,
      "mean_recall": 0.3699733307933162,
      "mean_f1": 0.39213168296534257,
      "exact_set_accuracy": 0.1307451253481894,
      "cardinality_accuracy": 0.6309192200557103,
      "count_class_accuracy": 0.6373607242339833,
      "count_class_evaluated": 5744,
      "micro_precision": 0.46287033474413236,
      "micro_recall": 0.3068877551020408,
      "micro_f1": 0.369075011504832,
      "total_tp": 4812,
      "total_fp": 5584,
      "total_fn": 10868
    }
  },
  "by_count_group": {
    "0": {
      "num_samples": 4673,
      "mean_precision": 0.5660175476139525,
      "mean_recall": 0.5660175476139525,
      "mean_f1": 0.5660175476139525,
      "exact_set_accuracy": 0.5660175476139525,
      "cardinality_accuracy": 0.5660175476139525,
      "count_class_accuracy": 0.5660175476139525,
      "count_class_evaluated": 4673,
      "micro_precision": 0.0,
      "micro_recall": 0.0,
      "micro_f1": 0.0,
      "total_tp": 0,
      "total_fp": 2353,
      "total_fn": 0
    },
    "1": {
      "num_samples": 5646,
      "mean_precision": 0.22626638328019838,
      "mean_recall": 0.25256818986893376,
      "mean_f1": 0.23503365214311012,
      "exact_set_accuracy": 0.19996457669146298,
      "cardinality_accuracy": 0.6298264257881686,
      "count_class_accuracy": 0.6298264257881686,
      "count_class_evaluated": 5646,
      "micro_precision": 0.27862446268073465,
      "micro_recall": 0.25256818986893376,
      "micro_f1": 0.26495726495726496,
      "total_tp": 1426,
      "total_fp": 3692,
      "total_fn": 4220
    },
    "2": {
      "num_samples": 3957,
      "mean_precision": 0.4580490270406874,
      "mean_recall": 0.44111700783421787,
      "mean_f1": 0.44676101423637543,
      "exact_set_accuracy": 0.18953752843062927,
      "cardinality_accuracy": 0.9115491533990396,
      "count_class_accuracy": 0.9115491533990396,
      "count_class_evaluated": 3957,
      "micro_precision": 0.4673360107095047,
      "micro_recall": 0.44111700783421787,
      "micro_f1": 0.45384815392615707,
      "total_tp": 3491,
      "total_fp": 3979,
      "total_fn": 4423
    },
    "3+": {
      "num_samples": 1787,
      "mean_precision": 0.43970940922535784,
      "mean_recall": 0.2124380593602746,
      "mean_f1": 0.2711645515498492,
      "exact_set_accuracy": 0.0005595970900951316,
      "cardinality_accuracy": 0.009513150531617236,
      "count_class_accuracy": 0.0302182428651371,
      "count_class_evaluated": 1787,
      "micro_precision": 0.4514695830485304,
      "micro_recall": 0.17010043780582024,
      "micro_f1": 0.2471006359895249,
      "total_tp": 1321,
      "total_fp": 1605,
      "total_fn": 6445
    }
  },
  "examples": [
    {
      "sample_id": "0000000",
      "image_id": 154,
      "file_name": "COCO_train2014_000000000154.jpg",
      "target_type": "multi-target",
      "expression": "three zebras standing on the savannah.",
      "true_count_class": 3,
      "pred_count_class": 2,
      "gt_candidate_indices": [
        0,
        1,
        2,
        3
      ],
      "pred_candidate_indices": [
        1,
        3
      ],
      "num_predictions": 2,
      "num_targets": 3,
      "precision": 0.5,
      "recall": 0.3333333333333333,
      "f1": 0.4,
      "exact": 0.0
    },
    {
      "sample_id": "0000001",
      "image_id": 154,
      "file_name": "COCO_train2014_000000000154.jpg",
      "target_type": "multi-target",
      "expression": "a trio of zebras positioned on the grassland.",
      "true_count_class": 3,
      "pred_count_class": 2,
      "gt_candidate_indices": [
        0,
        1,
        2,
        3
      ],
      "pred_candidate_indices": [
        1,
        3
      ],
      "num_predictions": 2,
      "num_targets": 3,
      "precision": 0.5,
      "recall": 0.3333333333333333,
      "f1": 0.4,
      "exact": 0.0
    },
    {
      "sample_id": "0000002",
      "image_id": 154,
      "file_name": "COCO_train2014_000000000154.jpg",
      "target_type": "multi-target",
      "expression": "there are three zebras standing in the prairie.",
      "true_count_class": 3,
      "pred_count_class": 2,
      "gt_candidate_indices": [
        0,
        1,
        2,
        3
      ],
      "pred_candidate_indices": [
        1,
        3
      ],
      "num_predictions": 2,
      "num_targets": 3,
      "precision": 0.5,
      "recall": 0.3333333333333333,
      "f1": 0.4,
      "exact": 0.0
    },
    {
      "sample_id": "0000003",
      "image_id": 154,
      "file_name": "COCO_train2014_000000000154.jpg",
      "target_type": "multi-target",
      "expression": "three zebras, all stationary on the grassy plain.",
      "true_count_class": 3,
      "pred_count_class": 2,
      "gt_candidate_indices": [
        0,
        1,
        2,
        3
      ],
      "pred_candidate_indices": [
        1,
        3
      ],