{
  "feature_file": "cache/features/stage5/clip_detector_testB.pt",
  "checkpoint": "checkpoints/stage5/clip_5pct_seed1/best.pt",
  "clip_model": "ViT-B/32",
  "feature_dim": 512,
  "candidate_feature_dim": 512,
  "text_feature_dim": 512,
  "representation": {
    "name": "clip",
    "model_ids": {
      "clip": "ViT-B/32"
    },
    "candidate_feature_dim": 512,
    "text_feature_dim": 512,
    "component_normalization": {
      "clip_image": "l2",
      "clip_text": "l2"
    },
    "fusion": "none",
    "encoder_parameters": {
      "clip": {
        "total": 151277313,
        "trainable": 0
      }
    }
  },
  "device": "cuda",
  "batch_size": 64,
  "selection_policy": "cardinality-threshold",
  "membership_threshold": 0.5,
  "config": {
    "match_threshold": 0.5,
    "overlap_metric": "giou",
    "prediction_score_threshold": null,
    "image_f1_threshold": 1.0
  },
  "official": {
    "F1_score": 0.3067920064745066,
    "T_acc": 0.40790166812993855,
    "N_acc": 0.9295955488979243
  },
  "diagnostics": {
    "num_samples": 16063,
    "mean_precision": 0.37885202017057834,
    "mean_recall": 0.3748214866265661,
    "mean_f1": 0.3748003366240928,
    "exact_set_accuracy": 0.3067920064745066,
    "cardinality_accuracy": 0.4696507501712009,
    "count_class_accuracy": 0.4696507501712009,
    "count_class_evaluated": 16063,
    "micro_precision": 0.35880815473078936,
    "micro_recall": 0.16093031979743036,
    "micro_f1": 0.2222006409633874,
    "total_tp": 3432,
    "total_fp": 6133,
    "total_fn": 17894,
    "no_target_total": 4673,
    "no_target_accuracy": 0.9295955488979243,
    "false_grounding_rate": 0.07040445110207576,
    "single_target_total": 5646,
    "single_target_localization_accuracy": 0.032235210768685796,
    "single_target_exact_accuracy": 0.005136379737867517,
    "multi_target_total": 5744,
    "multi_target_mean_f1": 0.26904906114080923,
    "multi_target_exact_accuracy": 0.0966225626740947
  },
  "by_target_type": {
    "no-target": {
      "num_samples": 4673,
      "mean_precision": 0.9295955488979243,
      "mean_recall": 0.9295955488979243,
      "mean_f1": 0.9295955488979243,
      "exact_set_accuracy": 0.9295955488979243,
      "cardinality_accuracy": 0.9295955488979243,
      "count_class_accuracy": 0.9295955488979243,
      "count_class_evaluated": 4673,
      "micro_precision": 0.0,
      "micro_recall": 0.0,
      "micro_f1": 0.0,
      "total_tp": 0,
      "total_fp": 513,
      "total_fn": 0
    },
    "single-target": {
      "num_samples": 5646,
      "mean_precision": 0.018685795253276655,
      "mean_recall": 0.032235210768685796,
      "mean_f1": 0.023202267091746408,
      "exact_set_accuracy": 0.005136379737867517,
      "cardinality_accuracy": 0.027807297201558626,
      "count_class_accuracy": 0.027807297201558626,
      "count_class_evaluated": 5646,
      "micro_precision": 0.14119472459270752,
      "micro_recall": 0.032235210768685796,
      "micro_f1": 0.0524873828406633,
      "total_tp": 182,
      "total_fp": 1107,
      "total_fn": 5464
    },
    "multi-target": {
      "num_samples": 5744,
      "mean_precision": 0.28481894150417825,
      "mean_recall": 0.26022937668567875,
      "mean_f1": 0.26904906114080923,
      "exact_set_accuracy": 0.0966225626740947,
      "cardinality_accuracy": 0.5297701949860725,
      "count_class_accuracy": 0.5297701949860725,
      "count_class_evaluated": 5744,
      "micro_precision": 0.4186525827643952,
      "micro_recall": 0.2072704081632653,
      "micro_f1": 0.27726826771317664,
      "total_tp": 3250,
      "total_fp": 4513,
      "total_fn": 12430
    }
  },
  "by_count_group": {
    "0": {
      "num_samples": 4673,
      "mean_precision": 0.9295955488979243,
      "mean_recall": 0.9295955488979243,
      "mean_f1": 0.9295955488979243,
      "exact_set_accuracy": 0.9295955488979243,
      "cardinality_accuracy": 0.9295955488979243,
      "count_class_accuracy": 0.9295955488979243,
      "count_class_evaluated": 4673,
      "micro_precision": 0.0,
      "micro_recall": 0.0,
      "micro_f1": 0.0,
      "total_tp": 0,
      "total_fp": 513,
      "total_fn": 0
    },
    "1": {
      "num_samples": 5646,
      "mean_precision": 0.018685795253276655,
      "mean_recall": 0.032235210768685796,
      "mean_f1": 0.023202267091746408,
      "exact_set_accuracy": 0.005136379737867517,
      "cardinality_accuracy": 0.027807297201558626,
      "count_class_accuracy": 0.027807297201558626,
      "count_class_evaluated": 5646,
      "micro_precision": 0.14119472459270752,
      "micro_recall": 0.032235210768685796,
      "micro_f1": 0.0524873828406633,
      "total_tp": 182,
      "total_fp": 1107,
      "total_fn": 5464
    },
    "2": {
      "num_samples": 3957,
      "mean_precision": 0.32562547384382107,
      "mean_recall": 0.32461460702552436,
      "mean_f1": 0.32495156263162334,
      "exact_set_accuracy": 0.14025777103866566,
      "cardinality_accuracy": 0.7690169320192065,
      "count_class_accuracy": 0.7690169320192065,
      "count_class_evaluated": 3957,
      "micro_precision": 0.42073370455289877,
      "micro_recall": 0.32461460702552436,
      "micro_f1": 0.36647646219686164,
      "total_tp": 2569,
      "total_fp": 3537,
      "total_fn": 5345
    },
    "3+": {
      "num_samples": 1787,
      "mean_precision": 0.1944599888080582,
      "mean_recall": 0.11765950737691112,
      "mean_f1": 0.14526271620563821,
      "exact_set_accuracy": 0.0,
      "cardinality_accuracy": 0.0,
      "count_class_accuracy": 0.0,
      "count_class_evaluated": 1787,
      "micro_precision": 0.41098370549185276,
      "micro_recall": 0.08768993046613444,
      "micro_f1": 0.14453995542820758,
      "total_tp": 681,
      "total_fp": 976,
      "total_fn": 7085
    }
  },
  "examples": [
    {
      "sample_id": "0000000",
      "image_id": 154,
      "file_name": "COCO_train2014_000000000154.jpg",
      "target_type": "multi-target",
      "expression": "three zebras standing on the savannah.",
      "true_count_class": 3,
      "pred_count_class": 2,
      "gt_candidate_indices": [
        0,
        1,
        2,
        3
      ],
      "pred_candidate_indices": [
        1,
        3
      ],
      "num_predictions": 2,
      "num_targets": 3,
      "precision": 0.5,
      "recall": 0.3333333333333333,
      "f1": 0.4,
      "exact": 0.0
    },
    {
      "sample_id": "0000001",
      "image_id": 154,
      "file_name": "COCO_train2014_000000000154.jpg",
      "target_type": "multi-target",
      "expression": "a trio of zebras positioned on the grassland.",
      "true_count_class": 3,
      "pred_count_class": 2,
      "gt_candidate_indices": [
        0,
        1,
        2,
        3
      ],
      "pred_candidate_indices": [
        1,
        3
      ],
      "num_predictions": 2,
      "num_targets": 3,
      "precision": 0.5,
      "recall": 0.3333333333333333,
      "f1": 0.4,
      "exact": 0.0
    },
    {
      "sample_id": "0000002",
      "image_id": 154,
      "file_name": "COCO_train2014_000000000154.jpg",
      "target_type": "multi-target",
      "expression": "there are three zebras standing in the prairie.",
      "true_count_class": 3,
      "pred_count_class": 2,
      "gt_candidate_indices": [
        0,
        1,
        2,
        3
      ],
      "pred_candidate_indices": [
        0,
        1
      ],
      "num_predictions": 2,
      "num_targets": 3,
      "precision": 1.0,
      "recall": 0.6666666666666666,
      "f1": 0.8,
      "exact": 0.0
    },
    {
      "sample_id": "0000003",
      "image_id": 154,
      "file_name": "COCO_train2014_000000000154.jpg",
      "target_type": "multi-target",
      "expression": "three zebras, all stationary on the grassy plain.",
      "true_count_class": 3,
      "pred_count_class": 2,
      "gt_candidate_indices": [
        0,
        1,
        2,
        3
      ],
      "pred_candidate_indices": [
        1,
        3
      ],
      "num_predictions": 2,