{
  "feature_file": "cache/features/stage5/clip_detector_testA.pt",
  "checkpoint": "checkpoints/stage5/clip_5pct_seed1/best.pt",
  "clip_model": "ViT-B/32",
  "feature_dim": 512,
  "candidate_feature_dim": 512,
  "text_feature_dim": 512,
  "representation": {
    "name": "clip",
    "model_ids": {
      "clip": "ViT-B/32"
    },
    "candidate_feature_dim": 512,
    "text_feature_dim": 512,
    "component_normalization": {
      "clip_image": "l2",
      "clip_text": "l2"
    },
    "fusion": "none",
    "encoder_parameters": {
      "clip": {
        "total": 151277313,
        "trainable": 0
      }
    }
  },
  "device": "cuda",
  "batch_size": 64,
  "selection_policy": "cardinality-threshold",
  "membership_threshold": 0.5,
  "config": {
    "match_threshold": 0.5,
    "overlap_metric": "giou",
    "prediction_score_threshold": null,
    "image_f1_threshold": 1.0
  },
  "official": {
    "F1_score": 0.29442708333333334,
    "T_acc": 0.6224918655097614,
    "N_acc": 0.8383543165467626
  },
  "diagnostics": {
    "num_samples": 19200,
    "mean_precision": 0.441328125,
    "mean_recall": 0.41392627901611995,
    "mean_f1": 0.42031526893245613,
    "exact_set_accuracy": 0.29442708333333334,
    "cardinality_accuracy": 0.5347395833333334,
    "count_class_accuracy": 0.5347395833333334,
    "count_class_evaluated": 19200,
    "micro_precision": 0.4978254393803992,
    "micro_recall": 0.28239270023656643,
    "micro_f1": 0.360366576819407,
    "total_tp": 8356,
    "total_fp": 8429,
    "total_fn": 21234,
    "no_target_total": 4448,
    "no_target_accuracy": 0.8383543165467626,
    "false_grounding_rate": 0.1616456834532374,
    "single_target_total": 5917,
    "single_target_localization_accuracy": 0.14179482846036842,
    "single_target_exact_accuracy": 0.10613486564137231,
    "multi_target_total": 8835,
    "multi_target_mean_f1": 0.40434482137368993,
    "multi_target_exact_accuracy": 0.1466893039049236
  },
  "by_target_type": {
    "no-target": {
      "num_samples": 4448,
      "mean_precision": 0.8383543165467626,
      "mean_recall": 0.8383543165467626,
      "mean_f1": 0.8383543165467626,
      "exact_set_accuracy": 0.8383543165467626,
      "cardinality_accuracy": 0.8383543165467626,
      "count_class_accuracy": 0.8383543165467626,
      "count_class_evaluated": 4448,
      "micro_precision": 0.0,
      "micro_recall": 0.0,
      "micro_f1": 0.0,
      "total_tp": 0,
      "total_fp": 995,
      "total_fn": 0
    },
    "single-target": {
      "num_samples": 5917,
      "mean_precision": 0.12396484705087038,
      "mean_recall": 0.14179482846036842,
      "mean_f1": 0.12990817418736933,
      "exact_set_accuracy": 0.10613486564137231,
      "cardinality_accuracy": 0.2940679398343755,
      "count_class_accuracy": 0.2940679398343755,
      "count_class_evaluated": 5917,
      "micro_precision": 0.33776167471819646,
      "micro_recall": 0.14179482846036842,
      "micro_f1": 0.1997381264135222,
      "total_tp": 839,
      "total_fp": 1645,
      "total_fn": 5078
    },
    "multi-target": {
      "num_samples": 8835,
      "mean_precision": 0.45398981324278437,
      "mean_recall": 0.38249966690544185,
      "mean_f1": 0.40434482137368993,
      "exact_set_accuracy": 0.1466893039049236,
      "cardinality_accuracy": 0.5430673457838143,
      "count_class_accuracy": 0.5430673457838143,
      "count_class_evaluated": 8835,
      "micro_precision": 0.5649331128814069,
      "micro_recall": 0.31753474422337685,
      "micro_f1": 0.4065550717975067,
      "total_tp": 7517,
      "total_fp": 5789,
      "total_fn": 16156
    }
  },
  "by_count_group": {
    "0": {
      "num_samples": 4448,
      "mean_precision": 0.8383543165467626,
      "mean_recall": 0.8383543165467626,
      "mean_f1": 0.8383543165467626,
      "exact_set_accuracy": 0.8383543165467626,
      "cardinality_accuracy": 0.8383543165467626,
      "count_class_accuracy": 0.8383543165467626,
      "count_class_evaluated": 4448,
      "micro_precision": 0.0,
      "micro_recall": 0.0,
      "micro_f1": 0.0,
      "total_tp": 0,
      "total_fp": 995,
      "total_fn": 0
    },
    "1": {
      "num_samples": 5917,
      "mean_precision": 0.12396484705087038,
      "mean_recall": 0.14179482846036842,
      "mean_f1": 0.12990817418736933,
      "exact_set_accuracy": 0.10613486564137231,
      "cardinality_accuracy": 0.2940679398343755,
      "count_class_accuracy": 0.2940679398343755,
      "count_class_evaluated": 5917,
      "micro_precision": 0.33776167471819646,
      "micro_recall": 0.14179482846036842,
      "micro_f1": 0.1997381264135222,
      "total_tp": 839,
      "total_fp": 1645,
      "total_fn": 5078
    },
    "2": {
      "num_samples": 5940,
      "mean_precision": 0.47904040404040404,
      "mean_recall": 0.463973063973064,
      "mean_f1": 0.4689955106621765,
      "exact_set_accuracy": 0.21818181818181817,
      "cardinality_accuracy": 0.8077441077441078,
      "count_class_accuracy": 0.8077441077441078,
      "count_class_evaluated": 5940,
      "micro_precision": 0.5546387603139464,
      "micro_recall": 0.463973063973064,
      "micro_f1": 0.5052708772573105,
      "total_tp": 5512,
      "total_fp": 4426,
      "total_fn": 6368
    },
    "3+": {
      "num_samples": 2895,
      "mean_precision": 0.4025906735751295,
      "mean_recall": 0.21533145323300756,
      "mean_f1": 0.27169366614962037,
      "exact_set_accuracy": 0.0,
      "cardinality_accuracy": 0.0,
      "count_class_accuracy": 0.0,
      "count_class_evaluated": 2895,
      "micro_precision": 0.5953087885985748,
      "micro_recall": 0.17001611125243787,
      "micro_f1": 0.2644944264890179,
      "total_tp": 2005,
      "total_fp": 1363,
      "total_fn": 9788
    }
  },
  "examples": [
    {
      "sample_id": "0000000",
      "image_id": 839,
      "file_name": "COCO_train2014_000000000839.jpg",
      "target_type": "multi-target",
      "expression": "blue shirt and a frisbee",
      "true_count_class": 2,
      "pred_count_class": 2,
      "gt_candidate_indices": [
        0,
        1
      ],
      "pred_candidate_indices": [
        0,
        2
      ],
      "num_predictions": 2,
      "num_targets": 2,
      "precision": 0.5,
      "recall": 0.5,
      "f1": 0.5,
      "exact": 0.0
    },
    {
      "sample_id": "0000001",
      "image_id": 839,
      "file_name": "COCO_train2014_000000000839.jpg",
      "target_type": "multi-target",
      "expression": "blue shirt and frisbee",
      "true_count_class": 2,
      "pred_count_class": 2,
      "gt_candidate_indices": [
        0,
        1
      ],
      "pred_candidate_indices": [
        0,
        2
      ],
      "num_predictions": 2,
      "num_targets": 2,
      "precision": 0.5,
      "recall": 0.5,
      "f1": 0.5,
      "exact": 0.0
    },
    {
      "sample_id": "0000002",
      "image_id": 839,
      "file_name": "COCO_train2014_000000000839.jpg",
      "target_type": "multi-target",
      "expression": "blue shirt and white shirt",
      "true_count_class": 2,
      "pred_count_class": 2,
      "gt_candidate_indices": [
        0,
        2
      ],
      "pred_candidate_indices": [
        0,
        2
      ],
      "num_predictions": 2,
      "num_targets": 2,
      "precision": 1.0,
      "recall": 1.0,
      "f1": 1.0,
      "exact": 1.0
    },
    {
      "sample_id": "0000003",
      "image_id": 839,
      "file_name": "COCO_train2014_000000000839.jpg",
      "target_type": "multi-target",
      "expression": "blue cshirt and falling",
      "true_count_class": 2,
      "pred_count_class": 0,
      "gt_candidate_indices": [
        0,
        2
      ],
      "pred_candidate_indices": [],
      "num_predictions": 0,
      "num_targets": 2,
      "precision": 0.0,
      "recall": 0.0,
      "f1": 0.0,
      "exact": 0.0
    },
    {
      "sample_id": "0000004",
      "image_id": 839,
      "file_name": "COCO_train2014_000000000839.jpg",
      "target_type": "multi-target",