{
  "feature_file": "cache/features/stage5/clip_detector_testB.pt",
  "checkpoint": "checkpoints/stage5_5/clip_10pct_seed2_hierarchical/selected.pt",
  "clip_model": "ViT-B/32",
  "feature_dim": 512,
  "candidate_feature_dim": 512,
  "text_feature_dim": 512,
  "representation": {
    "name": "clip",
    "model_ids": {
      "clip": "ViT-B/32"
    },
    "candidate_feature_dim": 512,
    "text_feature_dim": 512,
    "component_normalization": {
      "clip_image": "l2",
      "clip_text": "l2"
    },
    "fusion": "none",
    "encoder_parameters": {
      "clip": {
        "total": 151277313,
        "trainable": 0
      }
    }
  },
  "device": "cuda",
  "batch_size": 128,
  "selection_policy": "cardinality-threshold",
  "membership_threshold": 0.7,
  "count_logit_bias": [
    1.0,
    0.0,
    0.0,
    2.0
  ],
  "config": {
    "match_threshold": 0.5,
    "overlap_metric": "giou",
    "prediction_score_threshold": null,
    "image_f1_threshold": 1.0
  },
  "official": {
    "F1_score": 0.34389590985494617,
    "T_acc": 0.869622475856014,
    "N_acc": 0.6689492831157714
  },
  "diagnostics": {
    "num_samples": 16063,
    "mean_precision": 0.4653269337481502,
    "mean_recall": 0.4518555232354013,
    "mean_f1": 0.45357171198509333,
    "exact_set_accuracy": 0.34389590985494617,
    "cardinality_accuracy": 0.6959472078690158,
    "count_class_accuracy": 0.7311834651061445,
    "count_class_evaluated": 16063,
    "micro_precision": 0.41007625272331155,
    "micro_recall": 0.353043233611554,
    "micro_f1": 0.3794285138335937,
    "total_tp": 7529,
    "total_fp": 10831,
    "total_fn": 13797,
    "no_target_total": 4673,
    "no_target_accuracy": 0.6689492831157714,
    "false_grounding_rate": 0.33105071688422855,
    "single_target_total": 5646,
    "single_target_localization_accuracy": 0.29826425788168615,
    "single_target_exact_accuracy": 0.269394261424017,
    "multi_target_total": 5744,
    "multi_target_mean_f1": 0.44078848821086336,
    "multi_target_exact_accuracy": 0.15268105849582173
  },
  "by_target_type": {
    "no-target": {
      "num_samples": 4673,
      "mean_precision": 0.6689492831157714,
      "mean_recall": 0.6689492831157714,
      "mean_f1": 0.6689492831157714,
      "exact_set_accuracy": 0.6689492831157714,
      "cardinality_accuracy": 0.6689492831157714,
      "count_class_accuracy": 0.6689492831157714,
      "count_class_evaluated": 4673,
      "micro_precision": 0.0,
      "micro_recall": 0.0,
      "micro_f1": 0.0,
      "total_tp": 0,
      "total_fp": 1776,
      "total_fn": 0
    },
    "single-target": {
      "num_samples": 5646,
      "mean_precision": 0.28350454599126224,
      "mean_recall": 0.29826425788168615,
      "mean_f1": 0.2883162120675409,
      "exact_set_accuracy": 0.269394261424017,
      "cardinality_accuracy": 0.718384697130712,
      "count_class_accuracy": 0.718384697130712,
      "count_class_evaluated": 5646,
      "micro_precision": 0.35032244643228627,
      "micro_recall": 0.29826425788168615,
      "micro_f1": 0.32220415191810964,
      "total_tp": 1684,
      "total_fp": 3123,
      "total_fn": 3962
    },
    "multi-target": {
      "num_samples": 5744,
      "mean_precision": 0.47839134229280483,
      "mean_recall": 0.4262108756494203,
      "mean_f1": 0.44078848821086336,
      "exact_set_accuracy": 0.15268105849582173,
      "cardinality_accuracy": 0.6958565459610028,
      "count_class_accuracy": 0.7943941504178273,
      "count_class_evaluated": 5744,
      "micro_precision": 0.4963063598539526,
      "micro_recall": 0.37276785714285715,
      "micro_f1": 0.4257566376516007,
      "total_tp": 5845,
      "total_fp": 5932,
      "total_fn": 9835
    }
  },
  "by_count_group": {
    "0": {
      "num_samples": 4673,
      "mean_precision": 0.6689492831157714,
      "mean_recall": 0.6689492831157714,
      "mean_f1": 0.6689492831157714,
      "exact_set_accuracy": 0.6689492831157714,
      "cardinality_accuracy": 0.6689492831157714,
      "count_class_accuracy": 0.6689492831157714,
      "count_class_evaluated": 4673,
      "micro_precision": 0.0,
      "micro_recall": 0.0,
      "micro_f1": 0.0,
      "total_tp": 0,
      "total_fp": 1776,
      "total_fn": 0
    },
    "1": {
      "num_samples": 5646,
      "mean_precision": 0.28350454599126224,
      "mean_recall": 0.29826425788168615,
      "mean_f1": 0.2883162120675409,
      "exact_set_accuracy": 0.269394261424017,
      "cardinality_accuracy": 0.718384697130712,
      "count_class_accuracy": 0.718384697130712,
      "count_class_evaluated": 5646,
      "micro_precision": 0.35032244643228627,
      "micro_recall": 0.29826425788168615,
      "micro_f1": 0.32220415191810964,
      "total_tp": 1684,
      "total_fp": 3123,
      "total_fn": 3962
    },
    "2": {
      "num_samples": 3957,
      "mean_precision": 0.48249515626316253,
      "mean_recall": 0.4687894869850897,
      "mean_f1": 0.4725140498453623,
      "exact_set_accuracy": 0.2004043467273187,
      "cardinality_accuracy": 0.8711144806671721,
      "count_class_accuracy": 0.870861763962598,
      "count_class_evaluated": 3957,
      "micro_precision": 0.5055873535023168,
      "micro_recall": 0.4687894869850897,
      "micro_f1": 0.4864935746131655,
      "total_tp": 3710,
      "total_fp": 3628,
      "total_fn": 4204
    },
    "3+": {
      "num_samples": 1787,
      "mean_precision": 0.4693041616097015,
      "mean_recall": 0.3319279629156515,
      "mean_f1": 0.37053776219647294,
      "exact_set_accuracy": 0.047006155567991044,
      "cardinality_accuracy": 0.30777839955232233,
      "count_class_accuracy": 0.625069949636262,
      "count_class_evaluated": 1787,
      "micro_precision": 0.4809641811218743,
      "micro_recall": 0.27491630182848315,
      "micro_f1": 0.34985661614092584,
      "total_tp": 2135,
      "total_fp": 2304,
      "total_fn": 5631
    }
  },
  "examples": [
    {
      "sample_id": "0000000",
      "image_id": 154,
      "file_name": "COCO_train2014_000000000154.jpg",
      "target_type": "multi-target",
      "expression": "three zebras standing on the savannah.",
      "true_count_class": 3,
      "pred_count_class": 3,
      "gt_candidate_indices": [
        0,
        1,
        2,
        3
      ],
      "pred_candidate_indices": [
        0,
        1,
        3
      ],
      "num_predictions": 3,
      "num_targets": 3,
      "precision": 0.6666666666666666,
      "recall": 0.6666666666666666,
      "f1": 0.6666666666666666,
      "exact": 0.0
    },
    {
      "sample_id": "0000001",
      "image_id": 154,
      "file_name": "COCO_train2014_000000000154.jpg",
      "target_type": "multi-target",
      "expression": "a trio of zebras positioned on the grassland.",
      "true_count_class": 3,
      "pred_count_class": 3,
      "gt_candidate_indices": [
        0,
        1,
        2,
        3
      ],
      "pred_candidate_indices": [
        0,
        1,
        3
      ],
      "num_predictions": 3,
      "num_targets": 3,
      "precision": 0.6666666666666666,
      "recall": 0.6666666666666666,
      "f1": 0.6666666666666666,
      "exact": 0.0
    },
    {
      "sample_id": "0000002",
      "image_id": 154,
      "file_name": "COCO_train2014_000000000154.jpg",
      "target_type": "multi-target",
      "expression": "there are three zebras standing in the prairie.",
      "true_count_class": 3,
      "pred_count_class": 3,
      "gt_candidate_indices": [
        0,
        1,
        2,
        3
      ],
      "pred_candidate_indices": [
        0,
        1,
        3
      ],
      "num_predictions": 3,
      "num_targets": 3,
      "precision": 0.6666666666666666,
      "recall": 0.6666666666666666,
      "f1": 0.6666666666666666,
      "exact": 0.0
    },
    {
      "sample_id": "0000003",
      "image_id": 154,
      "file_name": "COCO_train2014_000000000154.jpg",
      "target_type": "multi-target",
      "expression": "three zebras, all stationary on the grassy plain.",
      "true_count_class": 3,