{
  "feature_file": "cache/features/stage5/siglip2_detector_testB.pt",
  "checkpoint": "checkpoints/stage6/pilots/hierarchical_lambda010/selected.pt",
  "clip_model": "none",
  "feature_dim": 768,
  "candidate_feature_dim": 768,
  "text_feature_dim": 768,
  "representation": {
    "name": "siglip2",
    "model_ids": {
      "siglip2": "google/siglip2-base-patch16-224"
    },
    "candidate_feature_dim": 768,
    "text_feature_dim": 768,
    "component_normalization": {
      "siglip2_image": "l2",
      "siglip2_text": "l2"
    },
    "fusion": "none",
    "similarity_source": "normalized SigLIP 2 image/text embeddings",
    "encoder_parameters": {
      "siglip2": {
        "total": 375187970,
        "trainable": 0
      }
    }
  },
  "device": "cuda",
  "batch_size": 128,
  "selection_policy": "cardinality-threshold",
  "pre_nms_threshold": 0.3,
  "membership_threshold": 0.5,
  "count_logit_bias": [
    3.0,
    0.0,
    0.0,
    3.5
  ],
  "config": {
    "match_threshold": 0.5,
    "overlap_metric": "giou",
    "prediction_score_threshold": null,
    "image_f1_threshold": 1.0
  },
  "official": {
    "F1_score": 0.48888750544730125,
    "T_acc": 0.9136962247585602,
    "N_acc": 0.671731221913118
  },
  "diagnostics": {
    "num_samples": 16063,
    "mean_precision": 0.6082305386825109,
    "mean_recall": 0.5909459951808841,
    "mean_f1": 0.5931833902643684,
    "exact_set_accuracy": 0.48888750544730125,
    "cardinality_accuracy": 0.7381560107078379,
    "count_class_accuracy": 0.7747618751167279,
    "count_class_evaluated": 16063,
    "micro_precision": 0.5776665788780616,
    "micro_recall": 0.5142549001219169,
    "micro_f1": 0.5441194711121033,
    "total_tp": 10967,
    "total_fp": 8018,
    "total_fn": 10359,
    "no_target_total": 4673,
    "no_target_accuracy": 0.671731221913118,
    "false_grounding_rate": 0.3282687780868821,
    "single_target_total": 5646,
    "single_target_localization_accuracy": 0.5403825717321998,
    "single_target_exact_accuracy": 0.5106269925611052,
    "multi_target_total": 5744,
    "multi_target_mean_f1": 0.5916616987842206,
    "multi_target_exact_accuracy": 0.3187674094707521
  },
  "by_target_type": {
    "no-target": {
      "num_samples": 4673,
      "mean_precision": 0.671731221913118,
      "mean_recall": 0.671731221913118,
      "mean_f1": 0.671731221913118,
      "exact_set_accuracy": 0.671731221913118,
      "cardinality_accuracy": 0.671731221913118,
      "count_class_accuracy": 0.671731221913118,
      "count_class_evaluated": 4673,
      "micro_precision": 0.0,
      "micro_recall": 0.0,
      "micro_f1": 0.0,
      "total_tp": 0,
      "total_fp": 1692,
      "total_fn": 0
    },
    "single-target": {
      "num_samples": 5646,
      "mean_precision": 0.5247667965521313,
      "mean_recall": 0.5403825717321998,
      "mean_f1": 0.5297201558625568,
      "exact_set_accuracy": 0.5106269925611052,
      "cardinality_accuracy": 0.8099539496989019,
      "count_class_accuracy": 0.8099539496989019,
      "count_class_evaluated": 5646,
      "micro_precision": 0.5964809384164222,
      "micro_recall": 0.5403825717321998,
      "micro_f1": 0.5670476721494285,
      "total_tp": 3051,
      "total_fp": 2064,
      "total_fn": 2595
    },
    "multi-target": {
      "num_samples": 5744,
      "mean_precision": 0.6386096465048405,
      "mean_recall": 0.5749243594342826,
      "mean_f1": 0.5916616987842206,
      "exact_set_accuracy": 0.3187674094707521,
      "cardinality_accuracy": 0.7216225626740947,
      "count_class_accuracy": 0.8239902506963789,
      "count_class_evaluated": 5744,
      "micro_precision": 0.6500246345869601,
      "micro_recall": 0.5048469387755102,
      "micro_f1": 0.5683107186445545,
      "total_tp": 7916,
      "total_fp": 4262,
      "total_fn": 7764
    }
  },
  "by_count_group": {
    "0": {
      "num_samples": 4673,
      "mean_precision": 0.671731221913118,
      "mean_recall": 0.671731221913118,
      "mean_f1": 0.671731221913118,
      "exact_set_accuracy": 0.671731221913118,
      "cardinality_accuracy": 0.671731221913118,
      "count_class_accuracy": 0.671731221913118,
      "count_class_evaluated": 4673,
      "micro_precision": 0.0,
      "micro_recall": 0.0,
      "micro_f1": 0.0,
      "total_tp": 0,
      "total_fp": 1692,
      "total_fn": 0
    },
    "1": {
      "num_samples": 5646,
      "mean_precision": 0.5247667965521313,
      "mean_recall": 0.5403825717321998,
      "mean_f1": 0.5297201558625568,
      "exact_set_accuracy": 0.5106269925611052,
      "cardinality_accuracy": 0.8099539496989019,
      "count_class_accuracy": 0.8099539496989019,
      "count_class_evaluated": 5646,
      "micro_precision": 0.5964809384164222,
      "micro_recall": 0.5403825717321998,
      "micro_f1": 0.5670476721494285,
      "total_tp": 3051,
      "total_fp": 2064,
      "total_fn": 2595
    },
    "2": {
      "num_samples": 3957,
      "mean_precision": 0.6445581669615034,
      "mean_recall": 0.6370988122314885,
      "mean_f1": 0.6383768367089067,
      "exact_set_accuracy": 0.4200151630022744,
      "cardinality_accuracy": 0.9236795552185999,
      "count_class_accuracy": 0.92671215567349,
      "count_class_evaluated": 3957,
      "micro_precision": 0.6568525273579989,
      "micro_recall": 0.6370988122314885,
      "micro_f1": 0.6468248877485567,
      "total_tp": 5042,
      "total_fp": 2634,
      "total_fn": 2872
    },
    "3+": {
      "num_samples": 1787,
      "mean_precision": 0.6254376848668936,
      "mean_recall": 0.4372498716231237,
      "mean_f1": 0.4882191689756097,
      "exact_set_accuracy": 0.09457190822607722,
      "cardinality_accuracy": 0.2742025741466144,
      "count_class_accuracy": 0.5965304980414102,
      "count_class_evaluated": 1787,
      "micro_precision": 0.6383829409151488,
      "micro_recall": 0.3700746845222766,
      "micro_f1": 0.4685360286925334,
      "total_tp": 2874,
      "total_fp": 1628,
      "total_fn": 4892
    }
  },
  "examples": [
    {
      "sample_id": "0000000",
      "image_id": 154,
      "file_name": "COCO_train2014_000000000154.jpg",
      "target_type": "multi-target",
      "expression": "three zebras standing on the savannah.",
      "true_count_class": 3,
      "pred_count_class": 3,
      "gt_candidate_indices": [
        0,
        1,
        2,
        3
      ],
      "pred_candidate_indices": [
        0,
        1,
        2
      ],
      "num_predictions": 3,
      "num_targets": 3,
      "precision": 1.0,
      "recall": 1.0,
      "f1": 1.0,
      "exact": 1.0
    },
    {
      "sample_id": "0000001",
      "image_id": 154,
      "file_name": "COCO_train2014_000000000154.jpg",
      "target_type": "multi-target",
      "expression": "a trio of zebras positioned on the grassland.",
      "true_count_class": 3,
      "pred_count_class": 3,
      "gt_candidate_indices": [
        0,
        1,
        2,
        3
      ],
      "pred_candidate_indices": [
        0,
        1,
        2
      ],
      "num_predictions": 3,
      "num_targets": 3,
      "precision": 1.0,
      "recall": 1.0,
      "f1": 1.0,
      "exact": 1.0
    },
    {
      "sample_id": "0000002",
      "image_id": 154,
      "file_name": "COCO_train2014_000000000154.jpg",
      "target_type": "multi-target",
      "expression": "there are three zebras standing in the prairie.",
      "true_count_class": 3,
      "pred_count_class": 3,
      "gt_candidate_indices": [
        0,
        1,
        2,
        3
      ],
      "pred_candidate_indices": [
        0,
        1,
        2
      ],
      "num_predictions": 3,
      "num_targets": 3,
      "precision": 1.0,
      "recall": 1.0,
      "f1": 1.0,
      "exact": 1.0
    },
    {
      "sample_id": "0000003",
      "image_id": 154,
      "file_name": "COCO_train2014_000000000154.jpg",
      "target_type": "multi-target",
      "expression": "three zebras, all stationary on the grassy plain.",
      "true_count_class": 3,
      "pred_count_class": 3,