{
  "feature_file": "cache/features/stage5/siglip2_detector_testA.pt",
  "checkpoint": "checkpoints/stage5_6/siglip2_5pct_seed1_hierarchical/selected.pt",
  "clip_model": "none",
  "feature_dim": 768,
  "candidate_feature_dim": 768,
  "text_feature_dim": 768,
  "representation": {
    "name": "siglip2",
    "model_ids": {
      "siglip2": "google/siglip2-base-patch16-224"
    },
    "candidate_feature_dim": 768,
    "text_feature_dim": 768,
    "component_normalization": {
      "siglip2_image": "l2",
      "siglip2_text": "l2"
    },
    "fusion": "none",
    "similarity_source": "normalized SigLIP 2 image/text embeddings",
    "encoder_parameters": {
      "siglip2": {
        "total": 375187970,
        "trainable": 0
      }
    }
  },
  "device": "cuda",
  "batch_size": 128,
  "selection_policy": "cardinality-threshold",
  "membership_threshold": 0.8,
  "count_logit_bias": [
    3.0,
    0.0,
    0.0,
    8.0
  ],
  "config": {
    "match_threshold": 0.5,
    "overlap_metric": "giou",
    "prediction_score_threshold": null,
    "image_f1_threshold": 1.0
  },
  "official": {
    "F1_score": 0.4010416666666667,
    "T_acc": 0.9469224511930586,
    "N_acc": 0.6593974820143885
  },
  "diagnostics": {
    "num_samples": 19200,
    "mean_precision": 0.5743172404852085,
    "mean_recall": 0.5639456233870321,
    "mean_f1": 0.563156299250747,
    "exact_set_accuracy": 0.4010416666666667,
    "cardinality_accuracy": 0.7448958333333333,
    "count_class_accuracy": 0.79203125,
    "count_class_evaluated": 19200,
    "micro_precision": 0.536263898092924,
    "micro_recall": 0.49226089895234876,
    "micro_f1": 0.5133211164364252,
    "total_tp": 14566,
    "total_fp": 12596,
    "total_fn": 15024,
    "no_target_total": 4448,
    "no_target_accuracy": 0.6593974820143885,
    "false_grounding_rate": 0.34060251798561153,
    "single_target_total": 5917,
    "single_target_localization_accuracy": 0.5134358627682948,
    "single_target_exact_accuracy": 0.46679060334629036,
    "multi_target_total": 8835,
    "multi_target_mean_f1": 0.5594530404392863,
    "multi_target_exact_accuracy": 0.22693831352574986
  },
  "by_target_type": {
    "no-target": {
      "num_samples": 4448,
      "mean_precision": 0.6593974820143885,
      "mean_recall": 0.6593974820143885,
      "mean_f1": 0.6593974820143885,
      "exact_set_accuracy": 0.6593974820143885,
      "cardinality_accuracy": 0.6593974820143885,
      "count_class_accuracy": 0.6593974820143885,
      "count_class_evaluated": 4448,
      "micro_precision": 0.0,
      "micro_recall": 0.0,
      "micro_f1": 0.0,
      "total_tp": 0,
      "total_fp": 1795,
      "total_fn": 0
    },
    "single-target": {
      "num_samples": 5917,
      "mean_precision": 0.4885640245619966,
      "mean_recall": 0.5134358627682948,
      "mean_f1": 0.4963382344656626,
      "exact_set_accuracy": 0.46679060334629036,
      "cardinality_accuracy": 0.8320094642555349,
      "count_class_accuracy": 0.8320094642555349,
      "count_class_evaluated": 5917,
      "micro_precision": 0.5286236297198539,
      "micro_recall": 0.5134358627682948,
      "micro_f1": 0.5209190672153635,
      "total_tp": 3038,
      "total_fp": 2709,
      "total_fn": 2879
    },
    "multi-target": {
      "num_samples": 8835,
      "mean_precision": 0.5889142822844007,
      "mean_recall": 0.5497177101336672,
      "mean_f1": 0.5594530404392863,
      "exact_set_accuracy": 0.22693831352574986,
      "cardinality_accuracy": 0.7295981890209394,
      "count_class_accuracy": 0.8320316921335597,
      "count_class_evaluated": 8835,
      "micro_precision": 0.5875637104994903,
      "micro_recall": 0.4869682760951295,
      "micro_f1": 0.5325572263414409,
      "total_tp": 11528,
      "total_fp": 8092,
      "total_fn": 12145
    }
  },
  "by_count_group": {
    "0": {
      "num_samples": 4448,
      "mean_precision": 0.6593974820143885,
      "mean_recall": 0.6593974820143885,
      "mean_f1": 0.6593974820143885,
      "exact_set_accuracy": 0.6593974820143885,
      "cardinality_accuracy": 0.6593974820143885,
      "count_class_accuracy": 0.6593974820143885,
      "count_class_evaluated": 4448,
      "micro_precision": 0.0,
      "micro_recall": 0.0,
      "micro_f1": 0.0,
      "total_tp": 0,
      "total_fp": 1795,
      "total_fn": 0
    },
    "1": {
      "num_samples": 5917,
      "mean_precision": 0.4885640245619966,
      "mean_recall": 0.5134358627682948,
      "mean_f1": 0.4963382344656626,
      "exact_set_accuracy": 0.46679060334629036,
      "cardinality_accuracy": 0.8320094642555349,
      "count_class_accuracy": 0.8320094642555349,
      "count_class_evaluated": 5917,
      "micro_precision": 0.5286236297198539,
      "micro_recall": 0.5134358627682948,
      "micro_f1": 0.5209190672153635,
      "total_tp": 3038,
      "total_fp": 2709,
      "total_fn": 2879
    },
    "2": {
      "num_samples": 5940,
      "mean_precision": 0.6111967802119317,
      "mean_recall": 0.6147306397306397,
      "mean_f1": 0.6087994836197471,
      "exact_set_accuracy": 0.30437710437710436,
      "cardinality_accuracy": 0.8851851851851852,
      "count_class_accuracy": 0.8851851851851852,
      "count_class_evaluated": 5940,
      "micro_precision": 0.6123595505617978,
      "micro_recall": 0.6147306397306397,
      "micro_f1": 0.6135428043350416,
      "total_tp": 7303,
      "total_fp": 4623,
      "total_fn": 4577
    },
    "3+": {
      "num_samples": 2895,
      "mean_precision": 0.5431947528579684,
      "mean_recall": 0.41632330536475526,
      "mean_f1": 0.4582033435508794,
      "exact_set_accuracy": 0.06804835924006908,
      "cardinality_accuracy": 0.41036269430051814,
      "count_class_accuracy": 0.7229706390328152,
      "count_class_evaluated": 2895,
      "micro_precision": 0.5491291915778529,
      "micro_recall": 0.3582633765793267,
      "micro_f1": 0.4336224149432955,
      "total_tp": 4225,
      "total_fp": 3469,
      "total_fn": 7568
    }
  },
  "examples": [
    {
      "sample_id": "0000000",
      "image_id": 839,
      "file_name": "COCO_train2014_000000000839.jpg",
      "target_type": "multi-target",
      "expression": "blue shirt and a frisbee",
      "true_count_class": 2,
      "pred_count_class": 2,
      "gt_candidate_indices": [
        0,
        1
      ],
      "pred_candidate_indices": [
        0,
        2
      ],
      "num_predictions": 2,
      "num_targets": 2,
      "precision": 0.5,
      "recall": 0.5,
      "f1": 0.5,
      "exact": 0.0
    },
    {
      "sample_id": "0000001",
      "image_id": 839,
      "file_name": "COCO_train2014_000000000839.jpg",
      "target_type": "multi-target",
      "expression": "blue shirt and frisbee",
      "true_count_class": 2,
      "pred_count_class": 2,
      "gt_candidate_indices": [
        0,
        1
      ],
      "pred_candidate_indices": [
        0,
        2
      ],
      "num_predictions": 2,
      "num_targets": 2,
      "precision": 0.5,
      "recall": 0.5,
      "f1": 0.5,
      "exact": 0.0
    },
    {
      "sample_id": "0000002",
      "image_id": 839,
      "file_name": "COCO_train2014_000000000839.jpg",
      "target_type": "multi-target",
      "expression": "blue shirt and white shirt",
      "true_count_class": 2,
      "pred_count_class": 2,
      "gt_candidate_indices": [
        0,
        2
      ],
      "pred_candidate_indices": [
        0,
        2
      ],
      "num_predictions": 2,
      "num_targets": 2,
      "precision": 1.0,
      "recall": 1.0,
      "f1": 1.0,
      "exact": 1.0
    },
    {
      "sample_id": "0000003",
      "image_id": 839,
      "file_name": "COCO_train2014_000000000839.jpg",
      "target_type": "multi-target",
      "expression": "blue cshirt and falling",
      "true_count_class": 2,
      "pred_count_class": 2,
      "gt_candidate_indices": [
        0,
        2
      ],
      "pred_candidate_indices": [
        0,
        2
      ],
      "num_predictions": 2,
      "num_targets": 2,