{
  "feature_file": "cache/features/stage5/siglip2_detector_testB.pt",
  "checkpoint": "checkpoints/stage5_6/siglip2_5pct_seed1_hierarchical/selected.pt",
  "clip_model": "none",
  "feature_dim": 768,
  "candidate_feature_dim": 768,
  "text_feature_dim": 768,
  "representation": {
    "name": "siglip2",
    "model_ids": {
      "siglip2": "google/siglip2-base-patch16-224"
    },
    "candidate_feature_dim": 768,
    "text_feature_dim": 768,
    "component_normalization": {
      "siglip2_image": "l2",
      "siglip2_text": "l2"
    },
    "fusion": "none",
    "similarity_source": "normalized SigLIP 2 image/text embeddings",
    "encoder_parameters": {
      "siglip2": {
        "total": 375187970,
        "trainable": 0
      }
    }
  },
  "device": "cuda",
  "batch_size": 128,
  "selection_policy": "cardinality-threshold",
  "membership_threshold": 0.7,
  "count_logit_bias": [
    1.0,
    0.0,
    0.0,
    2.0
  ],
  "config": {
    "match_threshold": 0.5,
    "overlap_metric": "giou",
    "prediction_score_threshold": null,
    "image_f1_threshold": 1.0
  },
  "official": {
    "F1_score": 0.3651248210172446,
    "T_acc": 0.9430201931518877,
    "N_acc": 0.6334260646265782
  },
  "diagnostics": {
    "num_samples": 16063,
    "mean_precision": 0.4983607984799989,
    "mean_recall": 0.48130957631050925,
    "mean_f1": 0.48291590341057417,
    "exact_set_accuracy": 0.3651248210172446,
    "cardinality_accuracy": 0.7320550333063562,
    "count_class_accuracy": 0.7570814916267198,
    "count_class_evaluated": 16063,
    "micro_precision": 0.4323498964803313,
    "micro_recall": 0.3916815155209603,
    "micro_f1": 0.41101215371746297,
    "total_tp": 8353,
    "total_fp": 10967,
    "total_fn": 12973,
    "no_target_total": 4673,
    "no_target_accuracy": 0.6334260646265782,
    "false_grounding_rate": 0.3665739353734218,
    "single_target_total": 5646,
    "single_target_localization_accuracy": 0.37725823591923485,
    "single_target_exact_accuracy": 0.3416578108395324,
    "multi_target_total": 5744,
    "multi_target_mean_f1": 0.47624967905363025,
    "multi_target_exact_accuracy": 0.16991643454038996
  },
  "by_target_type": {
    "no-target": {
      "num_samples": 4673,
      "mean_precision": 0.6334260646265782,
      "mean_recall": 0.6334260646265782,
      "mean_f1": 0.6334260646265782,
      "exact_set_accuracy": 0.6334260646265782,
      "cardinality_accuracy": 0.6334260646265782,
      "count_class_accuracy": 0.6334260646265782,
      "count_class_evaluated": 4673,
      "micro_precision": 0.0,
      "micro_recall": 0.0,
      "micro_f1": 0.0,
      "total_tp": 0,
      "total_fp": 1911,
      "total_fn": 0
    },
    "single-target": {
      "num_samples": 5646,
      "mean_precision": 0.359192348565356,
      "mean_recall": 0.37725823591923485,
      "mean_f1": 0.36512575274530723,
      "exact_set_accuracy": 0.3416578108395324,
      "cardinality_accuracy": 0.8166843783209352,
      "count_class_accuracy": 0.8166843783209352,
      "count_class_evaluated": 5646,
      "micro_precision": 0.3858695652173913,
      "micro_recall": 0.37725823591923485,
      "micro_f1": 0.3815153143471252,
      "total_tp": 2130,
      "total_fp": 3390,
      "total_fn": 3516
    },
    "multi-target": {
      "num_samples": 5744,
      "mean_precision": 0.5252732426852738,
      "mean_recall": 0.4598321246998128,
      "mean_f1": 0.47624967905363025,
      "exact_set_accuracy": 0.16991643454038996,
      "cardinality_accuracy": 0.729108635097493,
      "count_class_accuracy": 0.7990947075208914,
      "count_class_evaluated": 5744,
      "micro_precision": 0.5234250147194887,
      "micro_recall": 0.396875,
      "micro_f1": 0.4514490913707425,
      "total_tp": 6223,
      "total_fp": 5666,
      "total_fn": 9457
    }
  },
  "by_count_group": {
    "0": {
      "num_samples": 4673,
      "mean_precision": 0.6334260646265782,
      "mean_recall": 0.6334260646265782,
      "mean_f1": 0.6334260646265782,
      "exact_set_accuracy": 0.6334260646265782,
      "cardinality_accuracy": 0.6334260646265782,
      "count_class_accuracy": 0.6334260646265782,
      "count_class_evaluated": 4673,
      "micro_precision": 0.0,
      "micro_recall": 0.0,
      "micro_f1": 0.0,
      "total_tp": 0,
      "total_fp": 1911,
      "total_fn": 0
    },
    "1": {
      "num_samples": 5646,
      "mean_precision": 0.359192348565356,
      "mean_recall": 0.37725823591923485,
      "mean_f1": 0.36512575274530723,
      "exact_set_accuracy": 0.3416578108395324,
      "cardinality_accuracy": 0.8166843783209352,
      "count_class_accuracy": 0.8166843783209352,
      "count_class_evaluated": 5646,
      "micro_precision": 0.3858695652173913,
      "micro_recall": 0.37725823591923485,
      "micro_f1": 0.3815153143471252,
      "total_tp": 2130,
      "total_fp": 3390,
      "total_fn": 3516
    },
    "2": {
      "num_samples": 3957,
      "mean_precision": 0.5241569089939068,
      "mean_recall": 0.519206469547637,
      "mean_f1": 0.5199843118721061,
      "exact_set_accuracy": 0.2304776345716452,
      "cardinality_accuracy": 0.9552691432903715,
      "count_class_accuracy": 0.9547637098812232,
      "count_class_evaluated": 3957,
      "micro_precision": 0.5282169944722972,
      "micro_recall": 0.519206469547637,
      "micro_f1": 0.523672975211878,
      "total_tp": 4109,
      "total_fp": 3670,
      "total_fn": 3805
    },
    "3+": {
      "num_samples": 1787,
      "mean_precision": 0.5277451690516627,
      "mean_recall": 0.32835798784315834,
      "mean_f1": 0.3794069582574772,
      "exact_set_accuracy": 0.03581421376608842,
      "cardinality_accuracy": 0.22831561275881365,
      "count_class_accuracy": 0.45439283715724677,
      "count_class_evaluated": 1787,
      "micro_precision": 0.5143552311435523,
      "micro_recall": 0.2722122070563997,
      "micro_f1": 0.35601212529471205,
      "total_tp": 2114,
      "total_fp": 1996,
      "total_fn": 5652
    }
  },
  "examples": [
    {
      "sample_id": "0000000",
      "image_id": 154,
      "file_name": "COCO_train2014_000000000154.jpg",
      "target_type": "multi-target",
      "expression": "three zebras standing on the savannah.",
      "true_count_class": 3,
      "pred_count_class": 3,
      "gt_candidate_indices": [
        0,
        1,
        2,
        3
      ],
      "pred_candidate_indices": [
        0,
        1,
        3
      ],
      "num_predictions": 3,
      "num_targets": 3,
      "precision": 0.6666666666666666,
      "recall": 0.6666666666666666,
      "f1": 0.6666666666666666,
      "exact": 0.0
    },
    {
      "sample_id": "0000001",
      "image_id": 154,
      "file_name": "COCO_train2014_000000000154.jpg",
      "target_type": "multi-target",
      "expression": "a trio of zebras positioned on the grassland.",
      "true_count_class": 3,
      "pred_count_class": 3,
      "gt_candidate_indices": [
        0,
        1,
        2,
        3
      ],
      "pred_candidate_indices": [
        0,
        1,
        3
      ],
      "num_predictions": 3,
      "num_targets": 3,
      "precision": 0.6666666666666666,
      "recall": 0.6666666666666666,
      "f1": 0.6666666666666666,
      "exact": 0.0
    },
    {
      "sample_id": "0000002",
      "image_id": 154,
      "file_name": "COCO_train2014_000000000154.jpg",
      "target_type": "multi-target",
      "expression": "there are three zebras standing in the prairie.",
      "true_count_class": 3,
      "pred_count_class": 3,
      "gt_candidate_indices": [
        0,
        1,
        2,
        3
      ],
      "pred_candidate_indices": [
        0,
        1,
        3
      ],
      "num_predictions": 3,
      "num_targets": 3,
      "precision": 0.6666666666666666,
      "recall": 0.6666666666666666,
      "f1": 0.6666666666666666,
      "exact": 0.0
    },
    {
      "sample_id": "0000003",
      "image_id": 154,
      "file_name": "COCO_train2014_000000000154.jpg",
      "target_type": "multi-target",