{
  "feature_file": "cache/features/stage5/siglip2_detector_testA.pt",
  "checkpoint": "checkpoints/stage5_6/siglip2_5pct_seed1_hierarchical/selected.pt",
  "clip_model": "none",
  "feature_dim": 768,
  "candidate_feature_dim": 768,
  "text_feature_dim": 768,
  "representation": {
    "name": "siglip2",
    "model_ids": {
      "siglip2": "google/siglip2-base-patch16-224"
    },
    "candidate_feature_dim": 768,
    "text_feature_dim": 768,
    "component_normalization": {
      "siglip2_image": "l2",
      "siglip2_text": "l2"
    },
    "fusion": "none",
    "similarity_source": "normalized SigLIP 2 image/text embeddings",
    "encoder_parameters": {
      "siglip2": {
        "total": 375187970,
        "trainable": 0
      }
    }
  },
  "device": "cuda",
  "batch_size": 128,
  "selection_policy": "cardinality-threshold",
  "membership_threshold": 0.7,
  "count_logit_bias": [
    1.0,
    0.0,
    0.0,
    2.0
  ],
  "config": {
    "match_threshold": 0.5,
    "overlap_metric": "giou",
    "prediction_score_threshold": null,
    "image_f1_threshold": 1.0
  },
  "official": {
    "F1_score": 0.39979166666666666,
    "T_acc": 0.9676654013015185,
    "N_acc": 0.6088129496402878
  },
  "diagnostics": {
    "num_samples": 19200,
    "mean_precision": 0.576330543154761,
    "mean_recall": 0.5496629145594008,
    "mean_f1": 0.5552214999876522,
    "exact_set_accuracy": 0.39979166666666666,
    "cardinality_accuracy": 0.7439583333333334,
    "count_class_accuracy": 0.7735416666666667,
    "count_class_evaluated": 19200,
    "micro_precision": 0.5432037157882614,
    "micro_recall": 0.4782358905035485,
    "micro_f1": 0.5086536906238206,
    "total_tp": 14151,
    "total_fp": 11900,
    "total_fn": 15439,
    "no_target_total": 4448,
    "no_target_accuracy": 0.6088129496402878,
    "false_grounding_rate": 0.39118705035971224,
    "single_target_total": 5917,
    "single_target_localization_accuracy": 0.5313503464593544,
    "single_target_exact_accuracy": 0.492986310630387,
    "multi_target_total": 8835,
    "multi_target_mean_f1": 0.5527922429462032,
    "multi_target_exact_accuracy": 0.23214487832484437
  },
  "by_target_type": {
    "no-target": {
      "num_samples": 4448,
      "mean_precision": 0.6088129496402878,
      "mean_recall": 0.6088129496402878,
      "mean_f1": 0.6088129496402878,
      "exact_set_accuracy": 0.6088129496402878,
      "cardinality_accuracy": 0.6088129496402878,
      "count_class_accuracy": 0.6088129496402878,
      "count_class_evaluated": 4448,
      "micro_precision": 0.0,
      "micro_recall": 0.0,
      "micro_f1": 0.0,
      "total_tp": 0,
      "total_fp": 1977,
      "total_fn": 0
    },
    "single-target": {
      "num_samples": 5917,
      "mean_precision": 0.5121683285448707,
      "mean_recall": 0.5313503464593544,
      "mean_f1": 0.5185623345163638,
      "exact_set_accuracy": 0.492986310630387,
      "cardinality_accuracy": 0.8849078925130979,
      "count_class_accuracy": 0.8849078925130979,
      "count_class_evaluated": 5917,
      "micro_precision": 0.5350578624914908,
      "micro_recall": 0.5313503464593544,
      "micro_f1": 0.5331976596285932,
      "total_tp": 3144,
      "total_fp": 2732,
      "total_fn": 2773
    },
    "multi-target": {
      "num_samples": 8835,
      "mean_precision": 0.602948096046568,
      "mean_recall": 0.5321480429587396,
      "mean_f1": 0.5527922429462032,
      "exact_set_accuracy": 0.23214487832484437,
      "cardinality_accuracy": 0.7176004527447651,
      "count_class_accuracy": 0.7818902093944539,
      "count_class_evaluated": 8835,
      "micro_precision": 0.6048466864490604,
      "micro_recall": 0.4649600811050564,
      "micro_f1": 0.5257576843161138,
      "total_tp": 11007,
      "total_fp": 7191,
      "total_fn": 12666
    }
  },
  "by_count_group": {
    "0": {
      "num_samples": 4448,
      "mean_precision": 0.6088129496402878,
      "mean_recall": 0.6088129496402878,
      "mean_f1": 0.6088129496402878,
      "exact_set_accuracy": 0.6088129496402878,
      "cardinality_accuracy": 0.6088129496402878,
      "count_class_accuracy": 0.6088129496402878,
      "count_class_evaluated": 4448,
      "micro_precision": 0.0,
      "micro_recall": 0.0,
      "micro_f1": 0.0,
      "total_tp": 0,
      "total_fp": 1977,
      "total_fn": 0
    },
    "1": {
      "num_samples": 5917,
      "mean_precision": 0.5121683285448707,
      "mean_recall": 0.5313503464593544,
      "mean_f1": 0.5185623345163638,
      "exact_set_accuracy": 0.492986310630387,
      "cardinality_accuracy": 0.8849078925130979,
      "count_class_accuracy": 0.8849078925130979,
      "count_class_evaluated": 5917,
      "micro_precision": 0.5350578624914908,
      "micro_recall": 0.5313503464593544,
      "micro_f1": 0.5331976596285932,
      "total_tp": 3144,
      "total_fp": 2732,
      "total_fn": 2773
    },
    "2": {
      "num_samples": 5940,
      "mean_precision": 0.6231581689915022,
      "mean_recall": 0.6082491582491583,
      "mean_f1": 0.61254021698466,
      "exact_set_accuracy": 0.3205387205387205,
      "cardinality_accuracy": 0.9346801346801347,
      "count_class_accuracy": 0.9346801346801347,
      "count_class_evaluated": 5940,
      "micro_precision": 0.6249783774433489,
      "micro_recall": 0.6082491582491583,
      "micro_f1": 0.6165002986093336,
      "total_tp": 7226,
      "total_fp": 4336,
      "total_fn": 4654
    },
    "3+": {
      "num_samples": 2895,
      "mean_precision": 0.5614807961181039,
      "mean_recall": 0.37600274940948547,
      "mean_f1": 0.430200544919099,
      "exact_set_accuracy": 0.05077720207253886,
      "cardinality_accuracy": 0.2721934369602763,
      "count_class_accuracy": 0.46839378238341967,
      "count_class_evaluated": 2895,
      "micro_precision": 0.5697709463532248,
      "micro_recall": 0.32061392351394896,
      "micro_f1": 0.4103315426773021,
      "total_tp": 3781,
      "total_fp": 2855,
      "total_fn": 8012
    }
  },
  "examples": [
    {
      "sample_id": "0000000",
      "image_id": 839,
      "file_name": "COCO_train2014_000000000839.jpg",
      "target_type": "multi-target",
      "expression": "blue shirt and a frisbee",
      "true_count_class": 2,
      "pred_count_class": 2,
      "gt_candidate_indices": [
        0,
        1
      ],
      "pred_candidate_indices": [
        0,
        2
      ],
      "num_predictions": 2,
      "num_targets": 2,
      "precision": 0.5,
      "recall": 0.5,
      "f1": 0.5,
      "exact": 0.0
    },
    {
      "sample_id": "0000001",
      "image_id": 839,
      "file_name": "COCO_train2014_000000000839.jpg",
      "target_type": "multi-target",
      "expression": "blue shirt and frisbee",
      "true_count_class": 2,
      "pred_count_class": 2,
      "gt_candidate_indices": [
        0,
        1
      ],
      "pred_candidate_indices": [
        0,
        2
      ],
      "num_predictions": 2,
      "num_targets": 2,
      "precision": 0.5,
      "recall": 0.5,
      "f1": 0.5,
      "exact": 0.0
    },
    {
      "sample_id": "0000002",
      "image_id": 839,
      "file_name": "COCO_train2014_000000000839.jpg",
      "target_type": "multi-target",
      "expression": "blue shirt and white shirt",
      "true_count_class": 2,
      "pred_count_class": 2,
      "gt_candidate_indices": [
        0,
        2
      ],
      "pred_candidate_indices": [
        0,
        2
      ],
      "num_predictions": 2,
      "num_targets": 2,
      "precision": 1.0,
      "recall": 1.0,
      "f1": 1.0,
      "exact": 1.0
    },
    {
      "sample_id": "0000003",
      "image_id": 839,
      "file_name": "COCO_train2014_000000000839.jpg",
      "target_type": "multi-target",
      "expression": "blue cshirt and falling",
      "true_count_class": 2,
      "pred_count_class": 2,
      "gt_candidate_indices": [
        0,
        2
      ],
      "pred_candidate_indices": [
        0,
        2
      ],
      "num_predictions": 2,
      "num_targets": 2,