{
  "feature_file": "cache/features/stage5/siglip2_detector_testB.pt",
  "checkpoint": "checkpoints/stage5_6/siglip2_5pct_seed1_hierarchical/selected.pt",
  "clip_model": "none",
  "feature_dim": 768,
  "candidate_feature_dim": 768,
  "text_feature_dim": 768,
  "representation": {
    "name": "siglip2",
    "model_ids": {
      "siglip2": "google/siglip2-base-patch16-224"
    },
    "candidate_feature_dim": 768,
    "text_feature_dim": 768,
    "component_normalization": {
      "siglip2_image": "l2",
      "siglip2_text": "l2"
    },
    "fusion": "none",
    "similarity_source": "normalized SigLIP 2 image/text embeddings",
    "encoder_parameters": {
      "siglip2": {
        "total": 375187970,
        "trainable": 0
      }
    }
  },
  "device": "cuda",
  "batch_size": 128,
  "selection_policy": "cardinality-threshold",
  "membership_threshold": 0.8,
  "count_logit_bias": [
    3.0,
    0.0,
    0.0,
    8.0
  ],
  "config": {
    "match_threshold": 0.5,
    "overlap_metric": "giou",
    "prediction_score_threshold": null,
    "image_f1_threshold": 1.0
  },
  "official": {
    "F1_score": 0.3676772707464359,
    "T_acc": 0.9113257243195786,
    "N_acc": 0.6864968970682644
  },
  "diagnostics": {
    "num_samples": 16063,
    "mean_precision": 0.49775693569816654,
    "mean_recall": 0.4960657766562633,
    "mean_f1": 0.4908636047284986,
    "exact_set_accuracy": 0.3676772707464359,
    "cardinality_accuracy": 0.723650625661458,
    "count_class_accuracy": 0.7656104090145054,
    "count_class_evaluated": 16063,
    "micro_precision": 0.424883686027315,
    "micro_recall": 0.3982462721560536,
    "micro_f1": 0.41113397071281615,
    "total_tp": 8493,
    "total_fp": 11496,
    "total_fn": 12833,
    "no_target_total": 4673,
    "no_target_accuracy": 0.6864968970682644,
    "false_grounding_rate": 0.3135031029317355,
    "single_target_total": 5646,
    "single_target_localization_accuracy": 0.36663124335812963,
    "single_target_exact_accuracy": 0.30782855118668084,
    "multi_target_total": 5744,
    "multi_target_mean_f1": 0.4782803068861171,
    "multi_target_exact_accuracy": 0.1671309192200557
  },
  "by_target_type": {
    "no-target": {
      "num_samples": 4673,
      "mean_precision": 0.6864968970682644,
      "mean_recall": 0.6864968970682644,
      "mean_f1": 0.6864968970682644,
      "exact_set_accuracy": 0.6864968970682644,
      "cardinality_accuracy": 0.6864968970682644,
      "count_class_accuracy": 0.6864968970682644,
      "count_class_evaluated": 4673,
      "micro_precision": 0.0,
      "micro_recall": 0.0,
      "micro_f1": 0.0,
      "total_tp": 0,
      "total_fp": 1791,
      "total_fn": 0
    },
    "single-target": {
      "num_samples": 5646,
      "mean_precision": 0.3319459204156326,
      "mean_recall": 0.36663124335812963,
      "mean_f1": 0.3417463691108754,
      "exact_set_accuracy": 0.30782855118668084,
      "cardinality_accuracy": 0.7353878852284803,
      "count_class_accuracy": 0.7353878852284803,
      "count_class_evaluated": 5646,
      "micro_precision": 0.36977491961414793,
      "micro_recall": 0.36663124335812963,
      "micro_f1": 0.368196371398079,
      "total_tp": 2070,
      "total_fp": 3528,
      "total_fn": 3576
    },
    "multi-target": {
      "num_samples": 5744,
      "mean_precision": 0.507190632216746,
      "mean_recall": 0.4683677873310536,
      "mean_f1": 0.4782803068861171,
      "exact_set_accuracy": 0.1671309192200557,
      "cardinality_accuracy": 0.7423398328690808,
      "count_class_accuracy": 0.8596796657381616,
      "count_class_evaluated": 5744,
      "micro_precision": 0.5097619047619047,
      "micro_recall": 0.40963010204081635,
      "micro_f1": 0.45424328147100423,
      "total_tp": 6423,
      "total_fp": 6177,
      "total_fn": 9257
    }
  },
  "by_count_group": {
    "0": {
      "num_samples": 4673,
      "mean_precision": 0.6864968970682644,
      "mean_recall": 0.6864968970682644,
      "mean_f1": 0.6864968970682644,
      "exact_set_accuracy": 0.6864968970682644,
      "cardinality_accuracy": 0.6864968970682644,
      "count_class_accuracy": 0.6864968970682644,
      "count_class_evaluated": 4673,
      "micro_precision": 0.0,
      "micro_recall": 0.0,
      "micro_f1": 0.0,
      "total_tp": 0,
      "total_fp": 1791,
      "total_fn": 0
    },
    "1": {
      "num_samples": 5646,
      "mean_precision": 0.3319459204156326,
      "mean_recall": 0.36663124335812963,
      "mean_f1": 0.3417463691108754,
      "exact_set_accuracy": 0.30782855118668084,
      "cardinality_accuracy": 0.7353878852284803,
      "count_class_accuracy": 0.7353878852284803,
      "count_class_evaluated": 5646,
      "micro_precision": 0.36977491961414793,
      "micro_recall": 0.36663124335812963,
      "micro_f1": 0.368196371398079,
      "total_tp": 2070,
      "total_fp": 3528,
      "total_fn": 3576
    },
    "2": {
      "num_samples": 3957,
      "mean_precision": 0.5129489231460421,
      "mean_recall": 0.5174374526156179,
      "mean_f1": 0.5131585540228456,
      "exact_set_accuracy": 0.22087439979782664,
      "cardinality_accuracy": 0.9181197877179682,
      "count_class_accuracy": 0.9176143543088198,
      "count_class_evaluated": 3957,
      "micro_precision": 0.5206611570247934,
      "micro_recall": 0.5174374526156179,
      "micro_f1": 0.5190442993852589,
      "total_tp": 4095,
      "total_fp": 3770,
      "total_fn": 3819
    },
    "3+": {
      "num_samples": 1787,
      "mean_precision": 0.4944399007073874,
      "mean_recall": 0.3597115671122384,
      "mean_f1": 0.4010485083858121,
      "exact_set_accuracy": 0.048125349748181306,
      "cardinality_accuracy": 0.35310576385002795,
      "count_class_accuracy": 0.7313933967543369,
      "count_class_evaluated": 1787,
      "micro_precision": 0.49165786694825764,
      "micro_recall": 0.29976822044810714,
      "micro_f1": 0.3724502039836813,
      "total_tp": 2328,
      "total_fp": 2407,
      "total_fn": 5438
    }
  },
  "examples": [
    {
      "sample_id": "0000000",
      "image_id": 154,
      "file_name": "COCO_train2014_000000000154.jpg",
      "target_type": "multi-target",
      "expression": "three zebras standing on the savannah.",
      "true_count_class": 3,
      "pred_count_class": 3,
      "gt_candidate_indices": [
        0,
        1,
        2,
        3
      ],
      "pred_candidate_indices": [
        0,
        1,
        3
      ],
      "num_predictions": 3,
      "num_targets": 3,
      "precision": 0.6666666666666666,
      "recall": 0.6666666666666666,
      "f1": 0.6666666666666666,
      "exact": 0.0
    },
    {
      "sample_id": "0000001",
      "image_id": 154,
      "file_name": "COCO_train2014_000000000154.jpg",
      "target_type": "multi-target",
      "expression": "a trio of zebras positioned on the grassland.",
      "true_count_class": 3,
      "pred_count_class": 3,
      "gt_candidate_indices": [
        0,
        1,
        2,
        3
      ],
      "pred_candidate_indices": [
        0,
        1,
        3
      ],
      "num_predictions": 3,
      "num_targets": 3,
      "precision": 0.6666666666666666,
      "recall": 0.6666666666666666,
      "f1": 0.6666666666666666,
      "exact": 0.0
    },
    {
      "sample_id": "0000002",
      "image_id": 154,
      "file_name": "COCO_train2014_000000000154.jpg",
      "target_type": "multi-target",
      "expression": "there are three zebras standing in the prairie.",
      "true_count_class": 3,
      "pred_count_class": 3,
      "gt_candidate_indices": [
        0,
        1,
        2,
        3
      ],
      "pred_candidate_indices": [
        0,
        1,
        3
      ],
      "num_predictions": 3,
      "num_targets": 3,
      "precision": 0.6666666666666666,
      "recall": 0.6666666666666666,
      "f1": 0.6666666666666666,
      "exact": 0.0
    },
    {
      "sample_id": "0000003",
      "image_id": 154,
      "file_name": "COCO_train2014_000000000154.jpg",
      "target_type": "multi-target",