{
  "feature_file": "cache/features/stage5/siglip2_detector_testB.pt",
  "checkpoint": "checkpoints/stage5_6/siglip2_5pct_seed2_hierarchical/selected.pt",
  "clip_model": "none",
  "feature_dim": 768,
  "candidate_feature_dim": 768,
  "text_feature_dim": 768,
  "representation": {
    "name": "siglip2",
    "model_ids": {
      "siglip2": "google/siglip2-base-patch16-224"
    },
    "candidate_feature_dim": 768,
    "text_feature_dim": 768,
    "component_normalization": {
      "siglip2_image": "l2",
      "siglip2_text": "l2"
    },
    "fusion": "none",
    "similarity_source": "normalized SigLIP 2 image/text embeddings",
    "encoder_parameters": {
      "siglip2": {
        "total": 375187970,
        "trainable": 0
      }
    }
  },
  "device": "cuda",
  "batch_size": 128,
  "selection_policy": "cardinality-threshold",
  "membership_threshold": 0.85,
  "count_logit_bias": [
    7.0,
    0.0,
    0.0,
    8.5
  ],
  "config": {
    "match_threshold": 0.5,
    "overlap_metric": "giou",
    "prediction_score_threshold": null,
    "image_f1_threshold": 1.0
  },
  "official": {
    "F1_score": 0.3787586378634128,
    "T_acc": 0.883406496927129,
    "N_acc": 0.7220201155574577
  },
  "diagnostics": {
    "num_samples": 16063,
    "mean_precision": 0.5053827583803292,
    "mean_recall": 0.49726911031928617,
    "mean_f1": 0.4957583328193004,
    "exact_set_accuracy": 0.3787586378634128,
    "cardinality_accuracy": 0.7219697441324784,
    "count_class_accuracy": 0.761875116727884,
    "count_class_evaluated": 16063,
    "micro_precision": 0.44150743099787687,
    "micro_recall": 0.390040326362187,
    "micro_f1": 0.4141811482348255,
    "total_tp": 8318,
    "total_fp": 10522,
    "total_fn": 13008,
    "no_target_total": 4673,
    "no_target_accuracy": 0.7220201155574577,
    "false_grounding_rate": 0.2779798844425423,
    "single_target_total": 5646,
    "single_target_localization_accuracy": 0.3432518597236982,
    "single_target_exact_accuracy": 0.30269217144881333,
    "multi_target_total": 5744,
    "multi_target_mean_f1": 0.47748681787858327,
    "multi_target_exact_accuracy": 0.17426880222841226
  },
  "by_target_type": {
    "no-target": {
      "num_samples": 4673,
      "mean_precision": 0.7220201155574577,
      "mean_recall": 0.7220201155574577,
      "mean_f1": 0.7220201155574577,
      "exact_set_accuracy": 0.7220201155574577,
      "cardinality_accuracy": 0.7220201155574577,
      "count_class_accuracy": 0.7220201155574577,
      "count_class_evaluated": 4673,
      "micro_precision": 0.0,
      "micro_recall": 0.0,
      "micro_f1": 0.0,
      "total_tp": 0,
      "total_fp": 1515,
      "total_fn": 0
    },
    "single-target": {
      "num_samples": 5646,
      "mean_precision": 0.32033297910024755,
      "mean_recall": 0.3432518597236982,
      "mean_f1": 0.32707789907577384,
      "exact_set_accuracy": 0.30269217144881333,
      "cardinality_accuracy": 0.7167906482465463,
      "count_class_accuracy": 0.7167906482465463,
      "count_class_evaluated": 5646,
      "micro_precision": 0.3831553973902728,
      "micro_recall": 0.3432518597236982,
      "micro_f1": 0.36210762331838564,
      "total_tp": 1938,
      "total_fp": 3120,
      "total_fn": 3708
    },
    "multi-target": {
      "num_samples": 5744,
      "mean_precision": 0.5110312061043265,
      "mean_recall": 0.46581366975256294,
      "mean_f1": 0.47748681787858327,
      "exact_set_accuracy": 0.17426880222841226,
      "cardinality_accuracy": 0.7270194986072424,
      "count_class_accuracy": 0.8386142061281338,
      "count_class_evaluated": 5744,
      "micro_precision": 0.5200945626477541,
      "micro_recall": 0.40688775510204084,
      "micro_f1": 0.4565785236340215,
      "total_tp": 6380,
      "total_fp": 5887,
      "total_fn": 9300
    }
  },
  "by_count_group": {
    "0": {
      "num_samples": 4673,
      "mean_precision": 0.7220201155574577,
      "mean_recall": 0.7220201155574577,
      "mean_f1": 0.7220201155574577,
      "exact_set_accuracy": 0.7220201155574577,
      "cardinality_accuracy": 0.7220201155574577,
      "count_class_accuracy": 0.7220201155574577,
      "count_class_evaluated": 4673,
      "micro_precision": 0.0,
      "micro_recall": 0.0,
      "micro_f1": 0.0,
      "total_tp": 0,
      "total_fp": 1515,
      "total_fn": 0
    },
    "1": {
      "num_samples": 5646,
      "mean_precision": 0.32033297910024755,
      "mean_recall": 0.3432518597236982,
      "mean_f1": 0.32707789907577384,
      "exact_set_accuracy": 0.30269217144881333,
      "cardinality_accuracy": 0.7167906482465463,
      "count_class_accuracy": 0.7167906482465463,
      "count_class_evaluated": 5646,
      "micro_precision": 0.3831553973902728,
      "micro_recall": 0.3432518597236982,
      "micro_f1": 0.36210762331838564,
      "total_tp": 1938,
      "total_fp": 3120,
      "total_fn": 3708
    },
    "2": {
      "num_samples": 3957,
      "mean_precision": 0.517353213714093,
      "mean_recall": 0.5159211523881728,
      "mean_f1": 0.5140257771038672,
      "exact_set_accuracy": 0.2256760171847359,
      "cardinality_accuracy": 0.8976497346474602,
      "count_class_accuracy": 0.8973970179428861,
      "count_class_evaluated": 3957,
      "micro_precision": 0.5284752782811286,
      "micro_recall": 0.5159211523881728,
      "micro_f1": 0.5221227621483376,
      "total_tp": 4083,
      "total_fp": 3643,
      "total_fn": 3831
    },
    "3+": {
      "num_samples": 1787,
      "mean_precision": 0.4970322222700515,
      "mean_recall": 0.3548593839164629,
      "mean_f1": 0.3965776619443614,
      "exact_set_accuracy": 0.0604364857302742,
      "cardinality_accuracy": 0.34918858421936205,
      "count_class_accuracy": 0.7084499160604365,
      "count_class_evaluated": 1787,
      "micro_precision": 0.5058357190046245,
      "micro_recall": 0.2957764614988411,
      "micro_f1": 0.37328349719671733,
      "total_tp": 2297,
      "total_fp": 2244,
      "total_fn": 5469
    }
  },
  "examples": [
    {
      "sample_id": "0000000",
      "image_id": 154,
      "file_name": "COCO_train2014_000000000154.jpg",
      "target_type": "multi-target",
      "expression": "three zebras standing on the savannah.",
      "true_count_class": 3,
      "pred_count_class": 3,
      "gt_candidate_indices": [
        0,
        1,
        2,
        3
      ],
      "pred_candidate_indices": [
        0,
        1,
        3
      ],
      "num_predictions": 3,
      "num_targets": 3,
      "precision": 0.6666666666666666,
      "recall": 0.6666666666666666,
      "f1": 0.6666666666666666,
      "exact": 0.0
    },
    {
      "sample_id": "0000001",
      "image_id": 154,
      "file_name": "COCO_train2014_000000000154.jpg",
      "target_type": "multi-target",
      "expression": "a trio of zebras positioned on the grassland.",
      "true_count_class": 3,
      "pred_count_class": 3,
      "gt_candidate_indices": [
        0,
        1,
        2,
        3
      ],
      "pred_candidate_indices": [
        0,
        1,
        3
      ],
      "num_predictions": 3,
      "num_targets": 3,
      "precision": 0.6666666666666666,
      "recall": 0.6666666666666666,
      "f1": 0.6666666666666666,
      "exact": 0.0
    },
    {
      "sample_id": "0000002",
      "image_id": 154,
      "file_name": "COCO_train2014_000000000154.jpg",
      "target_type": "multi-target",
      "expression": "there are three zebras standing in the prairie.",
      "true_count_class": 3,
      "pred_count_class": 3,
      "gt_candidate_indices": [
        0,
        1,
        2,
        3
      ],
      "pred_candidate_indices": [
        0,
        1,
        3
      ],
      "num_predictions": 3,
      "num_targets": 3,
      "precision": 0.6666666666666666,
      "recall": 0.6666666666666666,
      "f1": 0.6666666666666666,
      "exact": 0.0
    },
    {
      "sample_id": "0000003",
      "image_id": 154,
      "file_name": "COCO_train2014_000000000154.jpg",
      "target_type": "multi-target",