{
  "feature_file": "cache/features/stage5/siglip2_detector_testB.pt",
  "checkpoint": "checkpoints/stage5_6/siglip2_5pct_seed2_hierarchical/selected.pt",
  "clip_model": "none",
  "feature_dim": 768,
  "candidate_feature_dim": 768,
  "text_feature_dim": 768,
  "representation": {
    "name": "siglip2",
    "model_ids": {
      "siglip2": "google/siglip2-base-patch16-224"
    },
    "candidate_feature_dim": 768,
    "text_feature_dim": 768,
    "component_normalization": {
      "siglip2_image": "l2",
      "siglip2_text": "l2"
    },
    "fusion": "none",
    "similarity_source": "normalized SigLIP 2 image/text embeddings",
    "encoder_parameters": {
      "siglip2": {
        "total": 375187970,
        "trainable": 0
      }
    }
  },
  "device": "cuda",
  "batch_size": 128,
  "selection_policy": "cardinality-threshold",
  "membership_threshold": 0.7,
  "count_logit_bias": [
    1.0,
    0.0,
    0.0,
    2.0
  ],
  "config": {
    "match_threshold": 0.5,
    "overlap_metric": "giou",
    "prediction_score_threshold": null,
    "image_f1_threshold": 1.0
  },
  "official": {
    "F1_score": 0.3592728631015377,
    "T_acc": 0.9544337137840211,
    "N_acc": 0.5964048790926599
  },
  "diagnostics": {
    "num_samples": 16063,
    "mean_precision": 0.49239246338810094,
    "mean_recall": 0.4747104894524413,
    "mean_f1": 0.47595914662968836,
    "exact_set_accuracy": 0.3592728631015377,
    "cardinality_accuracy": 0.723650625661458,
    "count_class_accuracy": 0.7499844362821391,
    "count_class_evaluated": 16063,
    "micro_precision": 0.4301344649521959,
    "micro_recall": 0.39449498265028604,
    "micro_f1": 0.4115445762504586,
    "total_tp": 8413,
    "total_fp": 11146,
    "total_fn": 12913,
    "no_target_total": 4673,
    "no_target_accuracy": 0.5964048790926599,
    "false_grounding_rate": 0.40359512090734007,
    "single_target_total": 5646,
    "single_target_localization_accuracy": 0.389833510449876,
    "single_target_exact_accuracy": 0.351044987601842,
    "multi_target_total": 5744,
    "multi_target_mean_f1": 0.47565548496622534,
    "multi_target_exact_accuracy": 0.17444289693593315
  },
  "by_target_type": {
    "no-target": {
      "num_samples": 4673,
      "mean_precision": 0.5964048790926599,
      "mean_recall": 0.5964048790926599,
      "mean_f1": 0.5964048790926599,
      "exact_set_accuracy": 0.5964048790926599,
      "cardinality_accuracy": 0.5964048790926599,
      "count_class_accuracy": 0.5964048790926599,
      "count_class_evaluated": 4673,
      "micro_precision": 0.0,
      "micro_recall": 0.0,
      "micro_f1": 0.0,
      "total_tp": 0,
      "total_fp": 2028,
      "total_fn": 0
    },
    "single-target": {
      "num_samples": 5646,
      "mean_precision": 0.3701204392490258,
      "mean_recall": 0.389833510449876,
      "mean_f1": 0.37657928917227595,
      "exact_set_accuracy": 0.351044987601842,
      "cardinality_accuracy": 0.8374070138150903,
      "count_class_accuracy": 0.8374070138150903,
      "count_class_evaluated": 5646,
      "micro_precision": 0.38873189685623455,
      "micro_recall": 0.389833510449876,
      "micro_f1": 0.38928192430137953,
      "total_tp": 2201,
      "total_fp": 3461,
      "total_fn": 3445
    },
    "multi-target": {
      "num_samples": 5744,
      "mean_precision": 0.5279596342971944,
      "mean_recall": 0.4591355487595046,
      "mean_f1": 0.47565548496622534,
      "exact_set_accuracy": 0.17444289693593315,
      "cardinality_accuracy": 0.7153551532033426,
      "count_class_accuracy": 0.7889972144846796,
      "count_class_evaluated": 5744,
      "micro_precision": 0.5233802342236077,
      "micro_recall": 0.3961734693877551,
      "micro_f1": 0.45097825692402627,
      "total_tp": 6212,
      "total_fp": 5657,
      "total_fn": 9468
    }
  },
  "by_count_group": {
    "0": {
      "num_samples": 4673,
      "mean_precision": 0.5964048790926599,
      "mean_recall": 0.5964048790926599,
      "mean_f1": 0.5964048790926599,
      "exact_set_accuracy": 0.5964048790926599,
      "cardinality_accuracy": 0.5964048790926599,
      "count_class_accuracy": 0.5964048790926599,
      "count_class_evaluated": 4673,
      "micro_precision": 0.0,
      "micro_recall": 0.0,
      "micro_f1": 0.0,
      "total_tp": 0,
      "total_fp": 2028,
      "total_fn": 0
    },
    "1": {
      "num_samples": 5646,
      "mean_precision": 0.3701204392490258,
      "mean_recall": 0.389833510449876,
      "mean_f1": 0.37657928917227595,
      "exact_set_accuracy": 0.351044987601842,
      "cardinality_accuracy": 0.8374070138150903,
      "count_class_accuracy": 0.8374070138150903,
      "count_class_evaluated": 5646,
      "micro_precision": 0.38873189685623455,
      "micro_recall": 0.389833510449876,
      "micro_f1": 0.38928192430137953,
      "total_tp": 2201,
      "total_fp": 3461,
      "total_fn": 3445
    },
    "2": {
      "num_samples": 3957,
      "mean_precision": 0.5288145179729715,
      "mean_recall": 0.5180692443770534,
      "mean_f1": 0.520785748382413,
      "exact_set_accuracy": 0.2332575183219611,
      "cardinality_accuracy": 0.9337882234015669,
      "count_class_accuracy": 0.9337882234015669,
      "count_class_evaluated": 3957,
      "micro_precision": 0.5311568856069439,
      "micro_recall": 0.5180692443770534,
      "micro_f1": 0.5245314399027697,
      "total_tp": 4100,
      "total_fp": 3619,
      "total_fn": 3814
    },
    "3+": {
      "num_samples": 1787,
      "mean_precision": 0.5260666434158,
      "mean_recall": 0.3286371528117474,
      "mean_f1": 0.3757223834900836,
      "exact_set_accuracy": 0.04420817011751539,
      "cardinality_accuracy": 0.23167319529938443,
      "count_class_accuracy": 0.46838276440962506,
      "count_class_evaluated": 1787,
      "micro_precision": 0.5089156626506024,
      "micro_recall": 0.2719546742209632,
      "micro_f1": 0.3544813695871098,
      "total_tp": 2112,
      "total_fp": 2038,
      "total_fn": 5654
    }
  },
  "examples": [
    {
      "sample_id": "0000000",
      "image_id": 154,
      "file_name": "COCO_train2014_000000000154.jpg",
      "target_type": "multi-target",
      "expression": "three zebras standing on the savannah.",
      "true_count_class": 3,
      "pred_count_class": 3,
      "gt_candidate_indices": [
        0,
        1,
        2,
        3
      ],
      "pred_candidate_indices": [
        0,
        1,
        3
      ],
      "num_predictions": 3,
      "num_targets": 3,
      "precision": 0.6666666666666666,
      "recall": 0.6666666666666666,
      "f1": 0.6666666666666666,
      "exact": 0.0
    },
    {
      "sample_id": "0000001",
      "image_id": 154,
      "file_name": "COCO_train2014_000000000154.jpg",
      "target_type": "multi-target",
      "expression": "a trio of zebras positioned on the grassland.",
      "true_count_class": 3,
      "pred_count_class": 3,
      "gt_candidate_indices": [
        0,
        1,
        2,
        3
      ],
      "pred_candidate_indices": [
        0,
        1,
        3
      ],
      "num_predictions": 3,
      "num_targets": 3,
      "precision": 0.6666666666666666,
      "recall": 0.6666666666666666,
      "f1": 0.6666666666666666,
      "exact": 0.0
    },
    {
      "sample_id": "0000002",
      "image_id": 154,
      "file_name": "COCO_train2014_000000000154.jpg",
      "target_type": "multi-target",
      "expression": "there are three zebras standing in the prairie.",
      "true_count_class": 3,
      "pred_count_class": 3,
      "gt_candidate_indices": [
        0,
        1,
        2,
        3
      ],
      "pred_candidate_indices": [
        0,
        1,
        3
      ],
      "num_predictions": 3,
      "num_targets": 3,
      "precision": 0.6666666666666666,
      "recall": 0.6666666666666666,
      "f1": 0.6666666666666666,
      "exact": 0.0
    },
    {
      "sample_id": "0000003",
      "image_id": 154,
      "file_name": "COCO_train2014_000000000154.jpg",
      "target_type": "multi-target",