{
  "feature_file": "cache/features/stage5/siglip2_detector_testB.pt",
  "checkpoint": "checkpoints/stage5_6/siglip2_10pct_seed1_hierarchical/selected.pt",
  "clip_model": "none",
  "feature_dim": 768,
  "candidate_feature_dim": 768,
  "text_feature_dim": 768,
  "representation": {
    "name": "siglip2",
    "model_ids": {
      "siglip2": "google/siglip2-base-patch16-224"
    },
    "candidate_feature_dim": 768,
    "text_feature_dim": 768,
    "component_normalization": {
      "siglip2_image": "l2",
      "siglip2_text": "l2"
    },
    "fusion": "none",
    "similarity_source": "normalized SigLIP 2 image/text embeddings",
    "encoder_parameters": {
      "siglip2": {
        "total": 375187970,
        "trainable": 0
      }
    }
  },
  "device": "cuda",
  "batch_size": 128,
  "selection_policy": "cardinality-threshold",
  "membership_threshold": 0.9,
  "count_logit_bias": [
    6.5,
    0.0,
    0.0,
    12.0
  ],
  "config": {
    "match_threshold": 0.5,
    "overlap_metric": "giou",
    "prediction_score_threshold": null,
    "image_f1_threshold": 1.0
  },
  "official": {
    "F1_score": 0.41318558177177367,
    "T_acc": 0.9065847234416154,
    "N_acc": 0.7055424780654825
  },
  "diagnostics": {
    "num_samples": 16063,
    "mean_precision": 0.5426549627508351,
    "mean_recall": 0.5343055552014019,
    "mean_f1": 0.532689320584045,
    "exact_set_accuracy": 0.41318558177177367,
    "cardinality_accuracy": 0.7360393450787525,
    "count_class_accuracy": 0.7778746186889124,
    "count_class_evaluated": 16063,
    "micro_precision": 0.4777277665683688,
    "micro_recall": 0.4329925912032261,
    "micro_f1": 0.4542614684540647,
    "total_tp": 9234,
    "total_fp": 10095,
    "total_fn": 12092,
    "no_target_total": 4673,
    "no_target_accuracy": 0.7055424780654825,
    "false_grounding_rate": 0.29445752193451746,
    "single_target_total": 5646,
    "single_target_localization_accuracy": 0.4342897626638328,
    "single_target_exact_accuracy": 0.39744952178533477,
    "multi_target_total": 5744,
    "multi_target_mean_f1": 0.5043968006978023,
    "multi_target_exact_accuracy": 0.19080779944289694
  },
  "by_target_type": {
    "no-target": {
      "num_samples": 4673,
      "mean_precision": 0.7055424780654825,
      "mean_recall": 0.7055424780654825,
      "mean_f1": 0.7055424780654825,
      "exact_set_accuracy": 0.7055424780654825,
      "cardinality_accuracy": 0.7055424780654825,
      "count_class_accuracy": 0.7055424780654825,
      "count_class_evaluated": 4673,
      "micro_precision": 0.0,
      "micro_recall": 0.0,
      "micro_f1": 0.0,
      "total_tp": 0,
      "total_fp": 1634,
      "total_fn": 0
    },
    "single-target": {
      "num_samples": 5646,
      "mean_precision": 0.4122682725233198,
      "mean_recall": 0.4342897626638328,
      "mean_f1": 0.41840831266973655,
      "exact_set_accuracy": 0.39744952178533477,
      "cardinality_accuracy": 0.77541622387531,
      "count_class_accuracy": 0.77541622387531,
      "count_class_evaluated": 5646,
      "micro_precision": 0.4631658481299584,
      "micro_recall": 0.4342897626638328,
      "micro_f1": 0.4482632541133455,
      "total_tp": 2452,
      "total_fp": 2842,
      "total_fn": 3194
    },
    "multi-target": {
      "num_samples": 5744,
      "mean_precision": 0.5383008356545965,
      "mean_recall": 0.49330608168526024,
      "mean_f1": 0.5043968006978023,
      "exact_set_accuracy": 0.19080779944289694,
      "cardinality_accuracy": 0.7221448467966574,
      "count_class_accuracy": 0.8391364902506964,
      "count_class_evaluated": 5744,
      "micro_precision": 0.5468913797274413,
      "micro_recall": 0.43252551020408164,
      "micro_f1": 0.4830312310815142,
      "total_tp": 6782,
      "total_fp": 5619,
      "total_fn": 8898
    }
  },
  "by_count_group": {
    "0": {
      "num_samples": 4673,
      "mean_precision": 0.7055424780654825,
      "mean_recall": 0.7055424780654825,
      "mean_f1": 0.7055424780654825,
      "exact_set_accuracy": 0.7055424780654825,
      "cardinality_accuracy": 0.7055424780654825,
      "count_class_accuracy": 0.7055424780654825,
      "count_class_evaluated": 4673,
      "micro_precision": 0.0,
      "micro_recall": 0.0,
      "micro_f1": 0.0,
      "total_tp": 0,
      "total_fp": 1634,
      "total_fn": 0
    },
    "1": {
      "num_samples": 5646,
      "mean_precision": 0.4122682725233198,
      "mean_recall": 0.4342897626638328,
      "mean_f1": 0.41840831266973655,
      "exact_set_accuracy": 0.39744952178533477,
      "cardinality_accuracy": 0.77541622387531,
      "count_class_accuracy": 0.77541622387531,
      "count_class_evaluated": 5646,
      "micro_precision": 0.4631658481299584,
      "micro_recall": 0.4342897626638328,
      "micro_f1": 0.4482632541133455,
      "total_tp": 2452,
      "total_fp": 2842,
      "total_fn": 3194
    },
    "2": {
      "num_samples": 3957,
      "mean_precision": 0.5394238059135706,
      "mean_recall": 0.5456153651756381,
      "mean_f1": 0.5403757055008008,
      "exact_set_accuracy": 0.25246398786959817,
      "cardinality_accuracy": 0.8968915845337376,
      "count_class_accuracy": 0.8963861511245893,
      "count_class_evaluated": 3957,
      "micro_precision": 0.5523858257643597,
      "micro_recall": 0.5456153651756381,
      "micro_f1": 0.5489797215688768,
      "total_tp": 4318,
      "total_fp": 3499,
      "total_fn": 3596
    },
    "3+": {
      "num_samples": 1787,
      "mean_precision": 0.5358142137660875,
      "mean_recall": 0.37747629166207813,
      "mean_f1": 0.4247277876561242,
      "exact_set_accuracy": 0.05428091773922775,
      "cardinality_accuracy": 0.33519865696698375,
      "count_class_accuracy": 0.7123670956911025,
      "count_class_evaluated": 1787,
      "micro_precision": 0.537521815008726,
      "micro_recall": 0.31728045325779036,
      "micro_f1": 0.39902834008097166,
      "total_tp": 2464,
      "total_fp": 2120,
      "total_fn": 5302
    }
  },
  "examples": [
    {
      "sample_id": "0000000",
      "image_id": 154,
      "file_name": "COCO_train2014_000000000154.jpg",
      "target_type": "multi-target",
      "expression": "three zebras standing on the savannah.",
      "true_count_class": 3,
      "pred_count_class": 3,
      "gt_candidate_indices": [
        0,
        1,
        2,
        3
      ],
      "pred_candidate_indices": [
        0,
        1,
        3
      ],
      "num_predictions": 3,
      "num_targets": 3,
      "precision": 0.6666666666666666,
      "recall": 0.6666666666666666,
      "f1": 0.6666666666666666,
      "exact": 0.0
    },
    {
      "sample_id": "0000001",
      "image_id": 154,
      "file_name": "COCO_train2014_000000000154.jpg",
      "target_type": "multi-target",
      "expression": "a trio of zebras positioned on the grassland.",
      "true_count_class": 3,
      "pred_count_class": 3,
      "gt_candidate_indices": [
        0,
        1,
        2,
        3
      ],
      "pred_candidate_indices": [
        0,
        1,
        3
      ],
      "num_predictions": 3,
      "num_targets": 3,
      "precision": 0.6666666666666666,
      "recall": 0.6666666666666666,
      "f1": 0.6666666666666666,
      "exact": 0.0
    },
    {
      "sample_id": "0000002",
      "image_id": 154,
      "file_name": "COCO_train2014_000000000154.jpg",
      "target_type": "multi-target",
      "expression": "there are three zebras standing in the prairie.",
      "true_count_class": 3,
      "pred_count_class": 3,
      "gt_candidate_indices": [
        0,
        1,
        2,
        3
      ],
      "pred_candidate_indices": [
        0,
        1,
        3
      ],
      "num_predictions": 3,
      "num_targets": 3,
      "precision": 0.6666666666666666,
      "recall": 0.6666666666666666,
      "f1": 0.6666666666666666,
      "exact": 0.0
    },
    {
      "sample_id": "0000003",
      "image_id": 154,
      "file_name": "COCO_train2014_000000000154.jpg",
      "target_type": "multi-target",