{
  "feature_file": "cache/features/stage5/siglip2_detector_testA.pt",
  "checkpoint": "checkpoints/stage5_6/siglip2_10pct_seed1_hierarchical/selected.pt",
  "clip_model": "none",
  "feature_dim": 768,
  "candidate_feature_dim": 768,
  "text_feature_dim": 768,
  "representation": {
    "name": "siglip2",
    "model_ids": {
      "siglip2": "google/siglip2-base-patch16-224"
    },
    "candidate_feature_dim": 768,
    "text_feature_dim": 768,
    "component_normalization": {
      "siglip2_image": "l2",
      "siglip2_text": "l2"
    },
    "fusion": "none",
    "similarity_source": "normalized SigLIP 2 image/text embeddings",
    "encoder_parameters": {
      "siglip2": {
        "total": 375187970,
        "trainable": 0
      }
    }
  },
  "device": "cuda",
  "batch_size": 128,
  "selection_policy": "cardinality-threshold",
  "membership_threshold": 0.9,
  "count_logit_bias": [
    6.5,
    0.0,
    0.0,
    12.0
  ],
  "config": {
    "match_threshold": 0.5,
    "overlap_metric": "giou",
    "prediction_score_threshold": null,
    "image_f1_threshold": 1.0
  },
  "official": {
    "F1_score": 0.45036458333333335,
    "T_acc": 0.9494983731019523,
    "N_acc": 0.6735611510791367
  },
  "diagnostics": {
    "num_samples": 19200,
    "mean_precision": 0.6209236111111085,
    "mean_recall": 0.6059911048875882,
    "mean_f1": 0.6071973801929692,
    "exact_set_accuracy": 0.45036458333333335,
    "cardinality_accuracy": 0.7541666666666667,
    "count_class_accuracy": 0.79953125,
    "count_class_evaluated": 19200,
    "micro_precision": 0.5811264453562104,
    "micro_recall": 0.5265292328489355,
    "micro_f1": 0.5524822695035461,
    "total_tp": 15580,
    "total_fp": 11230,
    "total_fn": 14010,
    "no_target_total": 4448,
    "no_target_accuracy": 0.6735611510791367,
    "false_grounding_rate": 0.32643884892086333,
    "single_target_total": 5917,
    "single_target_localization_accuracy": 0.604698326854825,
    "single_target_exact_accuracy": 0.5671793138414737,
    "multi_target_total": 8835,
    "multi_target_mean_f1": 0.5849299792158315,
    "multi_target_exact_accuracy": 0.2597623089983022
  },
  "by_target_type": {
    "no-target": {
      "num_samples": 4448,
      "mean_precision": 0.6735611510791367,
      "mean_recall": 0.6735611510791367,
      "mean_f1": 0.6735611510791367,
      "exact_set_accuracy": 0.6735611510791367,
      "cardinality_accuracy": 0.6735611510791367,
      "count_class_accuracy": 0.6735611510791367,
      "count_class_evaluated": 4448,
      "micro_precision": 0.0,
      "micro_recall": 0.0,
      "micro_f1": 0.0,
      "total_tp": 0,
      "total_fp": 1737,
      "total_fn": 0
    },
    "single-target": {
      "num_samples": 5917,
      "mean_precision": 0.5843051095712924,
      "mean_recall": 0.604698326854825,
      "mean_f1": 0.5905582784068488,
      "exact_set_accuracy": 0.5671793138414737,
      "cardinality_accuracy": 0.8646273449383133,
      "count_class_accuracy": 0.8646273449383133,
      "count_class_evaluated": 5917,
      "micro_precision": 0.6204265649384428,
      "micro_recall": 0.604698326854825,
      "micro_f1": 0.6124614857925368,
      "total_tp": 3578,
      "total_fp": 2189,
      "total_fn": 2339
    },
    "multi-target": {
      "num_samples": 8835,
      "mean_precision": 0.6189473684210537,
      "mean_recall": 0.5728386206951551,
      "mean_f1": 0.5849299792158315,
      "exact_set_accuracy": 0.2597623089983022,
      "cardinality_accuracy": 0.7207696661007357,
      "count_class_accuracy": 0.8193548387096774,
      "count_class_evaluated": 8835,
      "micro_precision": 0.6216720190614317,
      "micro_recall": 0.5069910868922402,
      "micro_f1": 0.558505316549943,
      "total_tp": 12002,
      "total_fp": 7304,
      "total_fn": 11671
    }
  },
  "by_count_group": {
    "0": {
      "num_samples": 4448,
      "mean_precision": 0.6735611510791367,
      "mean_recall": 0.6735611510791367,
      "mean_f1": 0.6735611510791367,
      "exact_set_accuracy": 0.6735611510791367,
      "cardinality_accuracy": 0.6735611510791367,
      "count_class_accuracy": 0.6735611510791367,
      "count_class_evaluated": 4448,
      "micro_precision": 0.0,
      "micro_recall": 0.0,
      "micro_f1": 0.0,
      "total_tp": 0,
      "total_fp": 1737,
      "total_fn": 0
    },
    "1": {
      "num_samples": 5917,
      "mean_precision": 0.5843051095712924,
      "mean_recall": 0.604698326854825,
      "mean_f1": 0.5905582784068488,
      "exact_set_accuracy": 0.5671793138414737,
      "cardinality_accuracy": 0.8646273449383133,
      "count_class_accuracy": 0.8646273449383133,
      "count_class_evaluated": 5917,
      "micro_precision": 0.6204265649384428,
      "micro_recall": 0.604698326854825,
      "micro_f1": 0.6124614857925368,
      "total_tp": 3578,
      "total_fp": 2189,
      "total_fn": 2339
    },
    "2": {
      "num_samples": 5940,
      "mean_precision": 0.6416498316498317,
      "mean_recall": 0.6425925925925926,
      "mean_f1": 0.6380423280423307,
      "exact_set_accuracy": 0.34865319865319866,
      "cardinality_accuracy": 0.8747474747474747,
      "count_class_accuracy": 0.8747474747474747,
      "count_class_evaluated": 5940,
      "micro_precision": 0.6434592043155766,
      "micro_recall": 0.6425925925925926,
      "micro_f1": 0.6430256064690026,
      "total_tp": 7634,
      "total_fp": 4230,
      "total_fn": 4246
    },
    "3+": {
      "num_samples": 2895,
      "mean_precision": 0.5723661485319564,
      "mean_recall": 0.42971648146518515,
      "mean_f1": 0.47595334639047315,
      "exact_set_accuracy": 0.0773747841105354,
      "cardinality_accuracy": 0.4048359240069085,
      "count_class_accuracy": 0.705699481865285,
      "count_class_evaluated": 2895,
      "micro_precision": 0.5869389948938457,
      "micro_recall": 0.37038921394047314,
      "micro_f1": 0.4541720821419288,
      "total_tp": 4368,
      "total_fp": 3074,
      "total_fn": 7425
    }
  },
  "examples": [
    {
      "sample_id": "0000000",
      "image_id": 839,
      "file_name": "COCO_train2014_000000000839.jpg",
      "target_type": "multi-target",
      "expression": "blue shirt and a frisbee",
      "true_count_class": 2,
      "pred_count_class": 2,
      "gt_candidate_indices": [
        0,
        1
      ],
      "pred_candidate_indices": [
        0,
        2
      ],
      "num_predictions": 2,
      "num_targets": 2,
      "precision": 0.5,
      "recall": 0.5,
      "f1": 0.5,
      "exact": 0.0
    },
    {
      "sample_id": "0000001",
      "image_id": 839,
      "file_name": "COCO_train2014_000000000839.jpg",
      "target_type": "multi-target",
      "expression": "blue shirt and frisbee",
      "true_count_class": 2,
      "pred_count_class": 2,
      "gt_candidate_indices": [
        0,
        1
      ],
      "pred_candidate_indices": [
        0,
        2
      ],
      "num_predictions": 2,
      "num_targets": 2,
      "precision": 0.5,
      "recall": 0.5,
      "f1": 0.5,
      "exact": 0.0
    },
    {
      "sample_id": "0000002",
      "image_id": 839,
      "file_name": "COCO_train2014_000000000839.jpg",
      "target_type": "multi-target",
      "expression": "blue shirt and white shirt",
      "true_count_class": 2,
      "pred_count_class": 2,
      "gt_candidate_indices": [
        0,
        2
      ],
      "pred_candidate_indices": [
        0,
        2
      ],
      "num_predictions": 2,
      "num_targets": 2,
      "precision": 1.0,
      "recall": 1.0,
      "f1": 1.0,
      "exact": 1.0
    },
    {
      "sample_id": "0000003",
      "image_id": 839,
      "file_name": "COCO_train2014_000000000839.jpg",
      "target_type": "multi-target",
      "expression": "blue cshirt and falling",
      "true_count_class": 2,
      "pred_count_class": 2,
      "gt_candidate_indices": [
        0,
        2
      ],
      "pred_candidate_indices": [
        0,
        2
      ],
      "num_predictions": 2,
      "num_targets": 2,
      "precision": 1.0,