{
  "feature_file": "cache/features/stage5/siglip2_detector_testA.pt",
  "checkpoint": "checkpoints/stage5_6/siglip2_10pct_seed1_hierarchical/selected.pt",
  "clip_model": "none",
  "feature_dim": 768,
  "candidate_feature_dim": 768,
  "text_feature_dim": 768,
  "representation": {
    "name": "siglip2",
    "model_ids": {
      "siglip2": "google/siglip2-base-patch16-224"
    },
    "candidate_feature_dim": 768,
    "text_feature_dim": 768,
    "component_normalization": {
      "siglip2_image": "l2",
      "siglip2_text": "l2"
    },
    "fusion": "none",
    "similarity_source": "normalized SigLIP 2 image/text embeddings",
    "encoder_parameters": {
      "siglip2": {
        "total": 375187970,
        "trainable": 0
      }
    }
  },
  "device": "cuda",
  "batch_size": 128,
  "selection_policy": "cardinality-threshold",
  "membership_threshold": 0.7,
  "count_logit_bias": [
    1.0,
    0.0,
    0.0,
    1.0
  ],
  "config": {
    "match_threshold": 0.5,
    "overlap_metric": "giou",
    "prediction_score_threshold": null,
    "image_f1_threshold": 1.0
  },
  "official": {
    "F1_score": 0.44104166666666667,
    "T_acc": 0.9759354663774403,
    "N_acc": 0.5899280575539568
  },
  "diagnostics": {
    "num_samples": 19200,
    "mean_precision": 0.6201599439333794,
    "mean_recall": 0.586219305867745,
    "mean_f1": 0.5933795241042529,
    "exact_set_accuracy": 0.44104166666666667,
    "cardinality_accuracy": 0.7413541666666666,
    "count_class_accuracy": 0.7694791666666667,
    "count_class_evaluated": 19200,
    "micro_precision": 0.5846337151203014,
    "micro_recall": 0.5140588036498818,
    "micro_f1": 0.547079556898288,
    "total_tp": 15211,
    "total_fp": 10807,
    "total_fn": 14379,
    "no_target_total": 4448,
    "no_target_accuracy": 0.5899280575539568,
    "false_grounding_rate": 0.41007194244604317,
    "single_target_total": 5917,
    "single_target_localization_accuracy": 0.6259929018083489,
    "single_target_exact_accuracy": 0.5943890485043096,
    "multi_target_total": 8835,
    "multi_target_mean_f1": 0.5803493902435569,
    "multi_target_exact_accuracy": 0.26338426711941143
  },
  "by_target_type": {
    "no-target": {
      "num_samples": 4448,
      "mean_precision": 0.5899280575539568,
      "mean_recall": 0.5899280575539568,
      "mean_f1": 0.5899280575539568,
      "exact_set_accuracy": 0.5899280575539568,
      "cardinality_accuracy": 0.5899280575539568,
      "count_class_accuracy": 0.5899280575539568,
      "count_class_evaluated": 4448,
      "micro_precision": 0.0,
      "micro_recall": 0.0,
      "micro_f1": 0.0,
      "total_tp": 0,
      "total_fp": 2070,
      "total_fn": 0
    },
    "single-target": {
      "num_samples": 5917,
      "mean_precision": 0.610162807729142,
      "mean_recall": 0.6259929018083489,
      "mean_f1": 0.6154301166131463,
      "exact_set_accuracy": 0.5943890485043096,
      "cardinality_accuracy": 0.916511745817137,
      "count_class_accuracy": 0.916511745817137,
      "count_class_evaluated": 5917,
      "micro_precision": 0.6257813819902011,
      "micro_recall": 0.6259929018083489,
      "micro_f1": 0.625887124028388,
      "total_tp": 3704,
      "total_fp": 2215,
      "total_fn": 2213
    },
    "multi-target": {
      "num_samples": 8835,
      "mean_precision": 0.6420755619906741,
      "mean_recall": 0.5577148469338598,
      "mean_f1": 0.5803493902435569,
      "exact_set_accuracy": 0.26338426711941143,
      "cardinality_accuracy": 0.7002829654782117,
      "count_class_accuracy": 0.7614035087719299,
      "count_class_evaluated": 8835,
      "micro_precision": 0.6382494869377114,
      "micro_recall": 0.48608118954082713,
      "micro_f1": 0.5518680159224977,
      "total_tp": 11507,
      "total_fp": 6522,
      "total_fn": 12166
    }
  },
  "by_count_group": {
    "0": {
      "num_samples": 4448,
      "mean_precision": 0.5899280575539568,
      "mean_recall": 0.5899280575539568,
      "mean_f1": 0.5899280575539568,
      "exact_set_accuracy": 0.5899280575539568,
      "cardinality_accuracy": 0.5899280575539568,
      "count_class_accuracy": 0.5899280575539568,
      "count_class_evaluated": 4448,
      "micro_precision": 0.0,
      "micro_recall": 0.0,
      "micro_f1": 0.0,
      "total_tp": 0,
      "total_fp": 2070,
      "total_fn": 0
    },
    "1": {
      "num_samples": 5917,
      "mean_precision": 0.610162807729142,
      "mean_recall": 0.6259929018083489,
      "mean_f1": 0.6154301166131463,
      "exact_set_accuracy": 0.5943890485043096,
      "cardinality_accuracy": 0.916511745817137,
      "count_class_accuracy": 0.916511745817137,
      "count_class_evaluated": 5917,
      "micro_precision": 0.6257813819902011,
      "micro_recall": 0.6259929018083489,
      "micro_f1": 0.625887124028388,
      "total_tp": 3704,
      "total_fp": 2215,
      "total_fn": 2213
    },
    "2": {
      "num_samples": 5940,
      "mean_precision": 0.6584048153492598,
      "mean_recall": 0.640993265993266,
      "mean_f1": 0.6460315031022082,
      "exact_set_accuracy": 0.367003367003367,
      "cardinality_accuracy": 0.9351851851851852,
      "count_class_accuracy": 0.9351851851851852,
      "count_class_evaluated": 5940,
      "micro_precision": 0.6570319240724762,
      "micro_recall": 0.640993265993266,
      "micro_f1": 0.6489135066041756,
      "total_tp": 7615,
      "total_fp": 3975,
      "total_fn": 4265
    },
    "3+": {
      "num_samples": 2895,
      "mean_precision": 0.6085709799699465,
      "mean_recall": 0.38684306482233904,
      "mean_f1": 0.4455819462434092,
      "exact_set_accuracy": 0.05077720207253886,
      "cardinality_accuracy": 0.21830742659758204,
      "count_class_accuracy": 0.4048359240069085,
      "count_class_evaluated": 2895,
      "micro_precision": 0.6044416834912253,
      "micro_recall": 0.3300262867802934,
      "micro_f1": 0.42694164107064503,
      "total_tp": 3892,
      "total_fp": 2547,
      "total_fn": 7901
    }
  },
  "examples": [
    {
      "sample_id": "0000000",
      "image_id": 839,
      "file_name": "COCO_train2014_000000000839.jpg",
      "target_type": "multi-target",
      "expression": "blue shirt and a frisbee",
      "true_count_class": 2,
      "pred_count_class": 2,
      "gt_candidate_indices": [
        0,
        1
      ],
      "pred_candidate_indices": [
        0,
        2
      ],
      "num_predictions": 2,
      "num_targets": 2,
      "precision": 0.5,
      "recall": 0.5,
      "f1": 0.5,
      "exact": 0.0
    },
    {
      "sample_id": "0000001",
      "image_id": 839,
      "file_name": "COCO_train2014_000000000839.jpg",
      "target_type": "multi-target",
      "expression": "blue shirt and frisbee",
      "true_count_class": 2,
      "pred_count_class": 2,
      "gt_candidate_indices": [
        0,
        1
      ],
      "pred_candidate_indices": [
        0,
        2
      ],
      "num_predictions": 2,
      "num_targets": 2,
      "precision": 0.5,
      "recall": 0.5,
      "f1": 0.5,
      "exact": 0.0
    },
    {
      "sample_id": "0000002",
      "image_id": 839,
      "file_name": "COCO_train2014_000000000839.jpg",
      "target_type": "multi-target",
      "expression": "blue shirt and white shirt",
      "true_count_class": 2,
      "pred_count_class": 2,
      "gt_candidate_indices": [
        0,
        2
      ],
      "pred_candidate_indices": [
        0,
        2
      ],
      "num_predictions": 2,
      "num_targets": 2,
      "precision": 1.0,
      "recall": 1.0,
      "f1": 1.0,
      "exact": 1.0
    },
    {
      "sample_id": "0000003",
      "image_id": 839,
      "file_name": "COCO_train2014_000000000839.jpg",
      "target_type": "multi-target",
      "expression": "blue cshirt and falling",
      "true_count_class": 2,
      "pred_count_class": 2,
      "gt_candidate_indices": [
        0,
        2
      ],
      "pred_candidate_indices": [
        0,
        2
      ],
      "num_predictions": 2,
      "num_targets": 2,
      "precision": 1.0,