{
  "feature_file": "cache/features/stage5/siglip2_detector_testB.pt",
  "checkpoint": "checkpoints/stage5_6/siglip2_10pct_seed1_hierarchical/selected.pt",
  "clip_model": "none",
  "feature_dim": 768,
  "candidate_feature_dim": 768,
  "text_feature_dim": 768,
  "representation": {
    "name": "siglip2",
    "model_ids": {
      "siglip2": "google/siglip2-base-patch16-224"
    },
    "candidate_feature_dim": 768,
    "text_feature_dim": 768,
    "component_normalization": {
      "siglip2_image": "l2",
      "siglip2_text": "l2"
    },
    "fusion": "none",
    "similarity_source": "normalized SigLIP 2 image/text embeddings",
    "encoder_parameters": {
      "siglip2": {
        "total": 375187970,
        "trainable": 0
      }
    }
  },
  "device": "cuda",
  "batch_size": 128,
  "selection_policy": "cardinality-threshold",
  "membership_threshold": 0.7,
  "count_logit_bias": [
    1.0,
    0.0,
    0.0,
    1.0
  ],
  "config": {
    "match_threshold": 0.5,
    "overlap_metric": "giou",
    "prediction_score_threshold": null,
    "image_f1_threshold": 1.0
  },
  "official": {
    "F1_score": 0.4029135279835647,
    "T_acc": 0.9436347673397717,
    "N_acc": 0.6242242670661245
  },
  "diagnostics": {
    "num_samples": 16063,
    "mean_precision": 0.5387250633530904,
    "mean_recall": 0.5142572782381639,
    "mean_f1": 0.518053822482731,
    "exact_set_accuracy": 0.4029135279835647,
    "cardinality_accuracy": 0.7351677768785407,
    "count_class_accuracy": 0.7572060013696071,
    "count_class_evaluated": 16063,
    "micro_precision": 0.4789437621883729,
    "micro_recall": 0.42609959673637815,
    "micro_f1": 0.45097893247971416,
    "total_tp": 9087,
    "total_fp": 9886,
    "total_fn": 12239,
    "no_target_total": 4673,
    "no_target_accuracy": 0.6242242670661245,
    "false_grounding_rate": 0.37577573293387545,
    "single_target_total": 5646,
    "single_target_localization_accuracy": 0.45501239815798794,
    "single_target_exact_accuracy": 0.4311016648955012,
    "multi_target_total": 5744,
    "multi_target_mean_f1": 0.501566600024396,
    "multi_target_exact_accuracy": 0.19516016713091922
  },
  "by_target_type": {
    "no-target": {
      "num_samples": 4673,
      "mean_precision": 0.6242242670661245,
      "mean_recall": 0.6242242670661245,
      "mean_f1": 0.6242242670661245,
      "exact_set_accuracy": 0.6242242670661245,
      "cardinality_accuracy": 0.6242242670661245,
      "count_class_accuracy": 0.6242242670661245,
      "count_class_evaluated": 4673,
      "micro_precision": 0.0,
      "micro_recall": 0.0,
      "micro_f1": 0.0,
      "total_tp": 0,
      "total_fp": 1924,
      "total_fn": 0
    },
    "single-target": {
      "num_samples": 5646,
      "mean_precision": 0.44296847325540206,
      "mean_recall": 0.45501239815798794,
      "mean_f1": 0.44695359546581653,
      "exact_set_accuracy": 0.4311016648955012,
      "cardinality_accuracy": 0.8460857244066596,
      "count_class_accuracy": 0.8460857244066596,
      "count_class_evaluated": 5646,
      "micro_precision": 0.47759806655512177,
      "micro_recall": 0.45501239815798794,
      "micro_f1": 0.466031746031746,
      "total_tp": 2569,
      "total_fp": 2810,
      "total_fn": 3077
    },
    "multi-target": {
      "num_samples": 5744,
      "mean_precision": 0.5632905105572242,
      "mean_recall": 0.4830283183042587,
      "mean_f1": 0.501566600024396,
      "exact_set_accuracy": 0.19516016713091922,
      "cardinality_accuracy": 0.716399721448468,
      "count_class_accuracy": 0.7780292479108635,
      "count_class_evaluated": 5744,
      "micro_precision": 0.5585261353898886,
      "micro_recall": 0.41568877551020406,
      "micro_f1": 0.476636197440585,
      "total_tp": 6518,
      "total_fp": 5152,
      "total_fn": 9162
    }
  },
  "by_count_group": {
    "0": {
      "num_samples": 4673,
      "mean_precision": 0.6242242670661245,
      "mean_recall": 0.6242242670661245,
      "mean_f1": 0.6242242670661245,
      "exact_set_accuracy": 0.6242242670661245,
      "cardinality_accuracy": 0.6242242670661245,
      "count_class_accuracy": 0.6242242670661245,
      "count_class_evaluated": 4673,
      "micro_precision": 0.0,
      "micro_recall": 0.0,
      "micro_f1": 0.0,
      "total_tp": 0,
      "total_fp": 1924,
      "total_fn": 0
    },
    "1": {
      "num_samples": 5646,
      "mean_precision": 0.44296847325540206,
      "mean_recall": 0.45501239815798794,
      "mean_f1": 0.44695359546581653,
      "exact_set_accuracy": 0.4311016648955012,
      "cardinality_accuracy": 0.8460857244066596,
      "count_class_accuracy": 0.8460857244066596,
      "count_class_evaluated": 5646,
      "micro_precision": 0.47759806655512177,
      "micro_recall": 0.45501239815798794,
      "micro_f1": 0.466031746031746,
      "total_tp": 2569,
      "total_fp": 2810,
      "total_fn": 3077
    },
    "2": {
      "num_samples": 3957,
      "mean_precision": 0.5542877600876086,
      "mean_recall": 0.5489006823351024,
      "mean_f1": 0.5498116658844484,
      "exact_set_accuracy": 0.26737427343947434,
      "cardinality_accuracy": 0.9535001263583522,
      "count_class_accuracy": 0.9532474096537781,
      "count_class_evaluated": 3957,
      "micro_precision": 0.5584265329733898,
      "micro_recall": 0.5489006823351024,
      "micro_f1": 0.5536226342955458,
      "total_tp": 4344,
      "total_fp": 3435,
      "total_fn": 3570
    },
    "3+": {
      "num_samples": 1787,
      "mean_precision": 0.5832255321622974,
      "mean_recall": 0.3371654506657309,
      "mean_f1": 0.39473631149151894,
      "exact_set_accuracy": 0.035254616675993285,
      "cardinality_accuracy": 0.19138220481253498,
      "count_class_accuracy": 0.39003917179630665,
      "count_class_evaluated": 1787,
      "micro_precision": 0.5587252634284245,
      "micro_recall": 0.2799381921194952,
      "micro_f1": 0.372994767092734,
      "total_tp": 2174,
      "total_fp": 1717,
      "total_fn": 5592
    }
  },
  "examples": [
    {
      "sample_id": "0000000",
      "image_id": 154,
      "file_name": "COCO_train2014_000000000154.jpg",
      "target_type": "multi-target",
      "expression": "three zebras standing on the savannah.",
      "true_count_class": 3,
      "pred_count_class": 3,
      "gt_candidate_indices": [
        0,
        1,
        2,
        3
      ],
      "pred_candidate_indices": [
        0,
        1,
        3
      ],
      "num_predictions": 3,
      "num_targets": 3,
      "precision": 0.6666666666666666,
      "recall": 0.6666666666666666,
      "f1": 0.6666666666666666,
      "exact": 0.0
    },
    {
      "sample_id": "0000001",
      "image_id": 154,
      "file_name": "COCO_train2014_000000000154.jpg",
      "target_type": "multi-target",
      "expression": "a trio of zebras positioned on the grassland.",
      "true_count_class": 3,
      "pred_count_class": 3,
      "gt_candidate_indices": [
        0,
        1,
        2,
        3
      ],
      "pred_candidate_indices": [
        0,
        1,
        3
      ],
      "num_predictions": 3,
      "num_targets": 3,
      "precision": 0.6666666666666666,
      "recall": 0.6666666666666666,
      "f1": 0.6666666666666666,
      "exact": 0.0
    },
    {
      "sample_id": "0000002",
      "image_id": 154,
      "file_name": "COCO_train2014_000000000154.jpg",
      "target_type": "multi-target",
      "expression": "there are three zebras standing in the prairie.",
      "true_count_class": 3,
      "pred_count_class": 3,
      "gt_candidate_indices": [
        0,
        1,
        2,
        3
      ],
      "pred_candidate_indices": [
        0,
        1,
        3
      ],
      "num_predictions": 3,
      "num_targets": 3,
      "precision": 0.6666666666666666,
      "recall": 0.6666666666666666,
      "f1": 0.6666666666666666,
      "exact": 0.0
    },
    {
      "sample_id": "0000003",
      "image_id": 154,
      "file_name": "COCO_train2014_000000000154.jpg",
      "target_type": "multi-target",