{
  "feature_file": "cache/features/stage5/clip_detector_testB.pt",
  "checkpoint": "checkpoints/stage5/clip_1pct_seed2/best.pt",
  "clip_model": "ViT-B/32",
  "feature_dim": 512,
  "candidate_feature_dim": 512,
  "text_feature_dim": 512,
  "representation": {
    "name": "clip",
    "model_ids": {
      "clip": "ViT-B/32"
    },
    "candidate_feature_dim": 512,
    "text_feature_dim": 512,
    "component_normalization": {
      "clip_image": "l2",
      "clip_text": "l2"
    },
    "fusion": "none",
    "encoder_parameters": {
      "clip": {
        "total": 151277313,
        "trainable": 0
      }
    }
  },
  "device": "cuda",
  "batch_size": 64,
  "selection_policy": "cardinality-threshold",
  "membership_threshold": 0.5,
  "config": {
    "match_threshold": 0.5,
    "overlap_metric": "giou",
    "prediction_score_threshold": null,
    "image_f1_threshold": 1.0
  },
  "official": {
    "F1_score": 0.2940920126999938,
    "T_acc": 0.1057945566286216,
    "N_acc": 0.9813824095869891
  },
  "diagnostics": {
    "num_samples": 16063,
    "mean_precision": 0.3153209238622922,
    "mean_recall": 0.3166894934528625,
    "mean_f1": 0.3153897006726492,
    "exact_set_accuracy": 0.2940920126999938,
    "cardinality_accuracy": 0.3384174811679014,
    "count_class_accuracy": 0.3384174811679014,
    "count_class_evaluated": 16063,
    "micro_precision": 0.37074303405572756,
    "micro_recall": 0.0449216918315671,
    "micro_f1": 0.08013383521539105,
    "total_tp": 958,
    "total_fp": 1626,
    "total_fn": 20368,
    "no_target_total": 4673,
    "no_target_accuracy": 0.9813824095869891,
    "false_grounding_rate": 0.018617590413010913,
    "single_target_total": 5646,
    "single_target_localization_accuracy": 0.015409139213602551,
    "single_target_exact_accuracy": 0.0,
    "multi_target_total": 5744,
    "multi_target_mean_f1": 0.073486205066985,
    "multi_target_exact_accuracy": 0.02402506963788301
  },
  "by_target_type": {
    "no-target": {
      "num_samples": 4673,
      "mean_precision": 0.9813824095869891,
      "mean_recall": 0.9813824095869891,
      "mean_f1": 0.9813824095869891,
      "exact_set_accuracy": 0.9813824095869891,
      "cardinality_accuracy": 0.9813824095869891,
      "count_class_accuracy": 0.9813824095869891,
      "count_class_evaluated": 4673,
      "micro_precision": 0.0,
      "micro_recall": 0.0,
      "micro_f1": 0.0,
      "total_tp": 0,
      "total_fp": 174,
      "total_fn": 0
    },
    "single-target": {
      "num_samples": 5646,
      "mean_precision": 0.0077045696068012755,
      "mean_recall": 0.015409139213602551,
      "mean_f1": 0.010272759475735022,
      "exact_set_accuracy": 0.0,
      "cardinality_accuracy": 0.0,
      "count_class_accuracy": 0.0,
      "count_class_evaluated": 5646,
      "micro_precision": 0.1891304347826087,
      "micro_recall": 0.015409139213602551,
      "micro_f1": 0.028496560759908286,
      "total_tp": 87,
      "total_fp": 373,
      "total_fn": 5559
    },
    "multi-target": {
      "num_samples": 5744,
      "mean_precision": 0.07581824512534818,
      "mean_recall": 0.07207230733519031,
      "mean_f1": 0.073486205066985,
      "exact_set_accuracy": 0.02402506963788301,
      "cardinality_accuracy": 0.14798050139275767,
      "count_class_accuracy": 0.14798050139275767,
      "count_class_evaluated": 5744,
      "micro_precision": 0.44666666666666666,
      "micro_recall": 0.0555484693877551,
      "micro_f1": 0.09880884855360182,
      "total_tp": 871,
      "total_fp": 1079,
      "total_fn": 14809
    }
  },
  "by_count_group": {
    "0": {
      "num_samples": 4673,
      "mean_precision": 0.9813824095869891,
      "mean_recall": 0.9813824095869891,
      "mean_f1": 0.9813824095869891,
      "exact_set_accuracy": 0.9813824095869891,
      "cardinality_accuracy": 0.9813824095869891,
      "count_class_accuracy": 0.9813824095869891,
      "count_class_evaluated": 4673,
      "micro_precision": 0.0,
      "micro_recall": 0.0,
      "micro_f1": 0.0,
      "total_tp": 0,
      "total_fp": 174,
      "total_fn": 0
    },
    "1": {
      "num_samples": 5646,
      "mean_precision": 0.0077045696068012755,
      "mean_recall": 0.015409139213602551,
      "mean_f1": 0.010272759475735022,
      "exact_set_accuracy": 0.0,
      "cardinality_accuracy": 0.0,
      "count_class_accuracy": 0.0,
      "count_class_evaluated": 5646,
      "micro_precision": 0.1891304347826087,
      "micro_recall": 0.015409139213602551,
      "micro_f1": 0.028496560759908286,
      "total_tp": 87,
      "total_fp": 373,
      "total_fn": 5559
    },
    "2": {
      "num_samples": 3957,
      "mean_precision": 0.09552691432903715,
      "mean_recall": 0.09552691432903715,
      "mean_f1": 0.09552691432903715,
      "exact_set_accuracy": 0.034874905231235785,
      "cardinality_accuracy": 0.2148091988880465,
      "count_class_accuracy": 0.2148091988880465,
      "count_class_evaluated": 3957,
      "micro_precision": 0.4447058823529412,
      "micro_recall": 0.09552691432903715,
      "micro_f1": 0.15727064697316415,
      "total_tp": 756,
      "total_fp": 944,
      "total_fn": 7158
    },
    "3+": {
      "num_samples": 1787,
      "mean_precision": 0.032176832680470065,
      "mean_recall": 0.02013616862525647,
      "mean_f1": 0.024680896421243336,
      "exact_set_accuracy": 0.0,
      "cardinality_accuracy": 0.0,
      "count_class_accuracy": 0.0,
      "count_class_evaluated": 1787,
      "micro_precision": 0.46,
      "micro_recall": 0.014808138037599793,
      "micro_f1": 0.02869261477045908,
      "total_tp": 115,
      "total_fp": 135,
      "total_fn": 7651
    }
  },
  "examples": [
    {
      "sample_id": "0000000",
      "image_id": 154,
      "file_name": "COCO_train2014_000000000154.jpg",
      "target_type": "multi-target",
      "expression": "three zebras standing on the savannah.",
      "true_count_class": 3,
      "pred_count_class": 2,
      "gt_candidate_indices": [
        0,
        1,
        2,
        3
      ],
      "pred_candidate_indices": [
        0,
        1
      ],
      "num_predictions": 2,
      "num_targets": 3,
      "precision": 1.0,
      "recall": 0.6666666666666666,
      "f1": 0.8,
      "exact": 0.0
    },
    {
      "sample_id": "0000001",
      "image_id": 154,
      "file_name": "COCO_train2014_000000000154.jpg",
      "target_type": "multi-target",
      "expression": "a trio of zebras positioned on the grassland.",
      "true_count_class": 3,
      "pred_count_class": 2,
      "gt_candidate_indices": [
        0,
        1,
        2,
        3
      ],
      "pred_candidate_indices": [
        0,
        1
      ],
      "num_predictions": 2,
      "num_targets": 3,
      "precision": 1.0,
      "recall": 0.6666666666666666,
      "f1": 0.8,
      "exact": 0.0
    },
    {
      "sample_id": "0000002",
      "image_id": 154,
      "file_name": "COCO_train2014_000000000154.jpg",
      "target_type": "multi-target",
      "expression": "there are three zebras standing in the prairie.",
      "true_count_class": 3,
      "pred_count_class": 0,
      "gt_candidate_indices": [
        0,
        1,
        2,
        3
      ],
      "pred_candidate_indices": [],
      "num_predictions": 0,
      "num_targets": 3,
      "precision": 0.0,
      "recall": 0.0,
      "f1": 0.0,
      "exact": 0.0
    },
    {
      "sample_id": "0000003",
      "image_id": 154,
      "file_name": "COCO_train2014_000000000154.jpg",
      "target_type": "multi-target",
      "expression": "three zebras, all stationary on the grassy plain.",
      "true_count_class": 3,
      "pred_count_class": 2,
      "gt_candidate_indices": [
        0,
        1,
        2,
        3
      ],
      "pred_candidate_indices": [
        0,
        1
      ],
      "num_predictions": 2,
      "num_targets": 3,
      "precision": 1.0,
      "recall": 0.6666666666666666,
      "f1": 0.8,
      "exact": 0.0
    },
    {
      "sample_id": "0000004",
      "image_id": 154,