{
  "feature_file": "cache/features/stage5/clip_detector_testB.pt",
  "checkpoint": "checkpoints/stage5/clip_1pct_seed2/last.pt",
  "clip_model": "ViT-B/32",
  "feature_dim": 512,
  "candidate_feature_dim": 512,
  "text_feature_dim": 512,
  "representation": {
    "name": "clip",
    "model_ids": {
      "clip": "ViT-B/32"
    },
    "candidate_feature_dim": 512,
    "text_feature_dim": 512,
    "component_normalization": {
      "clip_image": "l2",
      "clip_text": "l2"
    },
    "fusion": "none",
    "encoder_parameters": {
      "clip": {
        "total": 151277313,
        "trainable": 0
      }
    }
  },
  "device": "cuda",
  "batch_size": 64,
  "selection_policy": "cardinality-threshold",
  "membership_threshold": 0.5,
  "config": {
    "match_threshold": 0.5,
    "overlap_metric": "giou",
    "prediction_score_threshold": null,
    "image_f1_threshold": 1.0
  },
  "official": {
    "F1_score": 0.21390773828052045,
    "T_acc": 0.8376646180860404,
    "N_acc": 0.4493901134175048
  },
  "diagnostics": {
    "num_samples": 16063,
    "mean_precision": 0.3311959160804333,
    "mean_recall": 0.3208191391500854,
    "mean_f1": 0.3182413341567929,
    "exact_set_accuracy": 0.21390773828052045,
    "cardinality_accuracy": 0.5321546411006661,
    "count_class_accuracy": 0.5321546411006661,
    "count_class_evaluated": 16063,
    "micro_precision": 0.2884480620990782,
    "micro_recall": 0.2509143768170309,
    "micro_f1": 0.2683752539057602,
    "total_tp": 5351,
    "total_fp": 13200,
    "total_fn": 15975,
    "no_target_total": 4673,
    "no_target_accuracy": 0.4493901134175048,
    "false_grounding_rate": 0.5506098865824952,
    "single_target_total": 5646,
    "single_target_localization_accuracy": 0.21147715196599362,
    "single_target_exact_accuracy": 0.12911795961742828,
    "multi_target_total": 5744,
    "multi_target_mean_f1": 0.34347328526472093,
    "multi_target_exact_accuracy": 0.10567548746518106
  },
  "by_target_type": {
    "no-target": {
      "num_samples": 4673,
      "mean_precision": 0.4493901134175048,
      "mean_recall": 0.4493901134175048,
      "mean_f1": 0.4493901134175048,
      "exact_set_accuracy": 0.4493901134175048,
      "cardinality_accuracy": 0.4493901134175048,
      "count_class_accuracy": 0.4493901134175048,
      "count_class_evaluated": 4673,
      "micro_precision": 0.0,
      "micro_recall": 0.0,
      "micro_f1": 0.0,
      "total_tp": 0,
      "total_fp": 3226,
      "total_fn": 0
    },
    "single-target": {
      "num_samples": 5646,
      "mean_precision": 0.17029755579171094,
      "mean_recall": 0.21147715196599362,
      "mean_f1": 0.1840240878498041,
      "exact_set_accuracy": 0.12911795961742828,
      "cardinality_accuracy": 0.5086787105915692,
      "count_class_accuracy": 0.5086787105915692,
      "count_class_evaluated": 5646,
      "micro_precision": 0.2285604900459418,
      "micro_recall": 0.21147715196599362,
      "micro_f1": 0.21968721251149953,
      "total_tp": 1194,
      "total_fp": 4030,
      "total_fn": 4452
    },
    "multi-target": {
      "num_samples": 5744,
      "mean_precision": 0.3931928969359331,
      "mean_recall": 0.3236973941796361,
      "mean_f1": 0.34347328526472093,
      "exact_set_accuracy": 0.10567548746518106,
      "cardinality_accuracy": 0.6225626740947076,
      "count_class_accuracy": 0.6225626740947076,
      "count_class_evaluated": 5744,
      "micro_precision": 0.41154341154341156,
      "micro_recall": 0.26511479591836734,
      "micro_f1": 0.32248555137504364,
      "total_tp": 4157,
      "total_fp": 5944,
      "total_fn": 11523
    }
  },
  "by_count_group": {
    "0": {
      "num_samples": 4673,
      "mean_precision": 0.4493901134175048,
      "mean_recall": 0.4493901134175048,
      "mean_f1": 0.4493901134175048,
      "exact_set_accuracy": 0.4493901134175048,
      "cardinality_accuracy": 0.4493901134175048,
      "count_class_accuracy": 0.4493901134175048,
      "count_class_evaluated": 4673,
      "micro_precision": 0.0,
      "micro_recall": 0.0,
      "micro_f1": 0.0,
      "total_tp": 0,
      "total_fp": 3226,
      "total_fn": 0
    },
    "1": {
      "num_samples": 5646,
      "mean_precision": 0.17029755579171094,
      "mean_recall": 0.21147715196599362,
      "mean_f1": 0.1840240878498041,
      "exact_set_accuracy": 0.12911795961742828,
      "cardinality_accuracy": 0.5086787105915692,
      "count_class_accuracy": 0.5086787105915692,
      "count_class_evaluated": 5646,
      "micro_precision": 0.2285604900459418,
      "micro_recall": 0.21147715196599362,
      "micro_f1": 0.21968721251149953,
      "total_tp": 1194,
      "total_fp": 4030,
      "total_fn": 4452
    },
    "2": {
      "num_samples": 3957,
      "mean_precision": 0.4116755117513268,
      "mean_recall": 0.3934799090219864,
      "mean_f1": 0.39954510993176723,
      "exact_set_accuracy": 0.15339903967652263,
      "cardinality_accuracy": 0.9037149355572404,
      "count_class_accuracy": 0.9037149355572404,
      "count_class_evaluated": 3957,
      "micro_precision": 0.4189989235737352,
      "micro_recall": 0.3934799090219864,
      "micro_f1": 0.40583865502411054,
      "total_tp": 3114,
      "total_fp": 4318,
      "total_fn": 4800
    },
    "3+": {
      "num_samples": 1787,
      "mean_precision": 0.3522663682148853,
      "mean_recall": 0.1691761791649868,
      "mean_f1": 0.21931200367126408,
      "exact_set_accuracy": 0.0,
      "cardinality_accuracy": 0.0,
      "count_class_accuracy": 0.0,
      "count_class_evaluated": 1787,
      "micro_precision": 0.390783064818284,
      "micro_recall": 0.13430337368014422,
      "micro_f1": 0.19990416866315286,
      "total_tp": 1043,
      "total_fp": 1626,
      "total_fn": 6723
    }
  },
  "examples": [
    {
      "sample_id": "0000000",
      "image_id": 154,
      "file_name": "COCO_train2014_000000000154.jpg",
      "target_type": "multi-target",
      "expression": "three zebras standing on the savannah.",
      "true_count_class": 3,
      "pred_count_class": 2,
      "gt_candidate_indices": [
        0,
        1,
        2,
        3
      ],
      "pred_candidate_indices": [
        1,
        3
      ],
      "num_predictions": 2,
      "num_targets": 3,
      "precision": 0.5,
      "recall": 0.3333333333333333,
      "f1": 0.4,
      "exact": 0.0
    },
    {
      "sample_id": "0000001",
      "image_id": 154,
      "file_name": "COCO_train2014_000000000154.jpg",
      "target_type": "multi-target",
      "expression": "a trio of zebras positioned on the grassland.",
      "true_count_class": 3,
      "pred_count_class": 2,
      "gt_candidate_indices": [
        0,
        1,
        2,
        3
      ],
      "pred_candidate_indices": [
        1,
        3
      ],
      "num_predictions": 2,
      "num_targets": 3,
      "precision": 0.5,
      "recall": 0.3333333333333333,
      "f1": 0.4,
      "exact": 0.0
    },
    {
      "sample_id": "0000002",
      "image_id": 154,
      "file_name": "COCO_train2014_000000000154.jpg",
      "target_type": "multi-target",
      "expression": "there are three zebras standing in the prairie.",
      "true_count_class": 3,
      "pred_count_class": 2,
      "gt_candidate_indices": [
        0,
        1,
        2,
        3
      ],
      "pred_candidate_indices": [
        0,
        3
      ],
      "num_predictions": 2,
      "num_targets": 3,
      "precision": 1.0,
      "recall": 0.6666666666666666,
      "f1": 0.8,
      "exact": 0.0
    },
    {
      "sample_id": "0000003",
      "image_id": 154,
      "file_name": "COCO_train2014_000000000154.jpg",
      "target_type": "multi-target",
      "expression": "three zebras, all stationary on the grassy plain.",
      "true_count_class": 3,
      "pred_count_class": 2,
      "gt_candidate_indices": [
        0,
        1,
        2,
        3
      ],
      "pred_candidate_indices": [
        1,
        3
      ],
      "num_predictions": 2,
      "num_targets": 3,