{
  "feature_file": "cache/features/stage5/clip_detector_testA.pt",
  "checkpoint": "checkpoints/stage5/clip_1pct_seed2/last.pt",
  "clip_model": "ViT-B/32",
  "feature_dim": 512,
  "candidate_feature_dim": 512,
  "text_feature_dim": 512,
  "representation": {
    "name": "clip",
    "model_ids": {
      "clip": "ViT-B/32"
    },
    "candidate_feature_dim": 512,
    "text_feature_dim": 512,
    "component_normalization": {
      "clip_image": "l2",
      "clip_text": "l2"
    },
    "fusion": "none",
    "encoder_parameters": {
      "clip": {
        "total": 151277313,
        "trainable": 0
      }
    }
  },
  "device": "cuda",
  "batch_size": 64,
  "selection_policy": "cardinality-threshold",
  "membership_threshold": 0.5,
  "config": {
    "match_threshold": 0.5,
    "overlap_metric": "giou",
    "prediction_score_threshold": null,
    "image_f1_threshold": 1.0
  },
  "official": {
    "F1_score": 0.22979166666666667,
    "T_acc": 0.9615645336225597,
    "N_acc": 0.31654676258992803
  },
  "diagnostics": {
    "num_samples": 19200,
    "mean_precision": 0.4105989583333333,
    "mean_recall": 0.3718403530786313,
    "mean_f1": 0.37878094446063326,
    "exact_set_accuracy": 0.22979166666666667,
    "cardinality_accuracy": 0.5971875,
    "count_class_accuracy": 0.5971875,
    "count_class_evaluated": 19200,
    "micro_precision": 0.4079685309238199,
    "micro_recall": 0.3540047313281514,
    "micro_f1": 0.37907574277132416,
    "total_tp": 10475,
    "total_fp": 15201,
    "total_fn": 19115,
    "no_target_total": 4448,
    "no_target_accuracy": 0.31654676258992803,
    "false_grounding_rate": 0.6834532374100719,
    "single_target_total": 5917,
    "single_target_localization_accuracy": 0.32955889809024846,
    "single_target_exact_accuracy": 0.2649991549771844,
    "multi_target_total": 8835,
    "multi_target_mean_f1": 0.457490375436053,
    "multi_target_exact_accuracy": 0.16253537068477647
  },
  "by_target_type": {
    "no-target": {
      "num_samples": 4448,
      "mean_precision": 0.31654676258992803,
      "mean_recall": 0.31654676258992803,
      "mean_f1": 0.31654676258992803,
      "exact_set_accuracy": 0.31654676258992803,
      "cardinality_accuracy": 0.31654676258992803,
      "count_class_accuracy": 0.31654676258992803,
      "count_class_evaluated": 4448,
      "micro_precision": 0.0,
      "micro_recall": 0.0,
      "micro_f1": 0.0,
      "total_tp": 0,
      "total_fp": 3702,
      "total_fn": 0
    },
    "single-target": {
      "num_samples": 5917,
      "mean_precision": 0.2972790265337164,
      "mean_recall": 0.32955889809024846,
      "mean_f1": 0.3080389837192286,
      "exact_set_accuracy": 0.2649991549771844,
      "cardinality_accuracy": 0.7953354740577996,
      "count_class_accuracy": 0.7953354740577996,
      "count_class_evaluated": 5917,
      "micro_precision": 0.3112033195020747,
      "micro_recall": 0.32955889809024846,
      "micro_f1": 0.3201181974883034,
      "total_tp": 1950,
      "total_fp": 4316,
      "total_fn": 3967
    },
    "multi-target": {
      "num_samples": 8835,
      "mean_precision": 0.5338426711941143,
      "mean_recall": 0.427994881619672,
      "mean_f1": 0.457490375436053,
      "exact_set_accuracy": 0.16253537068477647,
      "cardinality_accuracy": 0.6057724957555178,
      "count_class_accuracy": 0.6057724957555178,
      "count_class_evaluated": 8835,
      "micro_precision": 0.5427170868347339,
      "micro_recall": 0.3601148988298906,
      "micro_f1": 0.4329498996978238,
      "total_tp": 8525,
      "total_fp": 7183,
      "total_fn": 15148
    }
  },
  "by_count_group": {
    "0": {
      "num_samples": 4448,
      "mean_precision": 0.31654676258992803,
      "mean_recall": 0.31654676258992803,
      "mean_f1": 0.31654676258992803,
      "exact_set_accuracy": 0.31654676258992803,
      "cardinality_accuracy": 0.31654676258992803,
      "count_class_accuracy": 0.31654676258992803,
      "count_class_evaluated": 4448,
      "micro_precision": 0.0,
      "micro_recall": 0.0,
      "micro_f1": 0.0,
      "total_tp": 0,
      "total_fp": 3702,
      "total_fn": 0
    },
    "1": {
      "num_samples": 5917,
      "mean_precision": 0.2972790265337164,
      "mean_recall": 0.32955889809024846,
      "mean_f1": 0.3080389837192286,
      "exact_set_accuracy": 0.2649991549771844,
      "cardinality_accuracy": 0.7953354740577996,
      "count_class_accuracy": 0.7953354740577996,
      "count_class_evaluated": 5917,
      "micro_precision": 0.3112033195020747,
      "micro_recall": 0.32955889809024846,
      "micro_f1": 0.3201181974883034,
      "total_tp": 1950,
      "total_fp": 4316,
      "total_fn": 3967
    },
    "2": {
      "num_samples": 5940,
      "mean_precision": 0.5402356902356902,
      "mean_recall": 0.5143939393939394,
      "mean_f1": 0.5230078563411881,
      "exact_set_accuracy": 0.24175084175084174,
      "cardinality_accuracy": 0.901010101010101,
      "count_class_accuracy": 0.901010101010101,
      "count_class_evaluated": 5940,
      "micro_precision": 0.5424766977363515,
      "micro_recall": 0.5143939393939394,
      "micro_f1": 0.5280622164614388,
      "total_tp": 6111,
      "total_fp": 5154,
      "total_fn": 5769
    },
    "3+": {
      "num_samples": 2895,
      "mean_precision": 0.5207253886010362,
      "mean_recall": 0.25072013095329254,
      "mean_f1": 0.323060725495953,
      "exact_set_accuracy": 0.0,
      "cardinality_accuracy": 0.0,
      "count_class_accuracy": 0.0,
      "count_class_evaluated": 2895,
      "micro_precision": 0.5433265811388701,
      "micro_recall": 0.20469770202662596,
      "micro_f1": 0.2973638827297364,
      "total_tp": 2414,
      "total_fp": 2029,
      "total_fn": 9379
    }
  },
  "examples": [
    {
      "sample_id": "0000000",
      "image_id": 839,
      "file_name": "COCO_train2014_000000000839.jpg",
      "target_type": "multi-target",
      "expression": "blue shirt and a frisbee",
      "true_count_class": 2,
      "pred_count_class": 2,
      "gt_candidate_indices": [
        0,
        1
      ],
      "pred_candidate_indices": [
        0,
        2
      ],
      "num_predictions": 2,
      "num_targets": 2,
      "precision": 0.5,
      "recall": 0.5,
      "f1": 0.5,
      "exact": 0.0
    },
    {
      "sample_id": "0000001",
      "image_id": 839,
      "file_name": "COCO_train2014_000000000839.jpg",
      "target_type": "multi-target",
      "expression": "blue shirt and frisbee",
      "true_count_class": 2,
      "pred_count_class": 2,
      "gt_candidate_indices": [
        0,
        1
      ],
      "pred_candidate_indices": [
        0,
        2
      ],
      "num_predictions": 2,
      "num_targets": 2,
      "precision": 0.5,
      "recall": 0.5,
      "f1": 0.5,
      "exact": 0.0
    },
    {
      "sample_id": "0000002",
      "image_id": 839,
      "file_name": "COCO_train2014_000000000839.jpg",
      "target_type": "multi-target",
      "expression": "blue shirt and white shirt",
      "true_count_class": 2,
      "pred_count_class": 2,
      "gt_candidate_indices": [
        0,
        2
      ],
      "pred_candidate_indices": [
        0,
        2
      ],
      "num_predictions": 2,
      "num_targets": 2,
      "precision": 1.0,
      "recall": 1.0,
      "f1": 1.0,
      "exact": 1.0
    },
    {
      "sample_id": "0000003",
      "image_id": 839,
      "file_name": "COCO_train2014_000000000839.jpg",
      "target_type": "multi-target",
      "expression": "blue cshirt and falling",
      "true_count_class": 2,
      "pred_count_class": 2,
      "gt_candidate_indices": [
        0,
        2
      ],
      "pred_candidate_indices": [
        0,
        2
      ],
      "num_predictions": 2,
      "num_targets": 2,
      "precision": 1.0,
      "recall": 1.0,
      "f1": 1.0,
      "exact": 1.0
    },
    {
      "sample_id": "0000004",
      "image_id": 839,
      "file_name": "COCO_train2014_000000000839.jpg",
      "target_type": "multi-target",