{
  "feature_file": "cache/features/stage5/siglip2_detector_testB.pt",
  "checkpoint": "checkpoints/stage5_6/siglip2_1pct_seed2_hierarchical/selected.pt",
  "clip_model": "none",
  "feature_dim": 768,
  "candidate_feature_dim": 768,
  "text_feature_dim": 768,
  "representation": {
    "name": "siglip2",
    "model_ids": {
      "siglip2": "google/siglip2-base-patch16-224"
    },
    "candidate_feature_dim": 768,
    "text_feature_dim": 768,
    "component_normalization": {
      "siglip2_image": "l2",
      "siglip2_text": "l2"
    },
    "fusion": "none",
    "similarity_source": "normalized SigLIP 2 image/text embeddings",
    "encoder_parameters": {
      "siglip2": {
        "total": 375187970,
        "trainable": 0
      }
    }
  },
  "device": "cuda",
  "batch_size": 128,
  "selection_policy": "cardinality-threshold",
  "membership_threshold": 0.7,
  "count_logit_bias": [
    1.0,
    0.0,
    0.0,
    2.0
  ],
  "config": {
    "match_threshold": 0.5,
    "overlap_metric": "giou",
    "prediction_score_threshold": null,
    "image_f1_threshold": 1.0
  },
  "official": {
    "F1_score": 0.2638361451783602,
    "T_acc": 0.650307287093942,
    "N_acc": 0.7442756259362294
  },
  "diagnostics": {
    "num_samples": 16063,
    "mean_precision": 0.36226298326933076,
    "mean_recall": 0.37597927918229074,
    "mean_f1": 0.36285165818717324,
    "exact_set_accuracy": 0.2638361451783602,
    "cardinality_accuracy": 0.514474257610658,
    "count_class_accuracy": 0.5488389466475752,
    "count_class_evaluated": 16063,
    "micro_precision": 0.2859842169612093,
    "micro_recall": 0.24130169745850136,
    "micro_f1": 0.2617497456765005,
    "total_tp": 5146,
    "total_fp": 12848,
    "total_fn": 16180,
    "no_target_total": 4673,
    "no_target_accuracy": 0.7442756259362294,
    "false_grounding_rate": 0.2557243740637706,
    "single_target_total": 5646,
    "single_target_localization_accuracy": 0.11158342189160468,
    "single_target_exact_accuracy": 0.02267091746369111,
    "multi_target_total": 5744,
    "multi_target_mean_f1": 0.33617447518463894,
    "multi_target_exact_accuracy": 0.11002785515320335
  },
  "by_target_type": {
    "no-target": {
      "num_samples": 4673,
      "mean_precision": 0.7442756259362294,
      "mean_recall": 0.7442756259362294,
      "mean_f1": 0.7442756259362294,
      "exact_set_accuracy": 0.7442756259362294,
      "cardinality_accuracy": 0.7442756259362294,
      "count_class_accuracy": 0.7442756259362294,
      "count_class_evaluated": 4673,
      "micro_precision": 0.0,
      "micro_recall": 0.0,
      "micro_f1": 0.0,
      "total_tp": 0,
      "total_fp": 2107,
      "total_fn": 0
    },
    "single-target": {
      "num_samples": 5646,
      "mean_precision": 0.05948163891840824,
      "mean_recall": 0.11158342189160468,
      "mean_f1": 0.07430038965639406,
      "exact_set_accuracy": 0.02267091746369111,
      "cardinality_accuracy": 0.14771519659936239,
      "count_class_accuracy": 0.14771519659936239,
      "count_class_evaluated": 5646,
      "micro_precision": 0.17119565217391305,
      "micro_recall": 0.11158342189160468,
      "micro_f1": 0.13510615483594252,
      "total_tp": 630,
      "total_fp": 3050,
      "total_fn": 5016
    },
    "multi-target": {
      "num_samples": 5744,
      "mean_precision": 0.3490941794780568,
      "mean_recall": 0.3362387119612044,
      "mean_f1": 0.33617447518463894,
      "exact_set_accuracy": 0.11002785515320335,
      "cardinality_accuracy": 0.6880222841225627,
      "count_class_accuracy": 0.7841225626740947,
      "count_class_evaluated": 5744,
      "micro_precision": 0.3699516670762677,
      "micro_recall": 0.28801020408163264,
      "micro_f1": 0.32387850969986015,
      "total_tp": 4516,
      "total_fp": 7691,
      "total_fn": 11164
    }
  },
  "by_count_group": {
    "0": {
      "num_samples": 4673,
      "mean_precision": 0.7442756259362294,
      "mean_recall": 0.7442756259362294,
      "mean_f1": 0.7442756259362294,
      "exact_set_accuracy": 0.7442756259362294,
      "cardinality_accuracy": 0.7442756259362294,
      "count_class_accuracy": 0.7442756259362294,
      "count_class_evaluated": 4673,
      "micro_precision": 0.0,
      "micro_recall": 0.0,
      "micro_f1": 0.0,
      "total_tp": 0,
      "total_fp": 2107,
      "total_fn": 0
    },
    "1": {
      "num_samples": 5646,
      "mean_precision": 0.05948163891840824,
      "mean_recall": 0.11158342189160468,
      "mean_f1": 0.07430038965639406,
      "exact_set_accuracy": 0.02267091746369111,
      "cardinality_accuracy": 0.14771519659936239,
      "count_class_accuracy": 0.14771519659936239,
      "count_class_evaluated": 5646,
      "micro_precision": 0.17119565217391305,
      "micro_recall": 0.11158342189160468,
      "micro_f1": 0.13510615483594252,
      "total_tp": 630,
      "total_fp": 3050,
      "total_fn": 5016
    },
    "2": {
      "num_samples": 3957,
      "mean_precision": 0.36759750652851475,
      "mean_recall": 0.37793783169067474,
      "mean_f1": 0.3707775250610734,
      "exact_set_accuracy": 0.14581753853929744,
      "cardinality_accuracy": 0.8605003790750568,
      "count_class_accuracy": 0.8602476623704827,
      "count_class_evaluated": 3957,
      "micro_precision": 0.38024408848207475,
      "micro_recall": 0.37793783169067474,
      "micro_f1": 0.3790874524714829,
      "total_tp": 2991,
      "total_fp": 4875,
      "total_fn": 4923
    },
    "3+": {
      "num_samples": 1787,
      "mean_precision": 0.308121787122906,
      "mean_recall": 0.24390328008123074,
      "mean_f1": 0.2595520530463897,
      "exact_set_accuracy": 0.03077783995523223,
      "cardinality_accuracy": 0.3060996082820369,
      "count_class_accuracy": 0.6155567991046447,
      "count_class_evaluated": 1787,
      "micro_precision": 0.3513015434231744,
      "micro_recall": 0.1963687870203451,
      "micro_f1": 0.25192037664161226,
      "total_tp": 1525,
      "total_fp": 2816,
      "total_fn": 6241
    }
  },
  "examples": [
    {
      "sample_id": "0000000",
      "image_id": 154,
      "file_name": "COCO_train2014_000000000154.jpg",
      "target_type": "multi-target",
      "expression": "three zebras standing on the savannah.",
      "true_count_class": 3,
      "pred_count_class": 3,
      "gt_candidate_indices": [
        0,
        1,
        2,
        3
      ],
      "pred_candidate_indices": [
        0,
        1,
        3
      ],
      "num_predictions": 3,
      "num_targets": 3,
      "precision": 0.6666666666666666,
      "recall": 0.6666666666666666,
      "f1": 0.6666666666666666,
      "exact": 0.0
    },
    {
      "sample_id": "0000001",
      "image_id": 154,
      "file_name": "COCO_train2014_000000000154.jpg",
      "target_type": "multi-target",
      "expression": "a trio of zebras positioned on the grassland.",
      "true_count_class": 3,
      "pred_count_class": 3,
      "gt_candidate_indices": [
        0,
        1,
        2,
        3
      ],
      "pred_candidate_indices": [
        0,
        1,
        3
      ],
      "num_predictions": 3,
      "num_targets": 3,
      "precision": 0.6666666666666666,
      "recall": 0.6666666666666666,
      "f1": 0.6666666666666666,
      "exact": 0.0
    },
    {
      "sample_id": "0000002",
      "image_id": 154,
      "file_name": "COCO_train2014_000000000154.jpg",
      "target_type": "multi-target",
      "expression": "there are three zebras standing in the prairie.",
      "true_count_class": 3,
      "pred_count_class": 3,
      "gt_candidate_indices": [
        0,
        1,
        2,
        3
      ],
      "pred_candidate_indices": [
        0,
        1,
        3
      ],
      "num_predictions": 3,
      "num_targets": 3,
      "precision": 0.6666666666666666,
      "recall": 0.6666666666666666,
      "f1": 0.6666666666666666,
      "exact": 0.0
    },
    {
      "sample_id": "0000003",
      "image_id": 154,
      "file_name": "COCO_train2014_000000000154.jpg",