{
  "feature_file": "cache/features/stage5/siglip2_detector_testB.pt",
  "checkpoint": "checkpoints/stage5_6/siglip2_1pct_seed2_hierarchical/selected.pt",
  "clip_model": "none",
  "feature_dim": 768,
  "candidate_feature_dim": 768,
  "text_feature_dim": 768,
  "representation": {
    "name": "siglip2",
    "model_ids": {
      "siglip2": "google/siglip2-base-patch16-224"
    },
    "candidate_feature_dim": 768,
    "text_feature_dim": 768,
    "component_normalization": {
      "siglip2_image": "l2",
      "siglip2_text": "l2"
    },
    "fusion": "none",
    "similarity_source": "normalized SigLIP 2 image/text embeddings",
    "encoder_parameters": {
      "siglip2": {
        "total": 375187970,
        "trainable": 0
      }
    }
  },
  "device": "cuda",
  "batch_size": 128,
  "selection_policy": "cardinality-threshold",
  "membership_threshold": 0.8,
  "count_logit_bias": [
    1.5,
    0.0,
    0.0,
    2.5
  ],
  "config": {
    "match_threshold": 0.5,
    "overlap_metric": "giou",
    "prediction_score_threshold": null,
    "image_f1_threshold": 1.0
  },
  "official": {
    "F1_score": 0.27927535329639547,
    "T_acc": 0.6035996488147498,
    "N_acc": 0.8225979028461374
  },
  "diagnostics": {
    "num_samples": 16063,
    "mean_precision": 0.3772230177011324,
    "mean_recall": 0.3958722057442703,
    "mean_f1": 0.380296388876941,
    "exact_set_accuracy": 0.27927535329639547,
    "cardinality_accuracy": 0.4948639731058955,
    "count_class_accuracy": 0.5320301313577788,
    "count_class_evaluated": 16063,
    "micro_precision": 0.2847233875929966,
    "micro_recall": 0.23867579480446405,
    "micro_f1": 0.25967400454046885,
    "total_tp": 5090,
    "total_fp": 12787,
    "total_fn": 16236,
    "no_target_total": 4673,
    "no_target_accuracy": 0.8225979028461374,
    "false_grounding_rate": 0.17740209715386263,
    "single_target_total": 5646,
    "single_target_localization_accuracy": 0.10556145944031173,
    "single_target_exact_accuracy": 0.0060219624512929506,
    "multi_target_total": 5744,
    "multi_target_mean_f1": 0.3326138976085724,
    "multi_target_exact_accuracy": 0.10584958217270195
  },
  "by_target_type": {
    "no-target": {
      "num_samples": 4673,
      "mean_precision": 0.8225979028461374,
      "mean_recall": 0.8225979028461374,
      "mean_f1": 0.8225979028461374,
      "exact_set_accuracy": 0.8225979028461374,
      "cardinality_accuracy": 0.8225979028461374,
      "count_class_accuracy": 0.8225979028461374,
      "count_class_evaluated": 4673,
      "micro_precision": 0.0,
      "micro_recall": 0.0,
      "micro_f1": 0.0,
      "total_tp": 0,
      "total_fp": 1989,
      "total_fn": 0
    },
    "single-target": {
      "num_samples": 5646,
      "mean_precision": 0.04613885936946528,
      "mean_recall": 0.10556145944031173,
      "mean_f1": 0.06272877553430158,
      "exact_set_accuracy": 0.0060219624512929506,
      "cardinality_accuracy": 0.04675876726886291,
      "count_class_accuracy": 0.04675876726886291,
      "count_class_evaluated": 5646,
      "micro_precision": 0.16226517832834195,
      "micro_recall": 0.10556145944031173,
      "micro_f1": 0.12791072003433845,
      "total_tp": 596,
      "total_fp": 3077,
      "total_fn": 5050
    },
    "multi-target": {
      "num_samples": 5744,
      "mean_precision": 0.3403261374187544,
      "mean_recall": 0.3340695057225343,
      "mean_f1": 0.3326138976085724,
      "exact_set_accuracy": 0.10584958217270195,
      "cardinality_accuracy": 0.6686977715877437,
      "count_class_accuracy": 0.7726323119777159,
      "count_class_evaluated": 5744,
      "micro_precision": 0.3679083094555874,
      "micro_recall": 0.28660714285714284,
      "micro_f1": 0.32220828105395233,
      "total_tp": 4494,
      "total_fp": 7721,
      "total_fn": 11186
    }
  },
  "by_count_group": {
    "0": {
      "num_samples": 4673,
      "mean_precision": 0.8225979028461374,
      "mean_recall": 0.8225979028461374,
      "mean_f1": 0.8225979028461374,
      "exact_set_accuracy": 0.8225979028461374,
      "cardinality_accuracy": 0.8225979028461374,
      "count_class_accuracy": 0.8225979028461374,
      "count_class_evaluated": 4673,
      "micro_precision": 0.0,
      "micro_recall": 0.0,
      "micro_f1": 0.0,
      "total_tp": 0,
      "total_fp": 1989,
      "total_fn": 0
    },
    "1": {
      "num_samples": 5646,
      "mean_precision": 0.04613885936946528,
      "mean_recall": 0.10556145944031173,
      "mean_f1": 0.06272877553430158,
      "exact_set_accuracy": 0.0060219624512929506,
      "cardinality_accuracy": 0.04675876726886291,
      "count_class_accuracy": 0.04675876726886291,
      "count_class_evaluated": 5646,
      "micro_precision": 0.16226517832834195,
      "micro_recall": 0.10556145944031173,
      "micro_f1": 0.12791072003433845,
      "total_tp": 596,
      "total_fp": 3077,
      "total_fn": 5050
    },
    "2": {
      "num_samples": 3957,
      "mean_precision": 0.3553196866312861,
      "mean_recall": 0.37541066464493306,
      "mean_f1": 0.36335607783674506,
      "exact_set_accuracy": 0.13773060399292394,
      "cardinality_accuracy": 0.8097043214556482,
      "count_class_accuracy": 0.8086934546373515,
      "count_class_evaluated": 3957,
      "micro_precision": 0.37512626262626264,
      "micro_recall": 0.37541066464493306,
      "micro_f1": 0.3752684097511684,
      "total_tp": 2971,
      "total_fp": 4949,
      "total_fn": 4943
    },
    "3+": {
      "num_samples": 1787,
      "mean_precision": 0.3071255362805444,
      "mean_recall": 0.24252671565206418,
      "mean_f1": 0.26454069830086085,
      "exact_set_accuracy": 0.035254616675993285,
      "cardinality_accuracy": 0.3564633463905988,
      "count_class_accuracy": 0.6927811975377728,
      "count_class_evaluated": 1787,
      "micro_precision": 0.3545983701979045,
      "micro_recall": 0.19611125418490857,
      "micro_f1": 0.25254953983915096,
      "total_tp": 1523,
      "total_fp": 2772,
      "total_fn": 6243
    }
  },
  "examples": [
    {
      "sample_id": "0000000",
      "image_id": 154,
      "file_name": "COCO_train2014_000000000154.jpg",
      "target_type": "multi-target",
      "expression": "three zebras standing on the savannah.",
      "true_count_class": 3,
      "pred_count_class": 3,
      "gt_candidate_indices": [
        0,
        1,
        2,
        3
      ],
      "pred_candidate_indices": [
        0,
        1,
        3
      ],
      "num_predictions": 3,
      "num_targets": 3,
      "precision": 0.6666666666666666,
      "recall": 0.6666666666666666,
      "f1": 0.6666666666666666,
      "exact": 0.0
    },
    {
      "sample_id": "0000001",
      "image_id": 154,
      "file_name": "COCO_train2014_000000000154.jpg",
      "target_type": "multi-target",
      "expression": "a trio of zebras positioned on the grassland.",
      "true_count_class": 3,
      "pred_count_class": 3,
      "gt_candidate_indices": [
        0,
        1,
        2,
        3
      ],
      "pred_candidate_indices": [
        0,
        1,
        3
      ],
      "num_predictions": 3,
      "num_targets": 3,
      "precision": 0.6666666666666666,
      "recall": 0.6666666666666666,
      "f1": 0.6666666666666666,
      "exact": 0.0
    },
    {
      "sample_id": "0000002",
      "image_id": 154,
      "file_name": "COCO_train2014_000000000154.jpg",
      "target_type": "multi-target",
      "expression": "there are three zebras standing in the prairie.",
      "true_count_class": 3,
      "pred_count_class": 3,
      "gt_candidate_indices": [
        0,
        1,
        2,
        3
      ],
      "pred_candidate_indices": [
        0,
        1,
        3
      ],
      "num_predictions": 3,
      "num_targets": 3,
      "precision": 0.6666666666666666,
      "recall": 0.6666666666666666,
      "f1": 0.6666666666666666,
      "exact": 0.0
    },
    {
      "sample_id": "0000003",
      "image_id": 154,
      "file_name": "COCO_train2014_000000000154.jpg",