{
  "feature_file": "cache/features/stage5/siglip2_detector_testB.pt",
  "checkpoint": "checkpoints/stage5_5/siglip2_10pct_seed2_hierarchical/selected.pt",
  "clip_model": "none",
  "feature_dim": 768,
  "candidate_feature_dim": 768,
  "text_feature_dim": 768,
  "representation": {
    "name": "siglip2",
    "model_ids": {
      "siglip2": "google/siglip2-base-patch16-224"
    },
    "candidate_feature_dim": 768,
    "text_feature_dim": 768,
    "component_normalization": {
      "siglip2_image": "l2",
      "siglip2_text": "l2"
    },
    "fusion": "none",
    "similarity_source": "normalized SigLIP 2 image/text embeddings",
    "encoder_parameters": {
      "siglip2": {
        "total": 375187970,
        "trainable": 0
      }
    }
  },
  "device": "cuda",
  "batch_size": 128,
  "selection_policy": "cardinality-threshold",
  "membership_threshold": 0.7,
  "count_logit_bias": [
    1.0,
    0.0,
    0.0,
    0.5
  ],
  "config": {
    "match_threshold": 0.5,
    "overlap_metric": "giou",
    "prediction_score_threshold": null,
    "image_f1_threshold": 1.0
  },
  "official": {
    "F1_score": 0.39811990288240057,
    "T_acc": 0.9495171202809481,
    "N_acc": 0.6026107425636636
  },
  "diagnostics": {
    "num_samples": 16063,
    "mean_precision": 0.5313075728831158,
    "mean_recall": 0.5116779210192631,
    "mean_f1": 0.5140062834120765,
    "exact_set_accuracy": 0.39811990288240057,
    "cardinality_accuracy": 0.7318060138205814,
    "count_class_accuracy": 0.7587623731556994,
    "count_class_evaluated": 16063,
    "micro_precision": 0.470808729139923,
    "micro_recall": 0.4299446684797899,
    "micro_f1": 0.4494497683880297,
    "total_tp": 9169,
    "total_fp": 10306,
    "total_fn": 12157,
    "no_target_total": 4673,
    "no_target_accuracy": 0.6026107425636636,
    "false_grounding_rate": 0.3973892574363364,
    "single_target_total": 5646,
    "single_target_localization_accuracy": 0.46723343960325897,
    "single_target_exact_accuracy": 0.4406659582004959,
    "multi_target_total": 5744,
    "multi_target_mean_f1": 0.4968052919768209,
    "multi_target_exact_accuracy": 0.18993732590529247
  },
  "by_target_type": {
    "no-target": {
      "num_samples": 4673,
      "mean_precision": 0.6026107425636636,
      "mean_recall": 0.6026107425636636,
      "mean_f1": 0.6026107425636636,
      "exact_set_accuracy": 0.6026107425636636,
      "cardinality_accuracy": 0.6026107425636636,
      "count_class_accuracy": 0.6026107425636636,
      "count_class_evaluated": 4673,
      "micro_precision": 0.0,
      "micro_recall": 0.0,
      "micro_f1": 0.0,
      "total_tp": 0,
      "total_fp": 2000,
      "total_fn": 0
    },
    "single-target": {
      "num_samples": 5646,
      "mean_precision": 0.4537430629354115,
      "mean_recall": 0.46723343960325897,
      "mean_f1": 0.4581709765025387,
      "exact_set_accuracy": 0.4406659582004959,
      "cardinality_accuracy": 0.8540559688274885,
      "count_class_accuracy": 0.8540559688274885,
      "count_class_evaluated": 5646,
      "micro_precision": 0.4820025580120592,
      "micro_recall": 0.46723343960325897,
      "micro_f1": 0.47450310279701413,
      "total_tp": 2638,
      "total_fp": 2835,
      "total_fn": 3008
    },
    "multi-target": {
      "num_samples": 5744,
      "mean_precision": 0.549540426512561,
      "mean_recall": 0.481386219591303,
      "mean_f1": 0.4968052919768209,
      "exact_set_accuracy": 0.18993732590529247,
      "cardinality_accuracy": 0.7167479108635098,
      "count_class_accuracy": 0.7921309192200557,
      "count_class_evaluated": 5744,
      "micro_precision": 0.5441593067822029,
      "micro_recall": 0.41651785714285716,
      "micro_f1": 0.4718589697276208,
      "total_tp": 6531,
      "total_fp": 5471,
      "total_fn": 9149
    }
  },
  "by_count_group": {
    "0": {
      "num_samples": 4673,
      "mean_precision": 0.6026107425636636,
      "mean_recall": 0.6026107425636636,
      "mean_f1": 0.6026107425636636,
      "exact_set_accuracy": 0.6026107425636636,
      "cardinality_accuracy": 0.6026107425636636,
      "count_class_accuracy": 0.6026107425636636,
      "count_class_evaluated": 4673,
      "micro_precision": 0.0,
      "micro_recall": 0.0,
      "micro_f1": 0.0,
      "total_tp": 0,
      "total_fp": 2000,
      "total_fn": 0
    },
    "1": {
      "num_samples": 5646,
      "mean_precision": 0.4537430629354115,
      "mean_recall": 0.46723343960325897,
      "mean_f1": 0.4581709765025387,
      "exact_set_accuracy": 0.4406659582004959,
      "cardinality_accuracy": 0.8540559688274885,
      "count_class_accuracy": 0.8540559688274885,
      "count_class_evaluated": 5646,
      "micro_precision": 0.4820025580120592,
      "micro_recall": 0.46723343960325897,
      "micro_f1": 0.47450310279701413,
      "total_tp": 2638,
      "total_fp": 2835,
      "total_fn": 3008
    },
    "2": {
      "num_samples": 3957,
      "mean_precision": 0.5498020385814171,
      "mean_recall": 0.5411928228455901,
      "mean_f1": 0.5432494554556726,
      "exact_set_accuracy": 0.2585291887793783,
      "cardinality_accuracy": 0.9433914581753854,
      "count_class_accuracy": 0.9431387414708112,
      "count_class_evaluated": 3957,
      "micro_precision": 0.553287688929079,
      "micro_recall": 0.5411928228455901,
      "micro_f1": 0.5471734270201214,
      "total_tp": 4283,
      "total_fp": 3458,
      "total_fn": 3631
    },
    "3+": {
      "num_samples": 1787,
      "mean_precision": 0.5489611321888545,
      "mean_recall": 0.34895492184244287,
      "mean_f1": 0.3939627878437301,
      "exact_set_accuracy": 0.038052602126468944,
      "cardinality_accuracy": 0.2148852825965305,
      "count_class_accuracy": 0.45775041969781755,
      "count_class_evaluated": 1787,
      "micro_precision": 0.5275756864585778,
      "micro_recall": 0.2894669070306464,
      "micro_f1": 0.3738255591585599,
      "total_tp": 2248,
      "total_fp": 2013,
      "total_fn": 5518
    }
  },
  "examples": [
    {
      "sample_id": "0000000",
      "image_id": 154,
      "file_name": "COCO_train2014_000000000154.jpg",
      "target_type": "multi-target",
      "expression": "three zebras standing on the savannah.",
      "true_count_class": 3,
      "pred_count_class": 3,
      "gt_candidate_indices": [
        0,
        1,
        2,
        3
      ],
      "pred_candidate_indices": [
        0,
        1,
        3
      ],
      "num_predictions": 3,
      "num_targets": 3,
      "precision": 0.6666666666666666,
      "recall": 0.6666666666666666,
      "f1": 0.6666666666666666,
      "exact": 0.0
    },
    {
      "sample_id": "0000001",
      "image_id": 154,
      "file_name": "COCO_train2014_000000000154.jpg",
      "target_type": "multi-target",
      "expression": "a trio of zebras positioned on the grassland.",
      "true_count_class": 3,
      "pred_count_class": 3,
      "gt_candidate_indices": [
        0,
        1,
        2,
        3
      ],
      "pred_candidate_indices": [
        0,
        1,
        3
      ],
      "num_predictions": 3,
      "num_targets": 3,
      "precision": 0.6666666666666666,
      "recall": 0.6666666666666666,
      "f1": 0.6666666666666666,
      "exact": 0.0
    },
    {
      "sample_id": "0000002",
      "image_id": 154,
      "file_name": "COCO_train2014_000000000154.jpg",
      "target_type": "multi-target",
      "expression": "there are three zebras standing in the prairie.",
      "true_count_class": 3,
      "pred_count_class": 3,
      "gt_candidate_indices": [
        0,
        1,
        2,
        3
      ],
      "pred_candidate_indices": [
        0,
        1,
        3
      ],
      "num_predictions": 3,
      "num_targets": 3,
      "precision": 0.6666666666666666,
      "recall": 0.6666666666666666,
      "f1": 0.6666666666666666,
      "exact": 0.0
    },
    {
      "sample_id": "0000003",
      "image_id": 154,
      "file_name": "COCO_train2014_000000000154.jpg",
      "target_type": "multi-target",