{
  "feature_file": "cache/features/stage5/siglip2_detector_testB.pt",
  "checkpoint": "checkpoints/stage6/confirmation/flat_lambda1_seed2/selected.pt",
  "clip_model": "none",
  "feature_dim": 768,
  "candidate_feature_dim": 768,
  "text_feature_dim": 768,
  "representation": {
    "name": "siglip2",
    "model_ids": {
      "siglip2": "google/siglip2-base-patch16-224"
    },
    "candidate_feature_dim": 768,
    "text_feature_dim": 768,
    "component_normalization": {
      "siglip2_image": "l2",
      "siglip2_text": "l2"
    },
    "fusion": "none",
    "similarity_source": "normalized SigLIP 2 image/text embeddings",
    "encoder_parameters": {
      "siglip2": {
        "total": 375187970,
        "trainable": 0
      }
    }
  },
  "device": "cuda",
  "batch_size": 128,
  "selection_policy": "cardinality-threshold",
  "pre_nms_threshold": null,
  "membership_threshold": 0.925,
  "count_logit_bias": [
    4.5,
    0.0,
    0.0,
    7.0
  ],
  "config": {
    "match_threshold": 0.5,
    "overlap_metric": "giou",
    "prediction_score_threshold": null,
    "image_f1_threshold": 1.0
  },
  "official": {
    "F1_score": 0.4135591110004358,
    "T_acc": 0.9244951712028094,
    "N_acc": 0.6817890006419859
  },
  "diagnostics": {
    "num_samples": 16063,
    "mean_precision": 0.5414721201934051,
    "mean_recall": 0.5275397703695648,
    "mean_f1": 0.5288829763427049,
    "exact_set_accuracy": 0.4135591110004358,
    "cardinality_accuracy": 0.7469962024528419,
    "count_class_accuracy": 0.7826682437900766,
    "count_class_evaluated": 16063,
    "micro_precision": 0.4782334716168671,
    "micro_recall": 0.42703741911282,
    "micro_f1": 0.45118779261314373,
    "total_tp": 9107,
    "total_fp": 9936,
    "total_fn": 12219,
    "no_target_total": 4673,
    "no_target_accuracy": 0.6817890006419859,
    "false_grounding_rate": 0.3182109993580141,
    "single_target_total": 5646,
    "single_target_localization_accuracy": 0.4463336875664187,
    "single_target_exact_accuracy": 0.4179950407368048,
    "multi_target_total": 5744,
    "multi_target_mean_f1": 0.4958125433483366,
    "multi_target_exact_accuracy": 0.19098189415041783
  },
  "by_target_type": {
    "no-target": {
      "num_samples": 4673,
      "mean_precision": 0.6817890006419859,
      "mean_recall": 0.6817890006419859,
      "mean_f1": 0.6817890006419859,
      "exact_set_accuracy": 0.6817890006419859,
      "cardinality_accuracy": 0.6817890006419859,
      "count_class_accuracy": 0.6817890006419859,
      "count_class_evaluated": 4673,
      "micro_precision": 0.0,
      "micro_recall": 0.0,
      "micro_f1": 0.0,
      "total_tp": 0,
      "total_fp": 1647,
      "total_fn": 0
    },
    "single-target": {
      "num_samples": 5646,
      "mean_precision": 0.43124926201440533,
      "mean_recall": 0.4463336875664187,
      "mean_f1": 0.43597236981934145,
      "exact_set_accuracy": 0.4179950407368048,
      "cardinality_accuracy": 0.8200495926319519,
      "count_class_accuracy": 0.8200495926319519,
      "count_class_evaluated": 5646,
      "micro_precision": 0.4728842184274723,
      "micro_recall": 0.4463336875664187,
      "micro_f1": 0.4592255125284738,
      "total_tp": 2520,
      "total_fp": 2809,
      "total_fn": 3126
    },
    "multi-target": {
      "num_samples": 5744,
      "mean_precision": 0.5356603992571962,
      "mean_recall": 0.4818717499036087,
      "mean_f1": 0.4958125433483366,
      "exact_set_accuracy": 0.19098189415041783,
      "cardinality_accuracy": 0.7282381615598886,
      "count_class_accuracy": 0.8279944289693594,
      "count_class_evaluated": 5744,
      "micro_precision": 0.5458688986492086,
      "micro_recall": 0.4200892857142857,
      "micro_f1": 0.4747900673946733,
      "total_tp": 6587,
      "total_fp": 5480,
      "total_fn": 9093
    }
  },
  "by_count_group": {
    "0": {
      "num_samples": 4673,
      "mean_precision": 0.6817890006419859,
      "mean_recall": 0.6817890006419859,
      "mean_f1": 0.6817890006419859,
      "exact_set_accuracy": 0.6817890006419859,
      "cardinality_accuracy": 0.6817890006419859,
      "count_class_accuracy": 0.6817890006419859,
      "count_class_evaluated": 4673,
      "micro_precision": 0.0,
      "micro_recall": 0.0,
      "micro_f1": 0.0,
      "total_tp": 0,
      "total_fp": 1647,
      "total_fn": 0
    },
    "1": {
      "num_samples": 5646,
      "mean_precision": 0.43124926201440533,
      "mean_recall": 0.4463336875664187,
      "mean_f1": 0.43597236981934145,
      "exact_set_accuracy": 0.4179950407368048,
      "cardinality_accuracy": 0.8200495926319519,
      "count_class_accuracy": 0.8200495926319519,
      "count_class_evaluated": 5646,
      "micro_precision": 0.4728842184274723,
      "micro_recall": 0.4463336875664187,
      "micro_f1": 0.4592255125284738,
      "total_tp": 2520,
      "total_fp": 2809,
      "total_fn": 3126
    },
    "2": {
      "num_samples": 3957,
      "mean_precision": 0.5371914750231661,
      "mean_recall": 0.5353803386403841,
      "mean_f1": 0.5339398534243116,
      "exact_set_accuracy": 0.25246398786959817,
      "cardinality_accuracy": 0.9107910032853171,
      "count_class_accuracy": 0.9102855698761688,
      "count_class_evaluated": 3957,
      "micro_precision": 0.5486210022012171,
      "micro_recall": 0.5353803386403841,
      "micro_f1": 0.5419198055893074,
      "total_tp": 4237,
      "total_fp": 3486,
      "total_fn": 3677
    },
    "3+": {
      "num_samples": 1787,
      "mean_precision": 0.5322700988621525,
      "mean_recall": 0.36338630746856876,
      "mean_f1": 0.4113862613278311,
      "exact_set_accuracy": 0.05484051482932289,
      "cardinality_accuracy": 0.3240067151650811,
      "count_class_accuracy": 0.6457750419697817,
      "count_class_evaluated": 1787,
      "micro_precision": 0.5409760589318601,
      "micro_recall": 0.30260108163790883,
      "micro_f1": 0.38810900082576383,
      "total_tp": 2350,
      "total_fp": 1994,
      "total_fn": 5416
    }
  },
  "examples": [
    {
      "sample_id": "0000000",
      "image_id": 154,
      "file_name": "COCO_train2014_000000000154.jpg",
      "target_type": "multi-target",
      "expression": "three zebras standing on the savannah.",
      "true_count_class": 3,
      "pred_count_class": 3,
      "gt_candidate_indices": [
        0,
        1,
        2,
        3
      ],
      "pred_candidate_indices": [
        0,
        1,
        3
      ],
      "num_predictions": 3,
      "num_targets": 3,
      "precision": 0.6666666666666666,
      "recall": 0.6666666666666666,
      "f1": 0.6666666666666666,
      "exact": 0.0
    },
    {
      "sample_id": "0000001",
      "image_id": 154,
      "file_name": "COCO_train2014_000000000154.jpg",
      "target_type": "multi-target",
      "expression": "a trio of zebras positioned on the grassland.",
      "true_count_class": 3,
      "pred_count_class": 3,
      "gt_candidate_indices": [
        0,
        1,
        2,
        3
      ],
      "pred_candidate_indices": [
        0,
        1,
        3
      ],
      "num_predictions": 3,
      "num_targets": 3,
      "precision": 0.6666666666666666,
      "recall": 0.6666666666666666,
      "f1": 0.6666666666666666,
      "exact": 0.0
    },
    {
      "sample_id": "0000002",
      "image_id": 154,
      "file_name": "COCO_train2014_000000000154.jpg",
      "target_type": "multi-target",
      "expression": "there are three zebras standing in the prairie.",
      "true_count_class": 3,
      "pred_count_class": 3,
      "gt_candidate_indices": [
        0,
        1,
        2,
        3
      ],
      "pred_candidate_indices": [
        0,
        1,
        3
      ],
      "num_predictions": 3,
      "num_targets": 3,
      "precision": 0.6666666666666666,
      "recall": 0.6666666666666666,
      "f1": 0.6666666666666666,
      "exact": 0.0
    },
    {
      "sample_id": "0000003",
      "image_id": 154,
      "file_name": "COCO_train2014_000000000154.jpg",