{
  "feature_file": "cache/features/stage5/siglip2_detector_testB.pt",
  "checkpoint": "checkpoints/stage6/confirmation/flat_lambda1_seed1/selected.pt",
  "clip_model": "none",
  "feature_dim": 768,
  "candidate_feature_dim": 768,
  "text_feature_dim": 768,
  "representation": {
    "name": "siglip2",
    "model_ids": {
      "siglip2": "google/siglip2-base-patch16-224"
    },
    "candidate_feature_dim": 768,
    "text_feature_dim": 768,
    "component_normalization": {
      "siglip2_image": "l2",
      "siglip2_text": "l2"
    },
    "fusion": "none",
    "similarity_source": "normalized SigLIP 2 image/text embeddings",
    "encoder_parameters": {
      "siglip2": {
        "total": 375187970,
        "trainable": 0
      }
    }
  },
  "device": "cuda",
  "batch_size": 128,
  "selection_policy": "cardinality-threshold",
  "pre_nms_threshold": null,
  "membership_threshold": 0.9,
  "count_logit_bias": [
    5.5,
    0.0,
    0.0,
    10.0
  ],
  "config": {
    "match_threshold": 0.5,
    "overlap_metric": "giou",
    "prediction_score_threshold": null,
    "image_f1_threshold": 1.0
  },
  "official": {
    "F1_score": 0.41773018738716305,
    "T_acc": 0.9158033362598771,
    "N_acc": 0.7141022897496255
  },
  "diagnostics": {
    "num_samples": 16063,
    "mean_precision": 0.5493162339953107,
    "mean_recall": 0.5385253305286913,
    "mean_f1": 0.5383302039054573,
    "exact_set_accuracy": 0.41773018738716305,
    "cardinality_accuracy": 0.7440079686235448,
    "count_class_accuracy": 0.7836643217331756,
    "count_class_evaluated": 16063,
    "micro_precision": 0.4803829742949318,
    "micro_recall": 0.4328988089655819,
    "micro_f1": 0.4554064719810576,
    "total_tp": 9232,
    "total_fp": 9986,
    "total_fn": 12094,
    "no_target_total": 4673,
    "no_target_accuracy": 0.7141022897496255,
    "false_grounding_rate": 0.28589771025037447,
    "single_target_total": 5646,
    "single_target_localization_accuracy": 0.4392490258590152,
    "single_target_exact_accuracy": 0.4038257173219979,
    "multi_target_total": 5744,
    "multi_target_mean_f1": 0.5064179547353838,
    "multi_target_exact_accuracy": 0.19028551532033428
  },
  "by_target_type": {
    "no-target": {
      "num_samples": 4673,
      "mean_precision": 0.7141022897496255,
      "mean_recall": 0.7141022897496255,
      "mean_f1": 0.7141022897496255,
      "exact_set_accuracy": 0.7141022897496255,
      "cardinality_accuracy": 0.7141022897496255,
      "count_class_accuracy": 0.7141022897496255,
      "count_class_evaluated": 4673,
      "micro_precision": 0.0,
      "micro_recall": 0.0,
      "micro_f1": 0.0,
      "total_tp": 0,
      "total_fp": 1563,
      "total_fn": 0
    },
    "single-target": {
      "num_samples": 5646,
      "mean_precision": 0.41941197307828554,
      "mean_recall": 0.4392490258590152,
      "mean_f1": 0.42531585783445525,
      "exact_set_accuracy": 0.4038257173219979,
      "cardinality_accuracy": 0.7832093517534537,
      "count_class_accuracy": 0.7832093517534537,
      "count_class_evaluated": 5646,
      "micro_precision": 0.46546546546546547,
      "micro_recall": 0.4392490258590152,
      "micro_f1": 0.4519774011299435,
      "total_tp": 2480,
      "total_fp": 2848,
      "total_fn": 3166
    },
    "multi-target": {
      "num_samples": 5744,
      "mean_precision": 0.5429433611884866,
      "mean_recall": 0.4932681727511121,
      "mean_f1": 0.5064179547353838,
      "exact_set_accuracy": 0.19028551532033428,
      "cardinality_accuracy": 0.7298050139275766,
      "count_class_accuracy": 0.8407033426183844,
      "count_class_evaluated": 5744,
      "micro_precision": 0.5477407317271031,
      "micro_recall": 0.4306122448979592,
      "micro_f1": 0.4821651729924662,
      "total_tp": 6752,
      "total_fp": 5575,
      "total_fn": 8928
    }
  },
  "by_count_group": {
    "0": {
      "num_samples": 4673,
      "mean_precision": 0.7141022897496255,
      "mean_recall": 0.7141022897496255,
      "mean_f1": 0.7141022897496255,
      "exact_set_accuracy": 0.7141022897496255,
      "cardinality_accuracy": 0.7141022897496255,
      "count_class_accuracy": 0.7141022897496255,
      "count_class_evaluated": 4673,
      "micro_precision": 0.0,
      "micro_recall": 0.0,
      "micro_f1": 0.0,
      "total_tp": 0,
      "total_fp": 1563,
      "total_fn": 0
    },
    "1": {
      "num_samples": 5646,
      "mean_precision": 0.41941197307828554,
      "mean_recall": 0.4392490258590152,
      "mean_f1": 0.42531585783445525,
      "exact_set_accuracy": 0.4038257173219979,
      "cardinality_accuracy": 0.7832093517534537,
      "count_class_accuracy": 0.7832093517534537,
      "count_class_evaluated": 5646,
      "micro_precision": 0.46546546546546547,
      "micro_recall": 0.4392490258590152,
      "micro_f1": 0.4519774011299435,
      "total_tp": 2480,
      "total_fp": 2848,
      "total_fn": 3166
    },
    "2": {
      "num_samples": 3957,
      "mean_precision": 0.5469210681492712,
      "mean_recall": 0.5485216072782411,
      "mean_f1": 0.545573245724876,
      "exact_set_accuracy": 0.25145312105130146,
      "cardinality_accuracy": 0.9150871872630781,
      "count_class_accuracy": 0.9145817538539297,
      "count_class_evaluated": 3957,
      "micro_precision": 0.5558258642765685,
      "micro_recall": 0.5485216072782411,
      "micro_f1": 0.5521495802594759,
      "total_tp": 4341,
      "total_fp": 3469,
      "total_fn": 3573
    },
    "3+": {
      "num_samples": 1787,
      "mean_precision": 0.5341354224958016,
      "mean_recall": 0.3709190734652403,
      "mean_f1": 0.41971538817386067,
      "exact_set_accuracy": 0.05484051482932289,
      "cardinality_accuracy": 0.3195299384443201,
      "count_class_accuracy": 0.6771124790151091,
      "count_class_evaluated": 1787,
      "micro_precision": 0.5337613460261236,
      "micro_recall": 0.31045583311872266,
      "micro_f1": 0.3925751038020028,
      "total_tp": 2411,
      "total_fp": 2106,
      "total_fn": 5355
    }
  },
  "examples": [
    {
      "sample_id": "0000000",
      "image_id": 154,
      "file_name": "COCO_train2014_000000000154.jpg",
      "target_type": "multi-target",
      "expression": "three zebras standing on the savannah.",
      "true_count_class": 3,
      "pred_count_class": 3,
      "gt_candidate_indices": [
        0,
        1,
        2,
        3
      ],
      "pred_candidate_indices": [
        0,
        1,
        3
      ],
      "num_predictions": 3,
      "num_targets": 3,
      "precision": 0.6666666666666666,
      "recall": 0.6666666666666666,
      "f1": 0.6666666666666666,
      "exact": 0.0
    },
    {
      "sample_id": "0000001",
      "image_id": 154,
      "file_name": "COCO_train2014_000000000154.jpg",
      "target_type": "multi-target",
      "expression": "a trio of zebras positioned on the grassland.",
      "true_count_class": 3,
      "pred_count_class": 3,
      "gt_candidate_indices": [
        0,
        1,
        2,
        3
      ],
      "pred_candidate_indices": [
        0,
        1,
        3
      ],
      "num_predictions": 3,
      "num_targets": 3,
      "precision": 0.6666666666666666,
      "recall": 0.6666666666666666,
      "f1": 0.6666666666666666,
      "exact": 0.0
    },
    {
      "sample_id": "0000002",
      "image_id": 154,
      "file_name": "COCO_train2014_000000000154.jpg",
      "target_type": "multi-target",
      "expression": "there are three zebras standing in the prairie.",
      "true_count_class": 3,
      "pred_count_class": 3,
      "gt_candidate_indices": [
        0,
        1,
        2,
        3
      ],
      "pred_candidate_indices": [
        0,
        1,
        3
      ],
      "num_predictions": 3,
      "num_targets": 3,
      "precision": 0.6666666666666666,
      "recall": 0.6666666666666666,
      "f1": 0.6666666666666666,
      "exact": 0.0
    },
    {
      "sample_id": "0000003",
      "image_id": 154,
      "file_name": "COCO_train2014_000000000154.jpg",