{
  "feature_file": "cache/features/stage5/siglip2_detector_testA.pt",
  "checkpoint": "checkpoints/stage6/confirmation/flat_lambda1_seed1/selected.pt",
  "clip_model": "none",
  "feature_dim": 768,
  "candidate_feature_dim": 768,
  "text_feature_dim": 768,
  "representation": {
    "name": "siglip2",
    "model_ids": {
      "siglip2": "google/siglip2-base-patch16-224"
    },
    "candidate_feature_dim": 768,
    "text_feature_dim": 768,
    "component_normalization": {
      "siglip2_image": "l2",
      "siglip2_text": "l2"
    },
    "fusion": "none",
    "similarity_source": "normalized SigLIP 2 image/text embeddings",
    "encoder_parameters": {
      "siglip2": {
        "total": 375187970,
        "trainable": 0
      }
    }
  },
  "device": "cuda",
  "batch_size": 128,
  "selection_policy": "cardinality-threshold",
  "pre_nms_threshold": null,
  "membership_threshold": 0.9,
  "count_logit_bias": [
    5.5,
    0.0,
    0.0,
    10.0
  ],
  "config": {
    "match_threshold": 0.5,
    "overlap_metric": "giou",
    "prediction_score_threshold": null,
    "image_f1_threshold": 1.0
  },
  "official": {
    "F1_score": 0.45067708333333334,
    "T_acc": 0.9378389370932755,
    "N_acc": 0.6973920863309353
  },
  "diagnostics": {
    "num_samples": 19200,
    "mean_precision": 0.6209635416666648,
    "mean_recall": 0.6026022075436144,
    "mean_f1": 0.6056672976048149,
    "exact_set_accuracy": 0.45067708333333334,
    "cardinality_accuracy": 0.7561979166666667,
    "count_class_accuracy": 0.7982291666666667,
    "count_class_evaluated": 19200,
    "micro_precision": 0.5857066093498119,
    "micro_recall": 0.5157147685028726,
    "micro_f1": 0.5484868090000719,
    "total_tp": 15260,
    "total_fp": 10794,
    "total_fn": 14330,
    "no_target_total": 4448,
    "no_target_accuracy": 0.6973920863309353,
    "false_grounding_rate": 0.30260791366906475,
    "single_target_total": 5917,
    "single_target_localization_accuracy": 0.5901639344262295,
    "single_target_exact_accuracy": 0.5563630218015887,
    "multi_target_total": 8835,
    "multi_target_mean_f1": 0.5781337989827494,
    "multi_target_exact_accuracy": 0.2556876061120543
  },
  "by_target_type": {
    "no-target": {
      "num_samples": 4448,
      "mean_precision": 0.6973920863309353,
      "mean_recall": 0.6973920863309353,
      "mean_f1": 0.6973920863309353,
      "exact_set_accuracy": 0.6973920863309353,
      "cardinality_accuracy": 0.6973920863309353,
      "count_class_accuracy": 0.6973920863309353,
      "count_class_evaluated": 4448,
      "micro_precision": 0.0,
      "micro_recall": 0.0,
      "micro_f1": 0.0,
      "total_tp": 0,
      "total_fp": 1590,
      "total_fn": 0
    },
    "single-target": {
      "num_samples": 5917,
      "mean_precision": 0.5721931158807958,
      "mean_recall": 0.5901639344262295,
      "mean_f1": 0.5778266013182342,
      "exact_set_accuracy": 0.5563630218015887,
      "cardinality_accuracy": 0.8512759844515801,
      "count_class_accuracy": 0.8512759844515801,
      "count_class_evaluated": 5917,
      "micro_precision": 0.619698314108252,
      "micro_recall": 0.5901639344262295,
      "micro_f1": 0.6045706371191135,
      "total_tp": 3492,
      "total_fp": 2143,
      "total_fn": 2425
    },
    "multi-target": {
      "num_samples": 8835,
      "mean_precision": 0.6151480852669315,
      "mean_recall": 0.5632102303154911,
      "mean_f1": 0.5781337989827494,
      "exact_set_accuracy": 0.2556876061120543,
      "cardinality_accuracy": 0.7221279003961517,
      "count_class_accuracy": 0.8134691567628749,
      "count_class_evaluated": 8835,
      "micro_precision": 0.6249933613043709,
      "micro_recall": 0.4971064081442994,
      "micro_f1": 0.5537621758976048,
      "total_tp": 11768,
      "total_fp": 7061,
      "total_fn": 11905
    }
  },
  "by_count_group": {
    "0": {
      "num_samples": 4448,
      "mean_precision": 0.6973920863309353,
      "mean_recall": 0.6973920863309353,
      "mean_f1": 0.6973920863309353,
      "exact_set_accuracy": 0.6973920863309353,
      "cardinality_accuracy": 0.6973920863309353,
      "count_class_accuracy": 0.6973920863309353,
      "count_class_evaluated": 4448,
      "micro_precision": 0.0,
      "micro_recall": 0.0,
      "micro_f1": 0.0,
      "total_tp": 0,
      "total_fp": 1590,
      "total_fn": 0
    },
    "1": {
      "num_samples": 5917,
      "mean_precision": 0.5721931158807958,
      "mean_recall": 0.5901639344262295,
      "mean_f1": 0.5778266013182342,
      "exact_set_accuracy": 0.5563630218015887,
      "cardinality_accuracy": 0.8512759844515801,
      "count_class_accuracy": 0.8512759844515801,
      "count_class_evaluated": 5917,
      "micro_precision": 0.619698314108252,
      "micro_recall": 0.5901639344262295,
      "micro_f1": 0.6045706371191135,
      "total_tp": 3492,
      "total_fp": 2143,
      "total_fn": 2425
    },
    "2": {
      "num_samples": 5940,
      "mean_precision": 0.6404040404040405,
      "mean_recall": 0.6370370370370371,
      "mean_f1": 0.6353535353535369,
      "exact_set_accuracy": 0.34949494949494947,
      "cardinality_accuracy": 0.8944444444444445,
      "count_class_accuracy": 0.8944444444444445,
      "count_class_evaluated": 5940,
      "micro_precision": 0.648444863336475,
      "micro_recall": 0.6370370370370371,
      "micro_f1": 0.642690331620738,
      "total_tp": 7568,
      "total_fp": 4103,
      "total_fn": 4312
    },
    "3+": {
      "num_samples": 2895,
      "mean_precision": 0.5633275762809468,
      "mean_recall": 0.41173139372621176,
      "mean_f1": 0.46072957306134005,
      "exact_set_accuracy": 0.06321243523316063,
      "cardinality_accuracy": 0.368566493955095,
      "count_class_accuracy": 0.6473229706390328,
      "count_class_evaluated": 2895,
      "micro_precision": 0.586756077116513,
      "micro_recall": 0.35614347494276266,
      "micro_f1": 0.44324837739433276,
      "total_tp": 4200,
      "total_fp": 2958,
      "total_fn": 7593
    }
  },
  "examples": [
    {
      "sample_id": "0000000",
      "image_id": 839,
      "file_name": "COCO_train2014_000000000839.jpg",
      "target_type": "multi-target",
      "expression": "blue shirt and a frisbee",
      "true_count_class": 2,
      "pred_count_class": 2,
      "gt_candidate_indices": [
        0,
        1
      ],
      "pred_candidate_indices": [
        0,
        2
      ],
      "num_predictions": 2,
      "num_targets": 2,
      "precision": 0.5,
      "recall": 0.5,
      "f1": 0.5,
      "exact": 0.0
    },
    {
      "sample_id": "0000001",
      "image_id": 839,
      "file_name": "COCO_train2014_000000000839.jpg",
      "target_type": "multi-target",
      "expression": "blue shirt and frisbee",
      "true_count_class": 2,
      "pred_count_class": 2,
      "gt_candidate_indices": [
        0,
        1
      ],
      "pred_candidate_indices": [
        0,
        2
      ],
      "num_predictions": 2,
      "num_targets": 2,
      "precision": 0.5,
      "recall": 0.5,
      "f1": 0.5,
      "exact": 0.0
    },
    {
      "sample_id": "0000002",
      "image_id": 839,
      "file_name": "COCO_train2014_000000000839.jpg",
      "target_type": "multi-target",
      "expression": "blue shirt and white shirt",
      "true_count_class": 2,
      "pred_count_class": 2,
      "gt_candidate_indices": [
        0,
        2
      ],
      "pred_candidate_indices": [
        0,
        2
      ],
      "num_predictions": 2,
      "num_targets": 2,
      "precision": 1.0,
      "recall": 1.0,
      "f1": 1.0,
      "exact": 1.0
    },
    {
      "sample_id": "0000003",
      "image_id": 839,
      "file_name": "COCO_train2014_000000000839.jpg",
      "target_type": "multi-target",
      "expression": "blue cshirt and falling",
      "true_count_class": 2,
      "pred_count_class": 2,
      "gt_candidate_indices": [
        0,
        2
      ],
      "pred_candidate_indices": [
        0,
        2
      ],
      "num_predictions": 2,