{
  "feature_file": "cache/features/stage5/siglip2_detector_testB.pt",
  "checkpoint": "checkpoints/stage5_5/siglip2_10pct_seed1_hierarchical/selected.pt",
  "clip_model": "none",
  "feature_dim": 768,
  "candidate_feature_dim": 768,
  "text_feature_dim": 768,
  "representation": {
    "name": "siglip2",
    "model_ids": {
      "siglip2": "google/siglip2-base-patch16-224"
    },
    "candidate_feature_dim": 768,
    "text_feature_dim": 768,
    "component_normalization": {
      "siglip2_image": "l2",
      "siglip2_text": "l2"
    },
    "fusion": "none",
    "similarity_source": "normalized SigLIP 2 image/text embeddings",
    "encoder_parameters": {
      "siglip2": {
        "total": 375187970,
        "trainable": 0
      }
    }
  },
  "device": "cuda",
  "batch_size": 128,
  "selection_policy": "cardinality-threshold",
  "membership_threshold": 0.7,
  "count_logit_bias": [
    1.0,
    0.0,
    0.0,
    0.0
  ],
  "config": {
    "match_threshold": 0.5,
    "overlap_metric": "giou",
    "prediction_score_threshold": null,
    "image_f1_threshold": 1.0
  },
  "official": {
    "F1_score": 0.3945091203386665,
    "T_acc": 0.9503950834064969,
    "N_acc": 0.6000427990584207
  },
  "diagnostics": {
    "num_samples": 16063,
    "mean_precision": 0.5315529659836468,
    "mean_recall": 0.5075579765161401,
    "mean_f1": 0.5111373526602878,
    "exact_set_accuracy": 0.3945091203386665,
    "cardinality_accuracy": 0.7308099358774824,
    "count_class_accuracy": 0.7530349249828799,
    "count_class_evaluated": 16063,
    "micro_precision": 0.47322871591679266,
    "micro_recall": 0.4256306855481572,
    "micro_f1": 0.44816945219344806,
    "total_tp": 9077,
    "total_fp": 10104,
    "total_fn": 12249,
    "no_target_total": 4673,
    "no_target_accuracy": 0.6000427990584207,
    "false_grounding_rate": 0.39995720094157927,
    "single_target_total": 5646,
    "single_target_localization_accuracy": 0.46068012752391074,
    "single_target_exact_accuracy": 0.4351753453772582,
    "multi_target_total": 5744,
    "multi_target_mean_f1": 0.4969938421162157,
    "multi_target_exact_accuracy": 0.1873259052924791
  },
  "by_target_type": {
    "no-target": {
      "num_samples": 4673,
      "mean_precision": 0.6000427990584207,
      "mean_recall": 0.6000427990584207,
      "mean_f1": 0.6000427990584207,
      "exact_set_accuracy": 0.6000427990584207,
      "cardinality_accuracy": 0.6000427990584207,
      "count_class_accuracy": 0.6000427990584207,
      "count_class_evaluated": 4673,
      "micro_precision": 0.0,
      "micro_recall": 0.0,
      "micro_f1": 0.0,
      "total_tp": 0,
      "total_fp": 2009,
      "total_fn": 0
    },
    "single-target": {
      "num_samples": 5646,
      "mean_precision": 0.4476915810603377,
      "mean_recall": 0.46068012752391074,
      "mean_f1": 0.4519423780847801,
      "exact_set_accuracy": 0.4351753453772582,
      "cardinality_accuracy": 0.8568898335104499,
      "count_class_accuracy": 0.8568898335104499,
      "count_class_evaluated": 5646,
      "micro_precision": 0.4725654069767442,
      "micro_recall": 0.46068012752391074,
      "micro_f1": 0.4665470852017937,
      "total_tp": 2601,
      "total_fp": 2903,
      "total_fn": 3045
    },
    "multi-target": {
      "num_samples": 5744,
      "mean_precision": 0.5582640365474636,
      "mean_recall": 0.4783955043138543,
      "mean_f1": 0.4969938421162157,
      "exact_set_accuracy": 0.1873259052924791,
      "cardinality_accuracy": 0.713266016713092,
      "count_class_accuracy": 0.7754178272980501,
      "count_class_evaluated": 5744,
      "micro_precision": 0.555022283167638,
      "micro_recall": 0.41301020408163264,
      "micro_f1": 0.47359953195846133,
      "total_tp": 6476,
      "total_fp": 5192,
      "total_fn": 9204
    }
  },
  "by_count_group": {
    "0": {
      "num_samples": 4673,
      "mean_precision": 0.6000427990584207,
      "mean_recall": 0.6000427990584207,
      "mean_f1": 0.6000427990584207,
      "exact_set_accuracy": 0.6000427990584207,
      "cardinality_accuracy": 0.6000427990584207,
      "count_class_accuracy": 0.6000427990584207,
      "count_class_evaluated": 4673,
      "micro_precision": 0.0,
      "micro_recall": 0.0,
      "micro_f1": 0.0,
      "total_tp": 0,
      "total_fp": 2009,
      "total_fn": 0
    },
    "1": {
      "num_samples": 5646,
      "mean_precision": 0.4476915810603377,
      "mean_recall": 0.46068012752391074,
      "mean_f1": 0.4519423780847801,
      "exact_set_accuracy": 0.4351753453772582,
      "cardinality_accuracy": 0.8568898335104499,
      "count_class_accuracy": 0.8568898335104499,
      "count_class_evaluated": 5646,
      "micro_precision": 0.4725654069767442,
      "micro_recall": 0.46068012752391074,
      "micro_f1": 0.4665470852017937,
      "total_tp": 2601,
      "total_fp": 2903,
      "total_fn": 3045
    },
    "2": {
      "num_samples": 3957,
      "mean_precision": 0.5528262151461546,
      "mean_recall": 0.5419509729593126,
      "mean_f1": 0.54488609697101,
      "exact_set_accuracy": 0.2560020217336366,
      "cardinality_accuracy": 0.9474349254485721,
      "count_class_accuracy": 0.9471822087439979,
      "count_class_evaluated": 3957,
      "micro_precision": 0.5554260554260554,
      "micro_recall": 0.5419509729593126,
      "micro_f1": 0.548605781529803,
      "total_tp": 4289,
      "total_fp": 3433,
      "total_fn": 3625
    },
    "3+": {
      "num_samples": 1787,
      "mean_precision": 0.5703051441495783,
      "mean_recall": 0.33766299763781654,
      "mean_f1": 0.3909447920544122,
      "exact_set_accuracy": 0.035254616675993285,
      "cardinality_accuracy": 0.19473978735310576,
      "count_class_accuracy": 0.39507554560716285,
      "count_class_evaluated": 1787,
      "micro_precision": 0.5542321338063863,
      "micro_recall": 0.2816121555498326,
      "micro_f1": 0.3734631147540984,
      "total_tp": 2187,
      "total_fp": 1759,
      "total_fn": 5579
    }
  },
  "examples": [
    {
      "sample_id": "0000000",
      "image_id": 154,
      "file_name": "COCO_train2014_000000000154.jpg",
      "target_type": "multi-target",
      "expression": "three zebras standing on the savannah.",
      "true_count_class": 3,
      "pred_count_class": 3,
      "gt_candidate_indices": [
        0,
        1,
        2,
        3
      ],
      "pred_candidate_indices": [
        0,
        1,
        3
      ],
      "num_predictions": 3,
      "num_targets": 3,
      "precision": 0.6666666666666666,
      "recall": 0.6666666666666666,
      "f1": 0.6666666666666666,
      "exact": 0.0
    },
    {
      "sample_id": "0000001",
      "image_id": 154,
      "file_name": "COCO_train2014_000000000154.jpg",
      "target_type": "multi-target",
      "expression": "a trio of zebras positioned on the grassland.",
      "true_count_class": 3,
      "pred_count_class": 3,
      "gt_candidate_indices": [
        0,
        1,
        2,
        3
      ],
      "pred_candidate_indices": [
        0,
        1,
        3
      ],
      "num_predictions": 3,
      "num_targets": 3,
      "precision": 0.6666666666666666,
      "recall": 0.6666666666666666,
      "f1": 0.6666666666666666,
      "exact": 0.0
    },
    {
      "sample_id": "0000002",
      "image_id": 154,
      "file_name": "COCO_train2014_000000000154.jpg",
      "target_type": "multi-target",
      "expression": "there are three zebras standing in the prairie.",
      "true_count_class": 3,
      "pred_count_class": 3,
      "gt_candidate_indices": [
        0,
        1,
        2,
        3
      ],
      "pred_candidate_indices": [
        0,
        1,
        3
      ],
      "num_predictions": 3,
      "num_targets": 3,
      "precision": 0.6666666666666666,
      "recall": 0.6666666666666666,
      "f1": 0.6666666666666666,
      "exact": 0.0
    },
    {
      "sample_id": "0000003",
      "image_id": 154,
      "file_name": "COCO_train2014_000000000154.jpg",
      "target_type": "multi-target",