{
  "feature_file": "cache/features/stage5/clip_detector_testB.pt",
  "checkpoint": "checkpoints/stage5/clip_10pct_seed2/last.pt",
  "clip_model": "ViT-B/32",
  "feature_dim": 512,
  "candidate_feature_dim": 512,
  "text_feature_dim": 512,
  "representation": {
    "name": "clip",
    "model_ids": {
      "clip": "ViT-B/32"
    },
    "candidate_feature_dim": 512,
    "text_feature_dim": 512,
    "component_normalization": {
      "clip_image": "l2",
      "clip_text": "l2"
    },
    "fusion": "none",
    "encoder_parameters": {
      "clip": {
        "total": 151277313,
        "trainable": 0
      }
    }
  },
  "device": "cuda",
  "batch_size": 64,
  "selection_policy": "cardinality-threshold",
  "membership_threshold": 0.5,
  "config": {
    "match_threshold": 0.5,
    "overlap_metric": "giou",
    "prediction_score_threshold": null,
    "image_f1_threshold": 1.0
  },
  "official": {
    "F1_score": 0.2943410321857685,
    "T_acc": 0.940737489025461,
    "N_acc": 0.48170340252514443
  },
  "diagnostics": {
    "num_samples": 16063,
    "mean_precision": 0.42557944052985636,
    "mean_recall": 0.407425089937696,
    "mean_f1": 0.40868847397113245,
    "exact_set_accuracy": 0.2943410321857685,
    "cardinality_accuracy": 0.6638859490755151,
    "count_class_accuracy": 0.6923986801967253,
    "count_class_evaluated": 16063,
    "micro_precision": 0.37727611014636564,
    "micro_recall": 0.3565600675232111,
    "micro_f1": 0.3666256840481184,
    "total_tp": 7604,
    "total_fp": 12551,
    "total_fn": 13722,
    "no_target_total": 4673,
    "no_target_accuracy": 0.48170340252514443,
    "false_grounding_rate": 0.5182965974748556,
    "single_target_total": 5646,
    "single_target_localization_accuracy": 0.3257173219978746,
    "single_target_exact_accuracy": 0.2961388593694651,
    "multi_target_total": 5744,
    "multi_target_mean_f1": 0.44056342108837176,
    "multi_target_exact_accuracy": 0.14014623955431754
  },
  "by_target_type": {
    "no-target": {
      "num_samples": 4673,
      "mean_precision": 0.48170340252514443,
      "mean_recall": 0.48170340252514443,
      "mean_f1": 0.48170340252514443,
      "exact_set_accuracy": 0.48170340252514443,
      "cardinality_accuracy": 0.48170340252514443,
      "count_class_accuracy": 0.48170340252514443,
      "count_class_evaluated": 4673,
      "micro_precision": 0.0,
      "micro_recall": 0.0,
      "micro_f1": 0.0,
      "total_tp": 0,
      "total_fp": 2617,
      "total_fn": 0
    },
    "single-target": {
      "num_samples": 5646,
      "mean_precision": 0.310898571259889,
      "mean_recall": 0.3257173219978746,
      "mean_f1": 0.31582831503129105,
      "exact_set_accuracy": 0.2961388593694651,
      "cardinality_accuracy": 0.8181013106624159,
      "count_class_accuracy": 0.8181013106624159,
      "count_class_evaluated": 5646,
      "micro_precision": 0.33170995670995673,
      "micro_recall": 0.3257173219978746,
      "micro_f1": 0.328686327077748,
      "total_tp": 1839,
      "total_fp": 3705,
      "total_fn": 3807
    },
    "multi-target": {
      "num_samples": 5744,
      "mean_precision": 0.4926443627955698,
      "mean_recall": 0.42731010091734345,
      "mean_f1": 0.44056342108837176,
      "exact_set_accuracy": 0.14014623955431754,
      "cardinality_accuracy": 0.6605153203342619,
      "count_class_accuracy": 0.7402506963788301,
      "count_class_evaluated": 5744,
      "micro_precision": 0.4806569951642488,
      "micro_recall": 0.3676658163265306,
      "micro_f1": 0.4166365541663655,
      "total_tp": 5765,
      "total_fp": 6229,
      "total_fn": 9915
    }
  },
  "by_count_group": {
    "0": {
      "num_samples": 4673,
      "mean_precision": 0.48170340252514443,
      "mean_recall": 0.48170340252514443,
      "mean_f1": 0.48170340252514443,
      "exact_set_accuracy": 0.48170340252514443,
      "cardinality_accuracy": 0.48170340252514443,
      "count_class_accuracy": 0.48170340252514443,
      "count_class_evaluated": 4673,
      "micro_precision": 0.0,
      "micro_recall": 0.0,
      "micro_f1": 0.0,
      "total_tp": 0,
      "total_fp": 2617,
      "total_fn": 0
    },
    "1": {
      "num_samples": 5646,
      "mean_precision": 0.310898571259889,
      "mean_recall": 0.3257173219978746,
      "mean_f1": 0.31582831503129105,
      "exact_set_accuracy": 0.2961388593694651,
      "cardinality_accuracy": 0.8181013106624159,
      "count_class_accuracy": 0.8181013106624159,
      "count_class_evaluated": 5646,
      "micro_precision": 0.33170995670995673,
      "micro_recall": 0.3257173219978746,
      "micro_f1": 0.328686327077748,
      "total_tp": 1839,
      "total_fp": 3705,
      "total_fn": 3807
    },
    "2": {
      "num_samples": 3957,
      "mean_precision": 0.5069033779799512,
      "mean_recall": 0.47877179681576953,
      "mean_f1": 0.4874652514531226,
      "exact_set_accuracy": 0.1892848117260551,
      "cardinality_accuracy": 0.8799595653272682,
      "count_class_accuracy": 0.879706848622694,
      "count_class_evaluated": 3957,
      "micro_precision": 0.5085223459938263,
      "micro_recall": 0.47877179681576953,
      "micro_f1": 0.4931988285063456,
      "total_tp": 3789,
      "total_fp": 3662,
      "total_fn": 4125
    },
    "3+": {
      "num_samples": 1787,
      "mean_precision": 0.4610702592227663,
      "mean_recall": 0.3133571458697369,
      "mean_f1": 0.33670749341443523,
      "exact_set_accuracy": 0.03133743704532736,
      "cardinality_accuracy": 0.17459429210968103,
      "count_class_accuracy": 0.43144935646334637,
      "count_class_evaluated": 1787,
      "micro_precision": 0.43495487563284174,
      "micro_recall": 0.2544424414112799,
      "micro_f1": 0.32106588674953285,
      "total_tp": 1976,
      "total_fp": 2567,
      "total_fn": 5790
    }
  },
  "examples": [
    {
      "sample_id": "0000000",
      "image_id": 154,
      "file_name": "COCO_train2014_000000000154.jpg",
      "target_type": "multi-target",
      "expression": "three zebras standing on the savannah.",
      "true_count_class": 3,
      "pred_count_class": 3,
      "gt_candidate_indices": [
        0,
        1,
        2,
        3
      ],
      "pred_candidate_indices": [
        0,
        1,
        3
      ],
      "num_predictions": 3,
      "num_targets": 3,
      "precision": 0.6666666666666666,
      "recall": 0.6666666666666666,
      "f1": 0.6666666666666666,
      "exact": 0.0
    },
    {
      "sample_id": "0000001",
      "image_id": 154,
      "file_name": "COCO_train2014_000000000154.jpg",
      "target_type": "multi-target",
      "expression": "a trio of zebras positioned on the grassland.",
      "true_count_class": 3,
      "pred_count_class": 3,
      "gt_candidate_indices": [
        0,
        1,
        2,
        3
      ],
      "pred_candidate_indices": [
        0,
        1,
        3
      ],
      "num_predictions": 3,
      "num_targets": 3,
      "precision": 0.6666666666666666,
      "recall": 0.6666666666666666,
      "f1": 0.6666666666666666,
      "exact": 0.0
    },
    {
      "sample_id": "0000002",
      "image_id": 154,
      "file_name": "COCO_train2014_000000000154.jpg",
      "target_type": "multi-target",
      "expression": "there are three zebras standing in the prairie.",
      "true_count_class": 3,
      "pred_count_class": 3,
      "gt_candidate_indices": [
        0,
        1,
        2,
        3
      ],
      "pred_candidate_indices": [
        0,
        1,
        3
      ],
      "num_predictions": 3,
      "num_targets": 3,
      "precision": 0.6666666666666666,
      "recall": 0.6666666666666666,
      "f1": 0.6666666666666666,
      "exact": 0.0
    },
    {
      "sample_id": "0000003",
      "image_id": 154,
      "file_name": "COCO_train2014_000000000154.jpg",
      "target_type": "multi-target",
      "expression": "three zebras, all stationary on the grassy plain.",
      "true_count_class": 3,
      "pred_count_class": 3,