{
  "feature_file": "cache/features/stage5/clip_detector_testB.pt",
  "checkpoint": "checkpoints/stage5/clip_10pct_seed2/best.pt",
  "clip_model": "ViT-B/32",
  "feature_dim": 512,
  "candidate_feature_dim": 512,
  "text_feature_dim": 512,
  "representation": {
    "name": "clip",
    "model_ids": {
      "clip": "ViT-B/32"
    },
    "candidate_feature_dim": 512,
    "text_feature_dim": 512,
    "component_normalization": {
      "clip_image": "l2",
      "clip_text": "l2"
    },
    "fusion": "none",
    "encoder_parameters": {
      "clip": {
        "total": 151277313,
        "trainable": 0
      }
    }
  },
  "device": "cuda",
  "batch_size": 64,
  "selection_policy": "cardinality-threshold",
  "membership_threshold": 0.5,
  "config": {
    "match_threshold": 0.5,
    "overlap_metric": "giou",
    "prediction_score_threshold": null,
    "image_f1_threshold": 1.0
  },
  "official": {
    "F1_score": 0.3085973977463737,
    "T_acc": 0.37963125548726956,
    "N_acc": 0.9524930451530066
  },
  "diagnostics": {
    "num_samples": 16063,
    "mean_precision": 0.37496109070534767,
    "mean_recall": 0.3726934570130114,
    "mean_f1": 0.3721892666672595,
    "exact_set_accuracy": 0.3085973977463737,
    "cardinality_accuracy": 0.46672477121334743,
    "count_class_accuracy": 0.46672477121334743,
    "count_class_evaluated": 16063,
    "micro_precision": 0.34813912272928665,
    "micro_recall": 0.14737878645784488,
    "micro_f1": 0.20708967516637017,
    "total_tp": 3143,
    "total_fp": 5885,
    "total_fn": 18183,
    "no_target_total": 4673,
    "no_target_accuracy": 0.9524930451530066,
    "false_grounding_rate": 0.04750695484699337,
    "single_target_total": 5646,
    "single_target_localization_accuracy": 0.026567481402763018,
    "single_target_exact_accuracy": 0.00017711654268508679,
    "multi_target_total": 5744,
    "multi_target_mean_f1": 0.24845801830481465,
    "multi_target_exact_accuracy": 0.08791782729805014
  },
  "by_target_type": {
    "no-target": {
      "num_samples": 4673,
      "mean_precision": 0.9524930451530066,
      "mean_recall": 0.9524930451530066,
      "mean_f1": 0.9524930451530066,
      "exact_set_accuracy": 0.9524930451530066,
      "cardinality_accuracy": 0.9524930451530066,
      "count_class_accuracy": 0.9524930451530066,
      "count_class_evaluated": 4673,
      "micro_precision": 0.0,
      "micro_recall": 0.0,
      "micro_f1": 0.0,
      "total_tp": 0,
      "total_fp": 412,
      "total_fn": 0
    },
    "single-target": {
      "num_samples": 5646,
      "mean_precision": 0.013372298972724052,
      "mean_recall": 0.026567481402763018,
      "mean_f1": 0.0177706931160704,
      "exact_set_accuracy": 0.00017711654268508679,
      "cardinality_accuracy": 0.004605030109812256,
      "count_class_accuracy": 0.004605030109812256,
      "count_class_evaluated": 5646,
      "micro_precision": 0.12908777969018934,
      "micro_recall": 0.026567481402763018,
      "micro_f1": 0.04406580493537015,
      "total_tp": 150,
      "total_fp": 1012,
      "total_fn": 5496
    },
    "multi-target": {
      "num_samples": 5744,
      "mean_precision": 0.2605327298050139,
      "mean_recall": 0.2412212743732593,
      "mean_f1": 0.24845801830481465,
      "exact_set_accuracy": 0.08791782729805014,
      "cardinality_accuracy": 0.525766016713092,
      "count_class_accuracy": 0.525766016713092,
      "count_class_evaluated": 5744,
      "micro_precision": 0.4015293801985511,
      "micro_recall": 0.19088010204081632,
      "micro_f1": 0.25875335004754907,
      "total_tp": 2993,
      "total_fp": 4461,
      "total_fn": 12687
    }
  },
  "by_count_group": {
    "0": {
      "num_samples": 4673,
      "mean_precision": 0.9524930451530066,
      "mean_recall": 0.9524930451530066,
      "mean_f1": 0.9524930451530066,
      "exact_set_accuracy": 0.9524930451530066,
      "cardinality_accuracy": 0.9524930451530066,
      "count_class_accuracy": 0.9524930451530066,
      "count_class_evaluated": 4673,
      "micro_precision": 0.0,
      "micro_recall": 0.0,
      "micro_f1": 0.0,
      "total_tp": 0,
      "total_fp": 412,
      "total_fn": 0
    },
    "1": {
      "num_samples": 5646,
      "mean_precision": 0.013372298972724052,
      "mean_recall": 0.026567481402763018,
      "mean_f1": 0.0177706931160704,
      "exact_set_accuracy": 0.00017711654268508679,
      "cardinality_accuracy": 0.004605030109812256,
      "count_class_accuracy": 0.004605030109812256,
      "count_class_evaluated": 5646,
      "micro_precision": 0.12908777969018934,
      "micro_recall": 0.026567481402763018,
      "micro_f1": 0.04406580493537015,
      "total_tp": 150,
      "total_fp": 1012,
      "total_fn": 5496
    },
    "2": {
      "num_samples": 3957,
      "mean_precision": 0.3033864038412939,
      "mean_recall": 0.3033864038412939,
      "mean_f1": 0.3033864038412939,
      "exact_set_accuracy": 0.12762193580995704,
      "cardinality_accuracy": 0.7632044478140005,
      "count_class_accuracy": 0.7632044478140005,
      "count_class_evaluated": 3957,
      "micro_precision": 0.3973849718636213,
      "micro_recall": 0.3033864038412939,
      "micro_f1": 0.34408139868157067,
      "total_tp": 2401,
      "total_fp": 3641,
      "total_fn": 5513
    },
    "3+": {
      "num_samples": 1787,
      "mean_precision": 0.16564073866815893,
      "mean_recall": 0.10356743144935639,
      "mean_f1": 0.12682868334799016,
      "exact_set_accuracy": 0.0,
      "cardinality_accuracy": 0.0,
      "count_class_accuracy": 0.0,
      "count_class_evaluated": 1787,
      "micro_precision": 0.4192634560906516,
      "micro_recall": 0.07622971928920938,
      "micro_f1": 0.1290041403355851,
      "total_tp": 592,
      "total_fp": 820,
      "total_fn": 7174
    }
  },
  "examples": [
    {
      "sample_id": "0000000",
      "image_id": 154,
      "file_name": "COCO_train2014_000000000154.jpg",
      "target_type": "multi-target",
      "expression": "three zebras standing on the savannah.",
      "true_count_class": 3,
      "pred_count_class": 2,
      "gt_candidate_indices": [
        0,
        1,
        2,
        3
      ],
      "pred_candidate_indices": [
        1,
        3
      ],
      "num_predictions": 2,
      "num_targets": 3,
      "precision": 0.5,
      "recall": 0.3333333333333333,
      "f1": 0.4,
      "exact": 0.0
    },
    {
      "sample_id": "0000001",
      "image_id": 154,
      "file_name": "COCO_train2014_000000000154.jpg",
      "target_type": "multi-target",
      "expression": "a trio of zebras positioned on the grassland.",
      "true_count_class": 3,
      "pred_count_class": 2,
      "gt_candidate_indices": [
        0,
        1,
        2,
        3
      ],
      "pred_candidate_indices": [
        1,
        3
      ],
      "num_predictions": 2,
      "num_targets": 3,
      "precision": 0.5,
      "recall": 0.3333333333333333,
      "f1": 0.4,
      "exact": 0.0
    },
    {
      "sample_id": "0000002",
      "image_id": 154,
      "file_name": "COCO_train2014_000000000154.jpg",
      "target_type": "multi-target",
      "expression": "there are three zebras standing in the prairie.",
      "true_count_class": 3,
      "pred_count_class": 0,
      "gt_candidate_indices": [
        0,
        1,
        2,
        3
      ],
      "pred_candidate_indices": [],
      "num_predictions": 0,
      "num_targets": 3,
      "precision": 0.0,
      "recall": 0.0,
      "f1": 0.0,
      "exact": 0.0
    },
    {
      "sample_id": "0000003",
      "image_id": 154,
      "file_name": "COCO_train2014_000000000154.jpg",
      "target_type": "multi-target",
      "expression": "three zebras, all stationary on the grassy plain.",
      "true_count_class": 3,
      "pred_count_class": 2,
      "gt_candidate_indices": [
        0,
        1,
        2,
        3
      ],
      "pred_candidate_indices": [
        1,
        3
      ],
      "num_predictions": 2,
      "num_targets": 3,
      "precision": 0.5,