{
  "feature_file": "cache/features/stage5/clip_detector_testA.pt",
  "checkpoint": "checkpoints/stage5/clip_10pct_seed2/last.pt",
  "clip_model": "ViT-B/32",
  "feature_dim": 512,
  "candidate_feature_dim": 512,
  "text_feature_dim": 512,
  "representation": {
    "name": "clip",
    "model_ids": {
      "clip": "ViT-B/32"
    },
    "candidate_feature_dim": 512,
    "text_feature_dim": 512,
    "component_normalization": {
      "clip_image": "l2",
      "clip_text": "l2"
    },
    "fusion": "none",
    "encoder_parameters": {
      "clip": {
        "total": 151277313,
        "trainable": 0
      }
    }
  },
  "device": "cuda",
  "batch_size": 64,
  "selection_policy": "cardinality-threshold",
  "membership_threshold": 0.5,
  "config": {
    "match_threshold": 0.5,
    "overlap_metric": "giou",
    "prediction_score_threshold": null,
    "image_f1_threshold": 1.0
  },
  "official": {
    "F1_score": 0.33151041666666664,
    "T_acc": 0.9595309110629068,
    "N_acc": 0.4892086330935252
  },
  "diagnostics": {
    "num_samples": 19200,
    "mean_precision": 0.5110408574353892,
    "mean_recall": 0.4733204185860428,
    "mean_f1": 0.48086202681011875,
    "exact_set_accuracy": 0.33151041666666664,
    "cardinality_accuracy": 0.6830729166666667,
    "count_class_accuracy": 0.70671875,
    "count_class_evaluated": 19200,
    "micro_precision": 0.49148878681437447,
    "micro_recall": 0.43031429537005744,
    "micro_f1": 0.45887165071985875,
    "total_tp": 12733,
    "total_fp": 13174,
    "total_fn": 16857,
    "no_target_total": 4448,
    "no_target_accuracy": 0.4892086330935252,
    "false_grounding_rate": 0.5107913669064749,
    "single_target_total": 5917,
    "single_target_localization_accuracy": 0.4233564306236268,
    "single_target_exact_accuracy": 0.39411864120331247,
    "multi_target_total": 8835,
    "multi_target_mean_f1": 0.5217488301929082,
    "multi_target_exact_accuracy": 0.2101867572156197
  },
  "by_target_type": {
    "no-target": {
      "num_samples": 4448,
      "mean_precision": 0.4892086330935252,
      "mean_recall": 0.4892086330935252,
      "mean_f1": 0.4892086330935252,
      "exact_set_accuracy": 0.4892086330935252,
      "cardinality_accuracy": 0.4892086330935252,
      "count_class_accuracy": 0.4892086330935252,
      "count_class_evaluated": 4448,
      "micro_precision": 0.0,
      "micro_recall": 0.0,
      "micro_f1": 0.0,
      "total_tp": 0,
      "total_fp": 2564,
      "total_fn": 0
    },
    "single-target": {
      "num_samples": 5917,
      "mean_precision": 0.4086671173455017,
      "mean_recall": 0.4233564306236268,
      "mean_f1": 0.4135372655061688,
      "exact_set_accuracy": 0.39411864120331247,
      "cardinality_accuracy": 0.8865979381443299,
      "count_class_accuracy": 0.8865979381443299,
      "count_class_evaluated": 5917,
      "micro_precision": 0.4291588144594826,
      "micro_recall": 0.4233564306236268,
      "micro_f1": 0.4262378764675855,
      "total_tp": 2505,
      "total_fp": 3332,
      "total_fn": 3412
    },
    "multi-target": {
      "num_samples": 8835,
      "mean_precision": 0.5905943553396864,
      "mean_recall": 0.4987834789872147,
      "mean_f1": 0.5217488301929082,
      "exact_set_accuracy": 0.2101867572156197,
      "cardinality_accuracy": 0.644368986983588,
      "count_class_accuracy": 0.6957555178268251,
      "count_class_evaluated": 8835,
      "micro_precision": 0.5842568262310065,
      "micro_recall": 0.4320533941621256,
      "micro_f1": 0.49675805629082787,
      "total_tp": 10228,
      "total_fp": 7278,
      "total_fn": 13445
    }
  },
  "by_count_group": {
    "0": {
      "num_samples": 4448,
      "mean_precision": 0.4892086330935252,
      "mean_recall": 0.4892086330935252,
      "mean_f1": 0.4892086330935252,
      "exact_set_accuracy": 0.4892086330935252,
      "cardinality_accuracy": 0.4892086330935252,
      "count_class_accuracy": 0.4892086330935252,
      "count_class_evaluated": 4448,
      "micro_precision": 0.0,
      "micro_recall": 0.0,
      "micro_f1": 0.0,
      "total_tp": 0,
      "total_fp": 2564,
      "total_fn": 0
    },
    "1": {
      "num_samples": 5917,
      "mean_precision": 0.4086671173455017,
      "mean_recall": 0.4233564306236268,
      "mean_f1": 0.4135372655061688,
      "exact_set_accuracy": 0.39411864120331247,
      "cardinality_accuracy": 0.8865979381443299,
      "count_class_accuracy": 0.8865979381443299,
      "count_class_evaluated": 5917,
      "micro_precision": 0.4291588144594826,
      "micro_recall": 0.4233564306236268,
      "micro_f1": 0.4262378764675855,
      "total_tp": 2505,
      "total_fp": 3332,
      "total_fn": 3412
    },
    "2": {
      "num_samples": 5940,
      "mean_precision": 0.6039436489436489,
      "mean_recall": 0.5728114478114478,
      "mean_f1": 0.5826973438084511,
      "exact_set_accuracy": 0.2942760942760943,
      "cardinality_accuracy": 0.8814814814814815,
      "count_class_accuracy": 0.8814814814814815,
      "count_class_evaluated": 5940,
      "micro_precision": 0.6102044476327116,
      "micro_recall": 0.5728114478114478,
      "micro_f1": 0.5909169850642584,
      "total_tp": 6805,
      "total_fp": 4347,
      "total_fn": 5075
    },
    "3+": {
      "num_samples": 2895,
      "mean_precision": 0.5632040948880336,
      "mean_recall": 0.34689189528567876,
      "mean_f1": 0.39669384888845804,
      "exact_set_accuracy": 0.03765112262521589,
      "cardinality_accuracy": 0.15785837651122625,
      "count_class_accuracy": 0.3146804835924007,
      "count_class_evaluated": 2895,
      "micro_precision": 0.5387157695939566,
      "micro_recall": 0.29025693207835157,
      "micro_f1": 0.3772524384195735,
      "total_tp": 3423,
      "total_fp": 2931,
      "total_fn": 8370
    }
  },
  "examples": [
    {
      "sample_id": "0000000",
      "image_id": 839,
      "file_name": "COCO_train2014_000000000839.jpg",
      "target_type": "multi-target",
      "expression": "blue shirt and a frisbee",
      "true_count_class": 2,
      "pred_count_class": 2,
      "gt_candidate_indices": [
        0,
        1
      ],
      "pred_candidate_indices": [
        0,
        2
      ],
      "num_predictions": 2,
      "num_targets": 2,
      "precision": 0.5,
      "recall": 0.5,
      "f1": 0.5,
      "exact": 0.0
    },
    {
      "sample_id": "0000001",
      "image_id": 839,
      "file_name": "COCO_train2014_000000000839.jpg",
      "target_type": "multi-target",
      "expression": "blue shirt and frisbee",
      "true_count_class": 2,
      "pred_count_class": 2,
      "gt_candidate_indices": [
        0,
        1
      ],
      "pred_candidate_indices": [
        0,
        2
      ],
      "num_predictions": 2,
      "num_targets": 2,
      "precision": 0.5,
      "recall": 0.5,
      "f1": 0.5,
      "exact": 0.0
    },
    {
      "sample_id": "0000002",
      "image_id": 839,
      "file_name": "COCO_train2014_000000000839.jpg",
      "target_type": "multi-target",
      "expression": "blue shirt and white shirt",
      "true_count_class": 2,
      "pred_count_class": 2,
      "gt_candidate_indices": [
        0,
        2
      ],
      "pred_candidate_indices": [
        0,
        2
      ],
      "num_predictions": 2,
      "num_targets": 2,
      "precision": 1.0,
      "recall": 1.0,
      "f1": 1.0,
      "exact": 1.0
    },
    {
      "sample_id": "0000003",
      "image_id": 839,
      "file_name": "COCO_train2014_000000000839.jpg",
      "target_type": "multi-target",
      "expression": "blue cshirt and falling",
      "true_count_class": 2,
      "pred_count_class": 2,
      "gt_candidate_indices": [
        0,
        2
      ],
      "pred_candidate_indices": [
        0,
        2
      ],
      "num_predictions": 2,
      "num_targets": 2,
      "precision": 1.0,
      "recall": 1.0,
      "f1": 1.0,
      "exact": 1.0
    },
    {
      "sample_id": "0000004",
      "image_id": 839,
      "file_name": "COCO_train2014_000000000839.jpg",