{
  "feature_file": "cache/features/stage5/siglip2_detector_testB.pt",
  "checkpoint": "checkpoints/stage6/pilots/flat_lambda1/selected.pt",
  "clip_model": "none",
  "feature_dim": 768,
  "candidate_feature_dim": 768,
  "text_feature_dim": 768,
  "representation": {
    "name": "siglip2",
    "model_ids": {
      "siglip2": "google/siglip2-base-patch16-224"
    },
    "candidate_feature_dim": 768,
    "text_feature_dim": 768,
    "component_normalization": {
      "siglip2_image": "l2",
      "siglip2_text": "l2"
    },
    "fusion": "none",
    "similarity_source": "normalized SigLIP 2 image/text embeddings",
    "encoder_parameters": {
      "siglip2": {
        "total": 375187970,
        "trainable": 0
      }
    }
  },
  "device": "cuda",
  "batch_size": 128,
  "selection_policy": "cardinality-threshold",
  "pre_nms_threshold": null,
  "membership_threshold": 0.85,
  "count_logit_bias": [
    4.5,
    0.0,
    0.0,
    6.0
  ],
  "config": {
    "match_threshold": 0.5,
    "overlap_metric": "giou",
    "prediction_score_threshold": null,
    "image_f1_threshold": 1.0
  },
  "official": {
    "F1_score": 0.42040714685924174,
    "T_acc": 0.9223002633889377,
    "N_acc": 0.6835009629788145
  },
  "diagnostics": {
    "num_samples": 16063,
    "mean_precision": 0.5496897632239723,
    "mean_recall": 0.535741186466456,
    "mean_f1": 0.5372592898371924,
    "exact_set_accuracy": 0.42040714685924174,
    "cardinality_accuracy": 0.7453153209238623,
    "count_class_accuracy": 0.7804893232895475,
    "count_class_evaluated": 16063,
    "micro_precision": 0.48967877830437073,
    "micro_recall": 0.43604051392666227,
    "micro_f1": 0.46130568508780634,
    "total_tp": 9299,
    "total_fp": 9691,
    "total_fn": 12027,
    "no_target_total": 4673,
    "no_target_accuracy": 0.6835009629788145,
    "false_grounding_rate": 0.31649903702118554,
    "single_target_total": 5646,
    "single_target_localization_accuracy": 0.4576691462982643,
    "single_target_exact_accuracy": 0.4256110520722636,
    "multi_target_total": 5744,
    "multi_target_mean_f1": 0.5080947027602377,
    "multi_target_exact_accuracy": 0.2012534818941504
  },
  "by_target_type": {
    "no-target": {
      "num_samples": 4673,
      "mean_precision": 0.6835009629788145,
      "mean_recall": 0.6835009629788145,
      "mean_f1": 0.6835009629788145,
      "exact_set_accuracy": 0.6835009629788145,
      "cardinality_accuracy": 0.6835009629788145,
      "count_class_accuracy": 0.6835009629788145,
      "count_class_evaluated": 4673,
      "micro_precision": 0.0,
      "micro_recall": 0.0,
      "micro_f1": 0.0,
      "total_tp": 0,
      "total_fp": 1641,
      "total_fn": 0
    },
    "single-target": {
      "num_samples": 5646,
      "mean_precision": 0.4405478805053726,
      "mean_recall": 0.4576691462982643,
      "mean_f1": 0.44589089620970607,
      "exact_set_accuracy": 0.4256110520722636,
      "cardinality_accuracy": 0.8088912504427913,
      "count_class_accuracy": 0.8088912504427913,
      "count_class_evaluated": 5646,
      "micro_precision": 0.4828101644245142,
      "micro_recall": 0.4576691462982643,
      "micro_f1": 0.46990361883978904,
      "total_tp": 2584,
      "total_fp": 2768,
      "total_fn": 3062
    },
    "multi-target": {
      "num_samples": 5744,
      "mean_precision": 0.5481081708449392,
      "mean_recall": 0.4922720540060368,
      "mean_f1": 0.5080947027602377,
      "exact_set_accuracy": 0.2012534818941504,
      "cardinality_accuracy": 0.7331128133704735,
      "count_class_accuracy": 0.8314763231197771,
      "count_class_evaluated": 5744,
      "micro_precision": 0.5597232641493707,
      "micro_recall": 0.42825255102040816,
      "micro_f1": 0.4852404523611663,
      "total_tp": 6715,
      "total_fp": 5282,
      "total_fn": 8965
    }
  },
  "by_count_group": {
    "0": {
      "num_samples": 4673,
      "mean_precision": 0.6835009629788145,
      "mean_recall": 0.6835009629788145,
      "mean_f1": 0.6835009629788145,
      "exact_set_accuracy": 0.6835009629788145,
      "cardinality_accuracy": 0.6835009629788145,
      "count_class_accuracy": 0.6835009629788145,
      "count_class_evaluated": 4673,
      "micro_precision": 0.0,
      "micro_recall": 0.0,
      "micro_f1": 0.0,
      "total_tp": 0,
      "total_fp": 1641,
      "total_fn": 0
    },
    "1": {
      "num_samples": 5646,
      "mean_precision": 0.4405478805053726,
      "mean_recall": 0.4576691462982643,
      "mean_f1": 0.44589089620970607,
      "exact_set_accuracy": 0.4256110520722636,
      "cardinality_accuracy": 0.8088912504427913,
      "count_class_accuracy": 0.8088912504427913,
      "count_class_evaluated": 5646,
      "micro_precision": 0.4828101644245142,
      "micro_recall": 0.4576691462982643,
      "micro_f1": 0.46990361883978904,
      "total_tp": 2584,
      "total_fp": 2768,
      "total_fn": 3062
    },
    "2": {
      "num_samples": 3957,
      "mean_precision": 0.5587145143627328,
      "mean_recall": 0.5509224159716958,
      "mean_f1": 0.5522281189453297,
      "exact_set_accuracy": 0.2709123073035128,
      "cardinality_accuracy": 0.9259540055597675,
      "count_class_accuracy": 0.9257012888551933,
      "count_class_evaluated": 3957,
      "micro_precision": 0.5652793984182549,
      "micro_recall": 0.5509224159716958,
      "micro_f1": 0.5580085749024125,
      "total_tp": 4360,
      "total_fp": 3353,
      "total_fn": 3554
    },
    "3+": {
      "num_samples": 1787,
      "mean_precision": 0.5246222719641849,
      "mean_recall": 0.36240105104123044,
      "mean_f1": 0.410368945712438,
      "exact_set_accuracy": 0.047006155567991044,
      "cardinality_accuracy": 0.3060996082820369,
      "count_class_accuracy": 0.6228315612758814,
      "count_class_evaluated": 1787,
      "micro_precision": 0.5497198879551821,
      "micro_recall": 0.30324491372650014,
      "micro_f1": 0.3908713692946058,
      "total_tp": 2355,
      "total_fp": 1929,
      "total_fn": 5411
    }
  },
  "examples": [
    {
      "sample_id": "0000000",
      "image_id": 154,
      "file_name": "COCO_train2014_000000000154.jpg",
      "target_type": "multi-target",
      "expression": "three zebras standing on the savannah.",
      "true_count_class": 3,
      "pred_count_class": 3,
      "gt_candidate_indices": [
        0,
        1,
        2,
        3
      ],
      "pred_candidate_indices": [
        0,
        1,
        3
      ],
      "num_predictions": 3,
      "num_targets": 3,
      "precision": 0.6666666666666666,
      "recall": 0.6666666666666666,
      "f1": 0.6666666666666666,
      "exact": 0.0
    },
    {
      "sample_id": "0000001",
      "image_id": 154,
      "file_name": "COCO_train2014_000000000154.jpg",
      "target_type": "multi-target",
      "expression": "a trio of zebras positioned on the grassland.",
      "true_count_class": 3,
      "pred_count_class": 3,
      "gt_candidate_indices": [
        0,
        1,
        2,
        3
      ],
      "pred_candidate_indices": [
        0,
        1,
        3
      ],
      "num_predictions": 3,
      "num_targets": 3,
      "precision": 0.6666666666666666,
      "recall": 0.6666666666666666,
      "f1": 0.6666666666666666,
      "exact": 0.0
    },
    {
      "sample_id": "0000002",
      "image_id": 154,
      "file_name": "COCO_train2014_000000000154.jpg",
      "target_type": "multi-target",
      "expression": "there are three zebras standing in the prairie.",
      "true_count_class": 3,
      "pred_count_class": 3,
      "gt_candidate_indices": [
        0,
        1,
        2,
        3
      ],
      "pred_candidate_indices": [
        0,
        1,
        3
      ],
      "num_predictions": 3,
      "num_targets": 3,
      "precision": 0.6666666666666666,
      "recall": 0.6666666666666666,
      "f1": 0.6666666666666666,
      "exact": 0.0
    },
    {
      "sample_id": "0000003",
      "image_id": 154,
      "file_name": "COCO_train2014_000000000154.jpg",