{
  "feature_file": "cache/features/stage5/siglip2_detector_testB.pt",
  "checkpoint": "checkpoints/stage5/siglip2_1pct_seed2/last.pt",
  "clip_model": "none",
  "feature_dim": 768,
  "candidate_feature_dim": 768,
  "text_feature_dim": 768,
  "representation": {
    "name": "siglip2",
    "model_ids": {
      "siglip2": "google/siglip2-base-patch16-224"
    },
    "candidate_feature_dim": 768,
    "text_feature_dim": 768,
    "component_normalization": {
      "siglip2_image": "l2",
      "siglip2_text": "l2"
    },
    "fusion": "none",
    "similarity_source": "normalized SigLIP 2 image/text embeddings",
    "encoder_parameters": {
      "siglip2": {
        "total": 375187970,
        "trainable": 0
      }
    }
  },
  "device": "cuda",
  "batch_size": 64,
  "selection_policy": "cardinality-threshold",
  "membership_threshold": 0.5,
  "config": {
    "match_threshold": 0.5,
    "overlap_metric": "giou",
    "prediction_score_threshold": null,
    "image_f1_threshold": 1.0
  },
  "official": {
    "F1_score": 0.20786901575048247,
    "T_acc": 0.9251097453906936,
    "N_acc": 0.3289107639631928
  },
  "diagnostics": {
    "num_samples": 16063,
    "mean_precision": 0.3236630766357467,
    "mean_recall": 0.30218548718361876,
    "mean_f1": 0.30463974659330617,
    "exact_set_accuracy": 0.20786901575048247,
    "cardinality_accuracy": 0.5810869700554069,
    "count_class_accuracy": 0.5810869700554069,
    "count_class_evaluated": 16063,
    "micro_precision": 0.2979579207920792,
    "micro_recall": 0.27093688455406545,
    "micro_f1": 0.28380568790215627,
    "total_tp": 5778,
    "total_fp": 13614,
    "total_fn": 15548,
    "no_target_total": 4673,
    "no_target_accuracy": 0.3289107639631928,
    "false_grounding_rate": 0.6710892360368071,
    "single_target_total": 5646,
    "single_target_localization_accuracy": 0.23698193411264612,
    "single_target_exact_accuracy": 0.19234856535600425,
    "multi_target_total": 5744,
    "multi_target_mean_f1": 0.3660216311852814,
    "multi_target_exact_accuracy": 0.12465181058495822
  },
  "by_target_type": {
    "no-target": {
      "num_samples": 4673,
      "mean_precision": 0.3289107639631928,
      "mean_recall": 0.3289107639631928,
      "mean_f1": 0.3289107639631928,
      "exact_set_accuracy": 0.3289107639631928,
      "cardinality_accuracy": 0.3289107639631928,
      "count_class_accuracy": 0.3289107639631928,
      "count_class_evaluated": 4673,
      "micro_precision": 0.0,
      "micro_recall": 0.0,
      "micro_f1": 0.0,
      "total_tp": 0,
      "total_fp": 3459,
      "total_fn": 0
    },
    "single-target": {
      "num_samples": 5646,
      "mean_precision": 0.2146652497343252,
      "mean_recall": 0.23698193411264612,
      "mean_f1": 0.22210414452709898,
      "exact_set_accuracy": 0.19234856535600425,
      "cardinality_accuracy": 0.7213956783563585,
      "count_class_accuracy": 0.7213956783563585,
      "count_class_evaluated": 5646,
      "micro_precision": 0.23727611278595495,
      "micro_recall": 0.23698193411264612,
      "micro_f1": 0.23712893221089942,
      "total_tp": 1338,
      "total_fp": 4301,
      "total_fn": 4308
    },
    "multi-target": {
      "num_samples": 5744,
      "mean_precision": 0.42653203342618384,
      "mean_recall": 0.34453438033260386,
      "mean_f1": 0.3660216311852814,
      "exact_set_accuracy": 0.12465181058495822,
      "cardinality_accuracy": 0.6483286908077994,
      "count_class_accuracy": 0.6483286908077994,
      "count_class_evaluated": 5744,
      "micro_precision": 0.43131921507674376,
      "micro_recall": 0.28316326530612246,
      "micro_f1": 0.3418803418803419,
      "total_tp": 4440,
      "total_fp": 5854,
      "total_fn": 11240
    }
  },
  "by_count_group": {
    "0": {
      "num_samples": 4673,
      "mean_precision": 0.3289107639631928,
      "mean_recall": 0.3289107639631928,
      "mean_f1": 0.3289107639631928,
      "exact_set_accuracy": 0.3289107639631928,
      "cardinality_accuracy": 0.3289107639631928,
      "count_class_accuracy": 0.3289107639631928,
      "count_class_evaluated": 4673,
      "micro_precision": 0.0,
      "micro_recall": 0.0,
      "micro_f1": 0.0,
      "total_tp": 0,
      "total_fp": 3459,
      "total_fn": 0
    },
    "1": {
      "num_samples": 5646,
      "mean_precision": 0.2146652497343252,
      "mean_recall": 0.23698193411264612,
      "mean_f1": 0.22210414452709898,
      "exact_set_accuracy": 0.19234856535600425,
      "cardinality_accuracy": 0.7213956783563585,
      "count_class_accuracy": 0.7213956783563585,
      "count_class_evaluated": 5646,
      "micro_precision": 0.23727611278595495,
      "micro_recall": 0.23698193411264612,
      "micro_f1": 0.23712893221089942,
      "total_tp": 1338,
      "total_fp": 4301,
      "total_fn": 4308
    },
    "2": {
      "num_samples": 3957,
      "mean_precision": 0.4306292645943897,
      "mean_recall": 0.41748799595653274,
      "mean_f1": 0.421868418835819,
      "exact_set_accuracy": 0.1809451604751074,
      "cardinality_accuracy": 0.9411170078342178,
      "count_class_accuracy": 0.9411170078342178,
      "count_class_evaluated": 3957,
      "micro_precision": 0.43048859934853423,
      "micro_recall": 0.41748799595653274,
      "micro_f1": 0.42388863942523575,
      "total_tp": 3304,
      "total_fp": 4371,
      "total_fn": 4610
    },
    "3+": {
      "num_samples": 1787,
      "mean_precision": 0.4174594292109681,
      "mean_recall": 0.18299131540597646,
      "mean_f1": 0.24235865483766897,
      "exact_set_accuracy": 0.0,
      "cardinality_accuracy": 0.0,
      "count_class_accuracy": 0.0,
      "count_class_evaluated": 1787,
      "micro_precision": 0.4337533409698358,
      "micro_recall": 0.1462786505279423,
      "micro_f1": 0.21877708233028406,
      "total_tp": 1136,
      "total_fp": 1483,
      "total_fn": 6630
    }
  },
  "examples": [
    {
      "sample_id": "0000000",
      "image_id": 154,
      "file_name": "COCO_train2014_000000000154.jpg",
      "target_type": "multi-target",
      "expression": "three zebras standing on the savannah.",
      "true_count_class": 3,
      "pred_count_class": 2,
      "gt_candidate_indices": [
        0,
        1,
        2,
        3
      ],
      "pred_candidate_indices": [
        1,
        3
      ],
      "num_predictions": 2,
      "num_targets": 3,
      "precision": 0.5,
      "recall": 0.3333333333333333,
      "f1": 0.4,
      "exact": 0.0
    },
    {
      "sample_id": "0000001",
      "image_id": 154,
      "file_name": "COCO_train2014_000000000154.jpg",
      "target_type": "multi-target",
      "expression": "a trio of zebras positioned on the grassland.",
      "true_count_class": 3,
      "pred_count_class": 2,
      "gt_candidate_indices": [
        0,
        1,
        2,
        3
      ],
      "pred_candidate_indices": [
        1,
        3
      ],
      "num_predictions": 2,
      "num_targets": 3,
      "precision": 0.5,
      "recall": 0.3333333333333333,
      "f1": 0.4,
      "exact": 0.0
    },
    {
      "sample_id": "0000002",
      "image_id": 154,
      "file_name": "COCO_train2014_000000000154.jpg",
      "target_type": "multi-target",
      "expression": "there are three zebras standing in the prairie.",
      "true_count_class": 3,
      "pred_count_class": 2,
      "gt_candidate_indices": [
        0,
        1,
        2,
        3
      ],
      "pred_candidate_indices": [
        1,
        3
      ],
      "num_predictions": 2,
      "num_targets": 3,
      "precision": 0.5,
      "recall": 0.3333333333333333,
      "f1": 0.4,
      "exact": 0.0
    },
    {
      "sample_id": "0000003",
      "image_id": 154,
      "file_name": "COCO_train2014_000000000154.jpg",
      "target_type": "multi-target",
      "expression": "three zebras, all stationary on the grassy plain.",
      "true_count_class": 3,
      "pred_count_class": 2,
      "gt_candidate_indices": [
        0,
        1,
        2,
        3
      ],