{
  "feature_file": "cache/features/stage5/siglip2_detector_testB.pt",
  "checkpoint": "checkpoints/stage5/siglip2_1pct_seed2/best.pt",
  "clip_model": "none",
  "feature_dim": 768,
  "candidate_feature_dim": 768,
  "text_feature_dim": 768,
  "representation": {
    "name": "siglip2",
    "model_ids": {
      "siglip2": "google/siglip2-base-patch16-224"
    },
    "candidate_feature_dim": 768,
    "text_feature_dim": 768,
    "component_normalization": {
      "siglip2_image": "l2",
      "siglip2_text": "l2"
    },
    "fusion": "none",
    "similarity_source": "normalized SigLIP 2 image/text embeddings",
    "encoder_parameters": {
      "siglip2": {
        "total": 375187970,
        "trainable": 0
      }
    }
  },
  "device": "cuda",
  "batch_size": 64,
  "selection_policy": "cardinality-threshold",
  "membership_threshold": 0.5,
  "config": {
    "match_threshold": 0.5,
    "overlap_metric": "giou",
    "prediction_score_threshold": null,
    "image_f1_threshold": 1.0
  },
  "official": {
    "F1_score": 0.3063562223744008,
    "T_acc": 0.381387181738367,
    "N_acc": 0.9520650545687995
  },
  "diagnostics": {
    "num_samples": 16063,
    "mean_precision": 0.37191060200460685,
    "mean_recall": 0.37434788022162735,
    "mean_f1": 0.3714582166054501,
    "exact_set_accuracy": 0.3063562223744008,
    "cardinality_accuracy": 0.47643653115856316,
    "count_class_accuracy": 0.47643653115856316,
    "count_class_evaluated": 16063,
    "micro_precision": 0.33384413309982486,
    "micro_recall": 0.14301791240739004,
    "micro_f1": 0.20024949116932572,
    "total_tp": 3050,
    "total_fp": 6086,
    "total_fn": 18276,
    "no_target_total": 4673,
    "no_target_accuracy": 0.9520650545687995,
    "false_grounding_rate": 0.04793494543120051,
    "single_target_total": 5646,
    "single_target_localization_accuracy": 0.03896563939071909,
    "single_target_exact_accuracy": 0.0,
    "multi_target_total": 5744,
    "multi_target_mean_f1": 0.2386954503249766,
    "multi_target_exact_accuracy": 0.08217270194986072
  },
  "by_target_type": {
    "no-target": {
      "num_samples": 4673,
      "mean_precision": 0.9520650545687995,
      "mean_recall": 0.9520650545687995,
      "mean_f1": 0.9520650545687995,
      "exact_set_accuracy": 0.9520650545687995,
      "cardinality_accuracy": 0.9520650545687995,
      "count_class_accuracy": 0.9520650545687995,
      "count_class_evaluated": 4673,
      "micro_precision": 0.0,
      "micro_recall": 0.0,
      "micro_f1": 0.0,
      "total_tp": 0,
      "total_fp": 448,
      "total_fn": 0
    },
    "single-target": {
      "num_samples": 5646,
      "mean_precision": 0.019482819695359546,
      "mean_recall": 0.03896563939071909,
      "mean_f1": 0.025977092927146075,
      "exact_set_accuracy": 0.0,
      "cardinality_accuracy": 0.0,
      "count_class_accuracy": 0.0,
      "count_class_evaluated": 5646,
      "micro_precision": 0.16417910447761194,
      "micro_recall": 0.03896563939071909,
      "micro_f1": 0.06298310907529345,
      "total_tp": 220,
      "total_fp": 1120,
      "total_fn": 5426
    },
    "multi-target": {
      "num_samples": 5744,
      "mean_precision": 0.24634401114206128,
      "mean_recall": 0.23400940111420618,
      "mean_f1": 0.2386954503249766,
      "exact_set_accuracy": 0.08217270194986072,
      "cardinality_accuracy": 0.557799442896936,
      "count_class_accuracy": 0.557799442896936,
      "count_class_evaluated": 5744,
      "micro_precision": 0.38513881328252586,
      "micro_recall": 0.18048469387755103,
      "micro_f1": 0.24578773666840367,
      "total_tp": 2830,
      "total_fp": 4518,
      "total_fn": 12850
    }
  },
  "by_count_group": {
    "0": {
      "num_samples": 4673,
      "mean_precision": 0.9520650545687995,
      "mean_recall": 0.9520650545687995,
      "mean_f1": 0.9520650545687995,
      "exact_set_accuracy": 0.9520650545687995,
      "cardinality_accuracy": 0.9520650545687995,
      "count_class_accuracy": 0.9520650545687995,
      "count_class_evaluated": 4673,
      "micro_precision": 0.0,
      "micro_recall": 0.0,
      "micro_f1": 0.0,
      "total_tp": 0,
      "total_fp": 448,
      "total_fn": 0
    },
    "1": {
      "num_samples": 5646,
      "mean_precision": 0.019482819695359546,
      "mean_recall": 0.03896563939071909,
      "mean_f1": 0.025977092927146075,
      "exact_set_accuracy": 0.0,
      "cardinality_accuracy": 0.0,
      "count_class_accuracy": 0.0,
      "count_class_evaluated": 5646,
      "micro_precision": 0.16417910447761194,
      "micro_recall": 0.03896563939071909,
      "micro_f1": 0.06298310907529345,
      "total_tp": 220,
      "total_fp": 1120,
      "total_fn": 5426
    },
    "2": {
      "num_samples": 3957,
      "mean_precision": 0.3090725296942128,
      "mean_recall": 0.3090725296942128,
      "mean_f1": 0.3090725296942128,
      "exact_set_accuracy": 0.11928228455900936,
      "cardinality_accuracy": 0.8097043214556482,
      "count_class_accuracy": 0.8097043214556482,
      "count_class_evaluated": 3957,
      "micro_precision": 0.3817103620474407,
      "micro_recall": 0.3090725296942128,
      "micro_f1": 0.3415724060885351,
      "total_tp": 2446,
      "total_fp": 3962,
      "total_fn": 5468
    },
    "3+": {
      "num_samples": 1787,
      "mean_precision": 0.10744264129826525,
      "mean_recall": 0.06779518746502514,
      "mean_f1": 0.08285767580675263,
      "exact_set_accuracy": 0.0,
      "cardinality_accuracy": 0.0,
      "count_class_accuracy": 0.0,
      "count_class_evaluated": 1787,
      "micro_precision": 0.4085106382978723,
      "micro_recall": 0.04944630440381149,
      "micro_f1": 0.08821502412129566,
      "total_tp": 384,
      "total_fp": 556,
      "total_fn": 7382
    }
  },
  "examples": [
    {
      "sample_id": "0000000",
      "image_id": 154,
      "file_name": "COCO_train2014_000000000154.jpg",
      "target_type": "multi-target",
      "expression": "three zebras standing on the savannah.",
      "true_count_class": 3,
      "pred_count_class": 2,
      "gt_candidate_indices": [
        0,
        1,
        2,
        3
      ],
      "pred_candidate_indices": [
        0,
        1
      ],
      "num_predictions": 2,
      "num_targets": 3,
      "precision": 1.0,
      "recall": 0.6666666666666666,
      "f1": 0.8,
      "exact": 0.0
    },
    {
      "sample_id": "0000001",
      "image_id": 154,
      "file_name": "COCO_train2014_000000000154.jpg",
      "target_type": "multi-target",
      "expression": "a trio of zebras positioned on the grassland.",
      "true_count_class": 3,
      "pred_count_class": 2,
      "gt_candidate_indices": [
        0,
        1,
        2,
        3
      ],
      "pred_candidate_indices": [
        0,
        1
      ],
      "num_predictions": 2,
      "num_targets": 3,
      "precision": 1.0,
      "recall": 0.6666666666666666,
      "f1": 0.8,
      "exact": 0.0
    },
    {
      "sample_id": "0000002",
      "image_id": 154,
      "file_name": "COCO_train2014_000000000154.jpg",
      "target_type": "multi-target",
      "expression": "there are three zebras standing in the prairie.",
      "true_count_class": 3,
      "pred_count_class": 2,
      "gt_candidate_indices": [
        0,
        1,
        2,
        3
      ],
      "pred_candidate_indices": [
        0,
        1
      ],
      "num_predictions": 2,
      "num_targets": 3,
      "precision": 1.0,
      "recall": 0.6666666666666666,
      "f1": 0.8,
      "exact": 0.0
    },
    {
      "sample_id": "0000003",
      "image_id": 154,
      "file_name": "COCO_train2014_000000000154.jpg",
      "target_type": "multi-target",
      "expression": "three zebras, all stationary on the grassy plain.",
      "true_count_class": 3,
      "pred_count_class": 2,
      "gt_candidate_indices": [
        0,
        1,
        2,
        3
      ],
      "pred_candidate_indices": [
        0,
        1
      ],
      "num_predictions": 2,
      "num_targets": 3,