{
  "feature_file": "cache/features/stage5/siglip2_detector_testA.pt",
  "checkpoint": "checkpoints/stage5/siglip2_1pct_seed2/last.pt",
  "clip_model": "none",
  "feature_dim": 768,
  "candidate_feature_dim": 768,
  "text_feature_dim": 768,
  "representation": {
    "name": "siglip2",
    "model_ids": {
      "siglip2": "google/siglip2-base-patch16-224"
    },
    "candidate_feature_dim": 768,
    "text_feature_dim": 768,
    "component_normalization": {
      "siglip2_image": "l2",
      "siglip2_text": "l2"
    },
    "fusion": "none",
    "similarity_source": "normalized SigLIP 2 image/text embeddings",
    "encoder_parameters": {
      "siglip2": {
        "total": 375187970,
        "trainable": 0
      }
    }
  },
  "device": "cuda",
  "batch_size": 64,
  "selection_policy": "cardinality-threshold",
  "membership_threshold": 0.5,
  "config": {
    "match_threshold": 0.5,
    "overlap_metric": "giou",
    "prediction_score_threshold": null,
    "image_f1_threshold": 1.0
  },
  "official": {
    "F1_score": 0.26598958333333333,
    "T_acc": 0.9742407809110629,
    "N_acc": 0.3066546762589928
  },
  "diagnostics": {
    "num_samples": 19200,
    "mean_precision": 0.4526822916666667,
    "mean_recall": 0.4057588094775568,
    "mean_f1": 0.41598931016899954,
    "exact_set_accuracy": 0.26598958333333333,
    "cardinality_accuracy": 0.6249479166666667,
    "count_class_accuracy": 0.6249479166666667,
    "count_class_evaluated": 19200,
    "micro_precision": 0.4589356632247816,
    "micro_recall": 0.390537343697195,
    "micro_f1": 0.42198283731970054,
    "total_tp": 11556,
    "total_fp": 13624,
    "total_fn": 18034,
    "no_target_total": 4448,
    "no_target_accuracy": 0.3066546762589928,
    "false_grounding_rate": 0.6933453237410072,
    "single_target_total": 5917,
    "single_target_localization_accuracy": 0.39293560926145005,
    "single_target_exact_accuracy": 0.3511914821700186,
    "multi_target_total": 8835,
    "multi_target_mean_f1": 0.49579265292338864,
    "multi_target_exact_accuracy": 0.18845500848896435
  },
  "by_target_type": {
    "no-target": {
      "num_samples": 4448,
      "mean_precision": 0.3066546762589928,
      "mean_recall": 0.3066546762589928,
      "mean_f1": 0.3066546762589928,
      "exact_set_accuracy": 0.3066546762589928,
      "cardinality_accuracy": 0.3066546762589928,
      "count_class_accuracy": 0.3066546762589928,
      "count_class_evaluated": 4448,
      "micro_precision": 0.0,
      "micro_recall": 0.0,
      "micro_f1": 0.0,
      "total_tp": 0,
      "total_fp": 3401,
      "total_fn": 0
    },
    "single-target": {
      "num_samples": 5917,
      "mean_precision": 0.3720635457157343,
      "mean_recall": 0.39293560926145005,
      "mean_f1": 0.3790209002309734,
      "exact_set_accuracy": 0.3511914821700186,
      "cardinality_accuracy": 0.8786547236775393,
      "count_class_accuracy": 0.8786547236775393,
      "count_class_evaluated": 5917,
      "micro_precision": 0.38334707337180546,
      "micro_recall": 0.39293560926145005,
      "micro_f1": 0.38808212318477714,
      "total_tp": 2325,
      "total_fp": 3740,
      "total_fn": 3592
    },
    "multi-target": {
      "num_samples": 8835,
      "mean_precision": 0.5801924165251839,
      "mean_recall": 0.4642409894701929,
      "mean_f1": 0.49579265292338864,
      "exact_set_accuracy": 0.18845500848896435,
      "cardinality_accuracy": 0.6152801358234296,
      "count_class_accuracy": 0.6152801358234296,
      "count_class_evaluated": 8835,
      "micro_precision": 0.5874379534173348,
      "micro_recall": 0.3899379039411988,
      "micro_f1": 0.4687333384111509,
      "total_tp": 9231,
      "total_fp": 6483,
      "total_fn": 14442
    }
  },
  "by_count_group": {
    "0": {
      "num_samples": 4448,
      "mean_precision": 0.3066546762589928,
      "mean_recall": 0.3066546762589928,
      "mean_f1": 0.3066546762589928,
      "exact_set_accuracy": 0.3066546762589928,
      "cardinality_accuracy": 0.3066546762589928,
      "count_class_accuracy": 0.3066546762589928,
      "count_class_evaluated": 4448,
      "micro_precision": 0.0,
      "micro_recall": 0.0,
      "micro_f1": 0.0,
      "total_tp": 0,
      "total_fp": 3401,
      "total_fn": 0
    },
    "1": {
      "num_samples": 5917,
      "mean_precision": 0.3720635457157343,
      "mean_recall": 0.39293560926145005,
      "mean_f1": 0.3790209002309734,
      "exact_set_accuracy": 0.3511914821700186,
      "cardinality_accuracy": 0.8786547236775393,
      "count_class_accuracy": 0.8786547236775393,
      "count_class_evaluated": 5917,
      "micro_precision": 0.38334707337180546,
      "micro_recall": 0.39293560926145005,
      "micro_f1": 0.38808212318477714,
      "total_tp": 2325,
      "total_fp": 3740,
      "total_fn": 3592
    },
    "2": {
      "num_samples": 5940,
      "mean_precision": 0.5896464646464646,
      "mean_recall": 0.563047138047138,
      "mean_f1": 0.571913580246911,
      "exact_set_accuracy": 0.2803030303030303,
      "cardinality_accuracy": 0.9151515151515152,
      "count_class_accuracy": 0.9151515151515152,
      "count_class_evaluated": 5940,
      "micro_precision": 0.5887685943138808,
      "micro_recall": 0.563047138047138,
      "micro_f1": 0.5756206703670238,
      "total_tp": 6689,
      "total_fp": 4672,
      "total_fn": 5191
    },
    "3+": {
      "num_samples": 2895,
      "mean_precision": 0.5607944732297064,
      "mean_recall": 0.26150920275272704,
      "mean_f1": 0.33960670877768756,
      "exact_set_accuracy": 0.0,
      "cardinality_accuracy": 0.0,
      "count_class_accuracy": 0.0,
      "count_class_evaluated": 2895,
      "micro_precision": 0.583965081552952,
      "micro_recall": 0.21555159840583396,
      "micro_f1": 0.31487674965935836,
      "total_tp": 2542,
      "total_fp": 1811,
      "total_fn": 9251
    }
  },
  "examples": [
    {
      "sample_id": "0000000",
      "image_id": 839,
      "file_name": "COCO_train2014_000000000839.jpg",
      "target_type": "multi-target",
      "expression": "blue shirt and a frisbee",
      "true_count_class": 2,
      "pred_count_class": 2,
      "gt_candidate_indices": [
        0,
        1
      ],
      "pred_candidate_indices": [
        0,
        2
      ],
      "num_predictions": 2,
      "num_targets": 2,
      "precision": 0.5,
      "recall": 0.5,
      "f1": 0.5,
      "exact": 0.0
    },
    {
      "sample_id": "0000001",
      "image_id": 839,
      "file_name": "COCO_train2014_000000000839.jpg",
      "target_type": "multi-target",
      "expression": "blue shirt and frisbee",
      "true_count_class": 2,
      "pred_count_class": 2,
      "gt_candidate_indices": [
        0,
        1
      ],
      "pred_candidate_indices": [
        0,
        2
      ],
      "num_predictions": 2,
      "num_targets": 2,
      "precision": 0.5,
      "recall": 0.5,
      "f1": 0.5,
      "exact": 0.0
    },
    {
      "sample_id": "0000002",
      "image_id": 839,
      "file_name": "COCO_train2014_000000000839.jpg",
      "target_type": "multi-target",
      "expression": "blue shirt and white shirt",
      "true_count_class": 2,
      "pred_count_class": 2,
      "gt_candidate_indices": [
        0,
        2
      ],
      "pred_candidate_indices": [
        0,
        2
      ],
      "num_predictions": 2,
      "num_targets": 2,
      "precision": 1.0,
      "recall": 1.0,
      "f1": 1.0,
      "exact": 1.0
    },
    {
      "sample_id": "0000003",
      "image_id": 839,
      "file_name": "COCO_train2014_000000000839.jpg",
      "target_type": "multi-target",
      "expression": "blue cshirt and falling",
      "true_count_class": 2,
      "pred_count_class": 2,
      "gt_candidate_indices": [
        0,
        2
      ],
      "pred_candidate_indices": [
        0,
        2
      ],
      "num_predictions": 2,
      "num_targets": 2,
      "precision": 1.0,
      "recall": 1.0,
      "f1": 1.0,
      "exact": 1.0
    },
    {
      "sample_id": "0000004",